text,label_text,label,clean_text
قَالَ سَنَشُدُّ عَضُدَكَ بِأَخِيكَ وَنَجْعَلُ لَكُمَا سُلْطَانًا [SEP] سَنَشُدُّ عَضُدَكَ,High,2,قال سنشد عضدك باخيك ونجعل لكما سلطانا [SEP] سنشد عضدك
رَفِيعُ الدَّرَجَاتِ ذُو الْعَرْشِ يُلْقِي الرُّوحَ مِنْ أَمْرِهِ عَلَىٰ مَن يَشَاءُ مِنْ عِبَادِهِ لِيُنذِرَ يَوْمَ التَّلَاقِ [SEP] يُلْقِي الرُّوحَ مِنْ أَمْرِهِ,Medium,1,رفيع الدرجات ذو العرش يلقي الروح من امره علا من يشاء من عباده لينذر يوم التلاق [SEP] يلقي الروح من امره
أُولَٰئِكَ عَلَىٰ هُدًى مِّن رَّبِّهِمْ ۖ وَأُولَٰئِكَ هُمُ الْمُفْلِحُونَ [SEP] أُولَٰئِكَ عَلَىٰ هُدًى,Medium,1,اولائك علا هدا من ربهم ۖ واولائك هم المفلحون [SEP] اولائك علا هدا
بَلْ نَقْذِفُ بِٱلْحَقِّ عَلَى ٱلْبَٰطِلِ فَيَدْمَغُهُۥ فَإِذَا هُوَ زَاهِقٌ [SEP] بَلْ نَقْذِفُ بِالْحَقِّ عَلَى الْبَاطِلِ فَيَدْمَغُهُ فَإِذَا هُوَ زَاهِقٌ,High,2,بل نقذف بالحق علا الباطل فيدمغهۥ فاذا هو زاهق [SEP] بل نقذف بالحق علا الباطل فيدمغه فاذا هو زاهق
وَنَزَعْنَا مَا فِى صُدُورِهِم مِّنْ غِلٍّ تَجْرِى مِن تَحْتِهِمُ ٱلْأَنْهَٰرُ ۖ وَقَالُوا۟ ٱلْحَمْدُ لِلَّهِ ٱلَّذِى هَدَىٰنَا لِهَٰذَا وَمَا كُنَّا لِنَهْتَدِىَ لَوْلَآ أَنْ هَدَىٰنَا ٱللَّهُ ۖ لَقَدْ جَآءَتْ رُسُلُ رَبِّنَا بِٱلْحَقِّ ۖ وَنُودُوٓا۟ أَن تِلْكُمُ ٱلْجَنَّةُ أُورِثْتُمُوهَا بِمَا كُنتُمْ تَعْمَلُونَ [SEP] وَنَزَعْنَا مَا فِى صُدُورِهِم مِّنْ غِلٍّ,Medium,1,ونزعنا ما فا صدورهم من غل تجرا من تحتهم الانهار ۖ وقالوا۟ الحمد لله الذا هدانا لهاذا وما كنا لنهتدا لولآ ان هدانا الله ۖ لقد جآءت رسل ربنا بالحق ۖ ونودوٓا۟ ان تلكم الجنة اورثتموها بما كنتم تعملون [SEP] ونزعنا ما فا صدورهم من غل
وَتَرَى الشَّمْسَ إِذَا طَلَعَت تَّزَاوَرُ عَن كَهْفِهِمْ ذَاتَ الْيَمِينِ وَإِذَا غَرَبَت تَّقْرِضُهُمْ ذَاتَ الشِّمَالِ وَهُمْ فِي فَجْوَةٍ مِّنْهُ ۚ ذَٰلِكَ مِنْ آيَاتِ اللَّهِ ۗ مَن يَهْدِ اللَّهُ فَهُوَ الْمُهْتَدِ ۖ وَمَن يُضْلِلْ فَلَن تَجِدَ لَهُ وَلِيًّا مُّرْشِدًا [SEP] تَزَاوَرُ عَن كَهْفِهِمْ ... تَقْرِضُهُمْ ذَاتَ الشِّمَالِ,Medium,1,وترا الشمس اذا طلعت تزاور عن كهفهم ذات اليمين واذا غربت تقرضهم ذات الشمال وهم في فجوة منه ۚ ذالك من ايات الله ۗ من يهد الله فهو المهتد ۖ ومن يضلل فلن تجد له وليا مرشدا [SEP] تزاور عن كهفهم ... تقرضهم ذات الشمال
قُلْ يَٰٓأَهْلَ ٱلْكِتَٰبِ لِمَ تَصُدُّونَ عَن سَبِيلِ ٱللَّهِ مَنْ ءَامَنَ تَبْغُونَهَا عِوَجًا وَأَنتُمْ شُهَدَآءُ ۗ وَمَا ٱللَّهُ بِغَٰفِلٍ عَمَّا تَعْمَلُونَ [SEP] تَصُدُّونَ عَن سَبِيلِ ٱللَّهِ... تَبْغُونَهَا عِوَجًا,Medium,1,قل يآاهل الكتاب لم تصدون عن سبيل الله من ءامن تبغونها عوجا وانتم شهدآء ۗ وما الله بغافل عما تعملون [SEP] تصدون عن سبيل الله... تبغونها عوجا
وَلَقَدْ أَخَذَ ٱللَّهُ مِيثَٰقَ بَنِىٓ إِسْرَٰٓءِيلَ وَبَعَثْنَا مِنْهُمُ ٱثْنَىْ عَشَرَ نَقِيبًا ۖ وَقَالَ ٱللَّهُ إِنِّى مَعَكُمْ ۖ لَئِنْ أَقَمْتُمُ ٱلصَّلَوٰةَ وَءَاتَيْتُمُ ٱلزَّكَوٰةَ وَءَامَنتُم بِرُسُلِى وَعَزَّرْتُمُوهُمْ وَأَقْرَضْتُمُ ٱللَّهَ قَرْضًا حَسَنًا لَّأُكَفِّرَنَّ عَنكُمْ سَيِّـَٔاتِكُمْ وَلَأُدْخِلَنَّكُمْ جَنَّٰتٍ تَجْرِى مِن تَحْتِهَا ٱلْأَنْهَٰرُ ۚ فَمَن كَفَرَ بَعْدَ ذَٰلِكَ مِنكُمْ فَقَدْ ضَلَّ سَوَآءَ ٱلسَّبِيلِ [SEP] وَأَقْرَضْتُمُ ٱللَّهَ قَرْضًا حَسَنًا,Low,0,ولقد اخذ الله ميثاق بنآ اسرآءيل وبعثنا منهم اثنا عشر نقيبا ۖ وقال الله انا معكم ۖ لئن اقمتم الصلواة وءاتيتم الزكواة وءامنتم برسلا وعزرتموهم واقرضتم الله قرضا حسنا لاكفرن عنكم سيـٔاتكم ولادخلنكم جنات تجرا من تحتها الانهار ۚ فمن كفر بعد ذالك منكم فقد ضل سوآء السبيل [SEP] واقرضتم الله قرضا حسنا
فَبِمَا رَحْمَةٍ مِّنَ ٱللَّهِ لِنتَ لَهُمْ ۖ وَلَوْ كُنتَ فَظًّا غَلِيظَ ٱلْقَلْبِ لَٱنفَضُّوا۟ مِنْ حَوْلِكَ ۖ فَٱعْفُ عَنْهُمْ وَٱسْتَغْفِرْ لَهُمْ وَشَاوِرْهُمْ فِى ٱلْأَمْرِ ۖ فَإِذَا عَزَمْتَ فَتَوَكَّلْ عَلَى ٱللَّهِ ۚ إِنَّ ٱللَّهَ يُحِبُّ ٱلْمُتَوَكِّلِينَ [SEP] وَلَوْ كُنتَ فَظًّا غَلِيظَ ٱلْقَلْبِ,Medium,1,فبما رحمة من الله لنت لهم ۖ ولو كنت فظا غليظ القلب لانفضوا۟ من حولك ۖ فاعف عنهم واستغفر لهم وشاورهم فا الامر ۖ فاذا عزمت فتوكل علا الله ۚ ان الله يحب المتوكلين [SEP] ولو كنت فظا غليظ القلب
وَلِسُلَيۡمَٰنَ ٱلرِّيحَ عَاصِفَةٗ تَجۡرِي بِأَمۡرِهِۦٓ إِلَى ٱلۡأَرۡضِ ٱلَّتِي بَٰرَكۡنَا فِيهَاۚ وَكُنَّا بِكُلِّ شَيۡءٍ عَٰلِمِينَ [SEP] تَجْرِي بِأَمْرِهِ,Medium,1,ولسليۡمان الريح عاصفةٗ تجۡري بامۡرهۦٓ الا الۡارۡض التي باركۡنا فيهاۚ وكنا بكل شيۡء عالمين [SEP] تجري بامره
وَمَنْ أَعْرَضَ عَن ذِكْرِي فَإِنَّ لَهُ مَعِيشَةً ضَنكًا وَنَحْشُرُهُ يَوْمَ الْقِيَامَةِ أَعْمَىٰ [SEP] وَنَحْشُرُهُ يَوْمَ الْقِيَامَةِ أَعْمَىٰ,Medium,1,ومن اعرض عن ذكري فان له معيشة ضنكا ونحشره يوم القيامة اعما [SEP] ونحشره يوم القيامة اعما
قَالُوا تَقَاسَمُوا بِاللَّهِ لَنُبَيِّتَنَّهُ وَأَهْلَهُ ثُمَّ لَنَقُولَنَّ لِوَلِيِّهِ مَا شَهِدْنَا مَهْلِكَ أَهْلِهِ وَإِنَّا لَصَادِقُونَ [SEP] مَا شَهِدْنَا مَهْلِكَ أَهْلِهِ,Medium,1,قالوا تقاسموا بالله لنبيتنه واهله ثم لنقولن لوليه ما شهدنا مهلك اهله وانا لصادقون [SEP] ما شهدنا مهلك اهله
وَٱكْتُبْ لَنَا فِى هَٰذِهِ ٱلدُّنْيَا حَسَنَةً وَفِى ٱلْءَاخِرَةِ إِنَّا هُدْنَآ إِلَيْكَ ۚ قَالَ عَذَابِىٓ أُصِيبُ بِهِۦ مَنْ أَشَآءُ ۖ وَرَحْمَتِى وَسِعَتْ كُلَّ شَىْءٍ ۚ فَسَأَكْتُبُهَا لِلَّذِينَ يَتَّقُونَ وَيُؤْتُونَ ٱلزَّكَوٰةَ وَٱلَّذِينَ هُم بِـَٔايَٰتِنَا يُؤْمِنُونَ [SEP] وَٱكْتُبْ لَنَا... فَسَأَكْتُبُهَا,Medium,1,واكتب لنا فا هاذه الدنيا حسنة وفا الءاخرة انا هدنآ اليك ۚ قال عذابآ اصيب بهۦ من اشآء ۖ ورحمتا وسعت كل شاء ۚ فساكتبها للذين يتقون ويؤتون الزكواة والذين هم بـٔاياتنا يؤمنون [SEP] واكتب لنا... فساكتبها
وَٱذْكُرُوٓا۟ إِذْ جَعَلَكُمْ خُلَفَآءَ مِنۢ بَعْدِ عَادٍ وَبَوَّأَكُمْ فِى ٱلْأَرْضِ تَتَّخِذُونَ مِن سُهُولِهَا قُصُورًا وَتَنْحِتُونَ ٱلْجِبَالَ بُيُوتًا ۖ فَٱذْكُرُوٓا۟ ءَالَآءَ ٱللَّهِ وَلَا تَعْثَوْا۟ فِى ٱلْأَرْضِ مُفْسِدِينَ [SEP] وَتَنْحِتُونَ ٱلْجِبَالَ بُيُوتًا,Medium,1,واذكروٓا۟ اذ جعلكم خلفآء منۢ بعد عاد وبواكم فا الارض تتخذون من سهولها قصورا وتنحتون الجبال بيوتا ۖ فاذكروٓا۟ ءالآء الله ولا تعثوا۟ فا الارض مفسدين [SEP] وتنحتون الجبال بيوتا
يُولِجُ ٱلَّيْلَ فِى ٱلنَّهَارِ وَيُولِجُ ٱلنَّهَارَ فِى ٱلَّيْلِ وَسَخَّرَ ٱلشَّمْسَ وَٱلْقَمَرَ كُلٌّ يَجْرِى لِأَجَلٍ مُّسَمًّى ۚ ذَٰلِكُمُ ٱللَّهُ رَبُّكُمْ لَهُ ٱلْمُلْكُ ۚ وَٱلَّذِينَ تَدْعُونَ مِن دُونِهِۦ مَا يَمْلِكُونَ مِن قِطْمِيرٍ [SEP] يُولِجُ اللَّيْلَ فِي النَّهَارِ وَيُولِجُ النَّهَارَ فِي اللَّيْلِ,Medium,1,يولج اليل فا النهار ويولج النهار فا اليل وسخر الشمس والقمر كل يجرا لاجل مسما ۚ ذالكم الله ربكم له الملك ۚ والذين تدعون من دونهۦ ما يملكون من قطمير [SEP] يولج الليل في النهار ويولج النهار في الليل
قُلْ آمِنُوا بِهِ أَوْ لَا تُؤْمِنُوا ۚ إِنَّ الَّذِينَ أُوتُوا الْعِلْمَ مِن قَبْلِهِ إِذَا يُتْلَىٰ عَلَيْهِمْ يَخِرُّونَ لِلْأَذْقَانِ سُجَّدًا [SEP] يَخِرُّونَ لِلْأَذْقَانِ سُجَّدًا,High,2,قل امنوا به او لا تؤمنوا ۚ ان الذين اوتوا العلم من قبله اذا يتلا عليهم يخرون للاذقان سجدا [SEP] يخرون للاذقان سجدا
وَأَخْذِهِمُ ٱلرِّبَوٰا۟ وَقَدْ نُهُوا۟ عَنْهُ وَأَكْلِهِمْ أَمْوَٰلَ ٱلنَّاسِ بِٱلْبَٰطِلِ ۚ وَأَعْتَدْنَا لِلْكَٰفِرِينَ مِنْهُمْ عَذَابًا أَلِيمًا [SEP] وَأَكْلِهِمْ أَمْوَٰلَ ٱلنَّاسِ بِٱلْبَٰطِلِ,Medium,1,واخذهم الربواا۟ وقد نهوا۟ عنه واكلهم اموال الناس بالباطل ۚ واعتدنا للكافرين منهم عذابا اليما [SEP] واكلهم اموال الناس بالباطل
يَوْمَئِذٍ تُحَدِّثُ أَخْبَارَهَا [SEP] يَوْمَئِذٍ تُحَدِّثُ أَخْبَارَهَا,Medium,1,يومئذ تحدث اخبارها [SEP] يومئذ تحدث اخبارها
أُوْلَٰئِكَ يُسَارِعُونَ فِي الْخَيْرَاتِ وَهُمْ لَهَا سَابِقُونَ [SEP] يُسَارِعُونَ فِي الْخَيْرَاتِ,Medium,1,اولائك يسارعون في الخيرات وهم لها سابقون [SEP] يسارعون في الخيرات
إِن تَمْسَسْكُمْ حَسَنَةٌ تَسُؤْهُمْ وَإِن تُصِبْكُمْ سَيِّئَةٌ يَفْرَحُوا۟ بِهَا...  [SEP] إِن تَمْسَسْكُمْ حَسَنَةٌ,Medium,1,ان تمسسكم حسنة تسؤهم وان تصبكم سيئة يفرحوا۟ بها...  [SEP] ان تمسسكم حسنة
نَاصِيَةٍ كَاذِبَةٍ خَاطِئَةٍ [SEP] نَاصِيَةٍ كَاذِبَةٍ خَاطِئَةٍ,Medium,1,ناصية كاذبة خاطئة [SEP] ناصية كاذبة خاطئة
ٱشْتَرَوْا۟ بِـَٔايَٰتِ ٱللَّهِ ثَمَنًا قَلِيلًا فَصَدُّوا۟ عَن سَبِيلِهِۦٓ ۚ إِنَّهُمْ سَآءَ مَا كَانُوا۟ يَعْمَلُونَ [SEP] اشْتَرَوْا بِآيَاتِ اللَّهِ ثَمَنًا قَلِيلًا,Medium,1,اشتروا۟ بـٔايات الله ثمنا قليلا فصدوا۟ عن سبيلهۦٓ ۚ انهم سآء ما كانوا۟ يعملون [SEP] اشتروا بايات الله ثمنا قليلا
وَدَّ ٱلَّذِينَ كَفَرُوا۟ لَوْ تَغْفُلُونَ عَنْ أَسْلِحَتِكُمْ وَأَمْتِعَتِكُمْ فَيَمِيلُونَ عَلَيْكُم مَّيْلَةً وَٰحِدَةً [SEP] فَيَمِيلُونَ عَلَيْكُم مَّيْلَةً وَٰحِدَةً,Medium,1,ود الذين كفروا۟ لو تغفلون عن اسلحتكم وامتعتكم فيميلون عليكم ميلة واحدة [SEP] فيميلون عليكم ميلة واحدة
أَشِحَّةً عَلَيْكُمْ ۖ فَإِذَا جَاءَ الْخَوْفُ رَأَيْتَهُمْ يَنظُرُونَ إِلَيْكَ تَدُورُ أَعْيُنُهُمْ كَالَّذِي يُغْشَىٰ عَلَيْهِ مِنَ الْمَوْتِ ۖ فَإِذَا ذَهَبَ الْخَوْفُ سَلَقُوكُم بِأَلْسِنَةٍ حِدَادٍ أَشِحَّةً عَلَى الْخَيْرِ ۚ أُولَٰئِكَ لَمْ يُؤْمِنُوا فَأَحْبَطَ اللَّهُ أَعْمَالَهُمْ ۚ وَكَانَ ذَٰلِكَ عَلَى اللَّهِ يَسِيرًا [SEP] سَلَقُوكُم بِأَلْسِنَةٍ حِدَادٍ,Medium,1,اشحة عليكم ۖ فاذا جاء الخوف رايتهم ينظرون اليك تدور اعينهم كالذي يغشا عليه من الموت ۖ فاذا ذهب الخوف سلقوكم بالسنة حداد اشحة علا الخير ۚ اولائك لم يؤمنوا فاحبط الله اعمالهم ۚ وكان ذالك علا الله يسيرا [SEP] سلقوكم بالسنة حداد
وَلِلَّهِ مَا فِى ٱلسَّمَٰوَٰتِ وَمَا فِى ٱلْأَرْضِ ۚ وَكَانَ ٱللَّهُ بِكُلِّ شَىْءٍ مُّحِيطًا [SEP] وَكَانَ ٱللَّهُ بِكُلِّ شَىْءٍ مُّحِيطًا,Medium,1,ولله ما فا السماوات وما فا الارض ۚ وكان الله بكل شاء محيطا [SEP] وكان الله بكل شاء محيطا
وَجَاءُوا عَلَىٰ قَمِيصِهِ بِدَمٍ كَذِبٍ ۚ قَالَ بَلْ سَوَّلَتْ لَكُمْ أَنفُسُكُمْ أَمْرًا ۖ فَصَبْرٌ جَمِيلٌ ۖ وَاللَّهُ الْمُسْتَعَانُ عَلَىٰ مَا تَصِفُونَ [SEP] بِدَمٍ كَذِبٍ,Medium,1,وجاءوا علا قميصه بدم كذب ۚ قال بل سولت لكم انفسكم امرا ۖ فصبر جميل ۖ والله المستعان علا ما تصفون [SEP] بدم كذب
يَٰٓأَيُّهَا ٱلَّذِينَ ءَامَنُوا۟ لَا تَأْكُلُوٓا۟ أَمْوَٰلَكُم بَيْنَكُم بِٱلْبَٰطِلِ إِلَّآ أَن تَكُونَ تِجَٰرَةً عَن تَرَاضٍ مِّنكُمْ ۚ وَلَا تَقْتُلُوٓا۟ أَنفُسَكُمْ ۚ إِنَّ ٱللَّهَ كَانَ بِكُمْ رَحِيمًا [SEP] لَا تَأْكُلُوٓا۟ أَمْوَٰلَكُم,Medium,1,يآايها الذين ءامنوا۟ لا تاكلوٓا۟ اموالكم بينكم بالباطل الآ ان تكون تجارة عن تراض منكم ۚ ولا تقتلوٓا۟ انفسكم ۚ ان الله كان بكم رحيما [SEP] لا تاكلوٓا۟ اموالكم
ثُمَّ بَعَثْنَا مِن بَعْدِهِ رُسُلًا إِلَىٰ قَوْمِهِمْ فَجَاءُوهُم بِالْبَيِّنَاتِ فَمَا كَانُوا لِيُؤْمِنُوا بِمَا كَذَّبُوا بِهِ مِن قَبْلُ ۚ كَذَٰلِكَ نَطْبَعُ عَلَىٰ قُلُوبِ الْمُعْتَدِينَ [SEP] نَطْبَعُ عَلَىٰ قُلُوبِ ٱلْمُعْتَدِينَ,Medium,1,ثم بعثنا من بعده رسلا الا قومهم فجاءوهم بالبينات فما كانوا ليؤمنوا بما كذبوا به من قبل ۚ كذالك نطبع علا قلوب المعتدين [SEP] نطبع علا قلوب المعتدين
وَجَدتُّهَا وَقَوْمَهَا يَسْجُدُونَ لِلشَّمْسِ مِن دُونِ ٱللَّهِ وَزَيَّنَ لَهُمُ ٱلشَّيْطَٰنُ أَعْمَٰلَهُمْ فَصَدَّهُمْ عَنِ ٱلسَّبِيلِ فَهُمْ لَا يَهْتَدُونَ [SEP] فَصَدَّهُمْ عَنِ السَّبِيلِ,Medium,1,وجدتها وقومها يسجدون للشمس من دون الله وزين لهم الشيطان اعمالهم فصدهم عن السبيل فهم لا يهتدون [SEP] فصدهم عن السبيل
يَٰدَاوُۥدُ إِنَّا جَعَلْنَٰكَ خَلِيفَةً فِى ٱلْأَرْضِ فَٱحْكُم بَيْنَ ٱلنَّاسِ بِٱلْحَقِّ وَلَا تَتَّبِعِ ٱلْهَوَىٰ فَيُضِلَّكَ عَن سَبِيلِ ٱللَّهِ [SEP] وَلَا تَتَّبِعِ الْهَوَىٰ فَيُضِلَّكَ عَن سَبِيلِ اللَّهِ,Medium,1,ياداوۥد انا جعلناك خليفة فا الارض فاحكم بين الناس بالحق ولا تتبع الهوا فيضلك عن سبيل الله [SEP] ولا تتبع الهوا فيضلك عن سبيل الله
قَالُوٓاْ أَوَلَمۡ تَكُ تَأۡتِيكُمۡ رُسُلُكُم بِٱلۡبَيِّنَٰتِۖ قَالُواْ بَلَىٰۚ قَالُواْ فَٱدۡعُواْۗ وَمَا دُعَٰٓؤُاْ ٱلۡكَٰفِرِينَ إِلَّا فِي ضَلَٰلٍ [SEP] وَمَا دُعَاءُ الْكَافِرِينَ إِلَّا فِي ضَلَالٍ,High,2,قالوٓا اولمۡ تك تاۡتيكمۡ رسلكم بالۡبيناتۖ قالوا بلاۚ قالوا فادۡعواۗ وما دعآؤا الۡكافرين الا في ضلال [SEP] وما دعاء الكافرين الا في ضلال
فَأَيْنَ تَذْهَبُونَ [SEP] فَأَيْنَ تَذْهَبُونَ,High,2,فاين تذهبون [SEP] فاين تذهبون
قَالَ لَقَدْ ظَلَمَكَ بِسُؤَالِ نَعْجَتِكَ إِلَىٰ نِعَاجِهِ [SEP] { بِسُؤَالِ نَعْجَتِكَ إِلَىٰ نِعَاجِهِ },Medium,1,قال لقد ظلمك بسؤال نعجتك الا نعاجه [SEP] { بسؤال نعجتك الا نعاجه }
إِنِّىٓ أُرِيدُ أَن تَبُوٓأَ بِإِثْمِى وَإِثْمِكَ فَتَكُونَ مِنْ أَصْحَٰبِ ٱلنَّارِ [SEP] أَن تَبُوٓأَ بِإِثْمِى وَإِثْمِكَ,Medium,1,انآ اريد ان تبوٓا باثما واثمك فتكون من اصحاب النار [SEP] ان تبوٓا باثما واثمك
وَمَا بِكُم مِّن نِّعْمَةٍ فَمِنَ ٱللَّهِ ۖ ثُمَّ إِذَا مَسَّكُمُ ٱلضُّرُّ فَإِلَيْهِ تَجْـَٔرُونَ [SEP] ثُمَّ إِذَا مَسَّكُمُ ٱلضُّرُّ فَإِلَيْهِ تَجْـَٔرُونَ,Medium,1,وما بكم من نعمة فمن الله ۖ ثم اذا مسكم الضر فاليه تجـٔرون [SEP] ثم اذا مسكم الضر فاليه تجـٔرون
يَقْدُمُ قَوْمَهُ يَوْمَ الْقِيَامَةِ فَأَوْرَدَهُمُ النَّارَ ۖ وَبِئْسَ الْوِرْدُ الْمَوْرُودُ [SEP] فَأَوْرَدَهُمُ ٱلنَّارَ,High,2,يقدم قومه يوم القيامة فاوردهم النار ۖ وبئس الورد المورود [SEP] فاوردهم النار
أُو۟لَٰٓئِكَ ٱلَّذِينَ ٱشْتَرَوُا۟ ٱلْحَيَوٰةَ ٱلدُّنْيَا بِٱلْءَاخِرَةِ ۖ فَلَا يُخَفَّفُ عَنْهُمُ ٱلْعَذَابُ وَلَا هُمْ يُنصَرُونَ [SEP] ٱشْتَرَوُا۟ ٱلْحَيَوٰةَ ٱلدُّنْيَا بِٱلْءَاخِرَةِ,Medium,1,او۟لآئك الذين اشتروا۟ الحيواة الدنيا بالءاخرة ۖ فلا يخفف عنهم العذاب ولا هم ينصرون [SEP] اشتروا۟ الحيواة الدنيا بالءاخرة
سَيَقُولُونَ ثَلَاثَةٌ رَابِعُهُمْ كَلْبُهُمْ وَيَقُولُونَ خَمْسَةٌ سَادِسُهُمْ كَلْبُهُمْ رَجْمًا بِالْغَيْبِ ۖ وَيَقُولُونَ سَبْعَةٌ وَثَامِنُهُمْ كَلْبُهُمْ ۚ قُلْ رَبِّي أَعْلَمُ بِعِدَّتِهِمْ مَا يَعْلَمُهُمْ إِلَّا قَلِيلٌ ۗ فَلَا تُمَارِ فِيهِمْ إِلَّا مِرَاءً ظَاهِرًا وَلَا تَسْتَفْتِ فِيهِمْ مِنْهُمْ أَحَدًا [SEP] رَجْمًا بِالْغَيْبِ,Medium,1,سيقولون ثلاثة رابعهم كلبهم ويقولون خمسة سادسهم كلبهم رجما بالغيب ۖ ويقولون سبعة وثامنهم كلبهم ۚ قل ربي اعلم بعدتهم ما يعلمهم الا قليل ۗ فلا تمار فيهم الا مراء ظاهرا ولا تستفت فيهم منهم احدا [SEP] رجما بالغيب
وَإِذَا تُتْلَىٰ عَلَيْهِ آيَاتُنَا وَلَّىٰ مُسْتَكْبِرًا كَأَن لَّمْ يَسْمَعْهَا كَأَنَّ فِي أُذُنَيْهِ وَقْرًا ۖ فَبَشِّرْهُ بِعَذَابٍ أَلِيمٍ [SEP] فَبَشِّرْهُ بِعَذَابٍ أَلِيمٍ,Medium,1,واذا تتلا عليه اياتنا ولا مستكبرا كان لم يسمعها كان في اذنيه وقرا ۖ فبشره بعذاب اليم [SEP] فبشره بعذاب اليم
قَالَ يَٰقَوْمِ أَرَءَيْتُمْ إِن كُنتُ عَلَىٰ بَيِّنَةٍ مِّن رَّبِّى وَءَاتَىٰنِى رَحْمَةً مِّنْ عِندِهِۦ فَعُمِّيَتْ عَلَيْكُمْ أَنُلْزِمُكُمُوهَا وَأَنتُمْ لَهَا كَٰرِهُونَ [SEP] فَعُمِّيَتْ عَلَيْكُمْ,Medium,1,قال ياقوم ارءيتم ان كنت علا بينة من ربا وءاتانا رحمة من عندهۦ فعميت عليكم انلزمكموها وانتم لها كارهون [SEP] فعميت عليكم
وَلَقَدْ عَلِمُوا۟ لَمَنِ ٱشْتَرَىٰهُ مَا لَهُۥ فِى ٱلْءَاخِرَةِ مِنْ خَلَٰقٍ ۚ وَلَبِئْسَ مَا شَرَوْا۟ بِهِۦٓ أَنفُسَهُمْ ۚ لَوْ كَانُوا۟ يَعْلَمُونَ [SEP] ٱشْتَرَىٰهُ ... شَرَوْا۟,Medium,1,ولقد علموا۟ لمن اشتراه ما لهۥ فا الءاخرة من خلاق ۚ ولبئس ما شروا۟ بهۦٓ انفسهم ۚ لو كانوا۟ يعلمون [SEP] اشتراه ... شروا۟
مَتَٰعٌ قَلِيلٌ ثُمَّ مَأْوَىٰهُمْ جَهَنَّمُ ۚ وَبِئْسَ ٱلْمِهَادُ [SEP] وَبِئْسَ ٱلْمِهَادُ,Medium,1,متاع قليل ثم ماواهم جهنم ۚ وبئس المهاد [SEP] وبئس المهاد
يَٰٓأَهْلَ ٱلْكِتَٰبِ لَا تَغْلُوا۟ فِى دِينِكُمْ وَلَا تَقُولُوا۟ عَلَى ٱللَّهِ إِلَّا ٱلْحَقَّ ۚ إِنَّمَا ٱلْمَسِيحُ عِيسَى ٱبْنُ مَرْيَمَ رَسُولُ ٱللَّهِ وَكَلِمَتُهُۥٓ أَلْقَىٰهَآ إِلَىٰ مَرْيَمَ وَرُوحٌ مِّنْهُ [SEP] وَكَلِمَتُهُۥٓ أَلْقَىٰهَآ إِلَىٰ مَرْيَمَ,Low,0,يآاهل الكتاب لا تغلوا۟ فا دينكم ولا تقولوا۟ علا الله الا الحق ۚ انما المسيح عيسا ابن مريم رسول الله وكلمتهۥٓ القاهآ الا مريم وروح منه [SEP] وكلمتهۥٓ القاهآ الا مريم
الَّذِينَ يُقِيمُونَ الصَّلَاةَ وَيُؤْتُونَ الزَّكَاةَ وَهُم بِالْآخِرَةِ هُمْ يُوقِنُونَ [SEP] { يُقِيمُونَ الصَّلَاةَ },Medium,1,الذين يقيمون الصلاة ويؤتون الزكاة وهم بالاخرة هم يوقنون [SEP] { يقيمون الصلاة }
قَالَ بَلْ سَوَّلَتْ لَكُمْ أَنفُسُكُمْ أَمْرًا ۖ فَصَبْرٌ جَمِيلٌ ۖ عَسَى ٱللَّهُ أَن يَأْتِيَنِى بِهِمْ جَمِيعًا ۚ إِنَّهُۥ هُوَ ٱلْعَلِيمُ ٱلْحَكِيمُ [SEP] بَلْ سَوَّلَتْ لَكُمْ أَنفُسُكُمْ أَمْرًا,Medium,1,قال بل سولت لكم انفسكم امرا ۖ فصبر جميل ۖ عسا الله ان ياتينا بهم جميعا ۚ انهۥ هو العليم الحكيم [SEP] بل سولت لكم انفسكم امرا
وَإِذِ ٱعْتَزَلْتُمُوهُمْ وَمَا يَعْبُدُونَ إِلَّا ٱللَّهَ فَأْوُۥٓا۟ إِلَى ٱلْكَهْفِ يَنشُرْ لَكُمْ رَبُّكُم مِّن رَّحْمَتِهِۦ وَيُهَيِّئْ لَكُم مِّنْ أَمْرِكُم مِّرْفَقًا [SEP] يَنشُرْ لَكُمْ رَبُّكُم مِّن رَّحْمَتِهِ,Medium,1,واذ اعتزلتموهم وما يعبدون الا الله فاوۥٓا۟ الا الكهف ينشر لكم ربكم من رحمتهۦ ويهيئ لكم من امركم مرفقا [SEP] ينشر لكم ربكم من رحمته
فَأَصَابَهُمْ سَيِّـَٔاتُ مَا عَمِلُوا۟ وَحَاقَ بِهِم مَّا كَانُوا۟ بِهِۦ يَسْتَهْزِءُونَ [SEP] فَأَصَابَهُمْ سَيِّئَاتُ مَا عَمِلُوا,Medium,1,فاصابهم سيـٔات ما عملوا۟ وحاق بهم ما كانوا۟ بهۦ يستهزءون [SEP] فاصابهم سيئات ما عملوا
وَمَن يَرْغَبُ عَن مِّلَّةِ إِبْرَٰهِۦمَ إِلَّا مَن سَفِهَ نَفْسَهُۥ ۚ وَلَقَدِ ٱصْطَفَيْنَٰهُ فِي ٱلدُّنْيَا ۖ وَإِنَّهُۥ فِي ٱلْآخِرَةِ لَمِنَ ٱلصَّٰلِحِينَ [SEP] سَفِهَ نَفْسَهُۥ,Medium,1,ومن يرغب عن ملة ابراهۦم الا من سفه نفسهۥ ۚ ولقد اصطفيناه في الدنيا ۖ وانهۥ في الاخرة لمن الصالحين [SEP] سفه نفسهۥ
تَرَىٰ كَثِيرًا مِّنْهُمْ يَتَوَلَّوْنَ ٱلَّذِينَ كَفَرُوا۟ ۚ لَبِئْسَ مَا قَدَّمَتْ لَهُمْ أَنفُسُهُمْ أَن سَخِطَ ٱللَّهُ عَلَيْهِمْ وَفِى ٱلْعَذَابِ هُمْ خَٰلِدُونَ [SEP] لَبِئْسَ مَا قَدَّمَتْ لَهُمْ أَنفُسُهُمْ,Medium,1,ترا كثيرا منهم يتولون الذين كفروا۟ ۚ لبئس ما قدمت لهم انفسهم ان سخط الله عليهم وفا العذاب هم خالدون [SEP] لبئس ما قدمت لهم انفسهم
ثُمَّ كُلِى مِن كُلِّ ٱلثَّمَرَٰتِ فَٱسْلُكِى سُبُلَ رَبِّكِ ذُلُلًا ۚ يَخْرُجُ مِن بُطُونِهَا شَرَابٌ مُّخْتَلِفٌ أَلْوَٰنُهُۥ فِيهِ شِفَآءٌ لِّلنَّاسِ ۗ إِنَّ فِى ذَٰلِكَ لَءَايَةً لِّقَوْمٍ يَتَفَكَّرُونَ [SEP] فَٱسْلُكِى سُبُلَ رَبِّكِ ذُلُلًا,Medium,1,ثم كلا من كل الثمرات فاسلكا سبل ربك ذللا ۚ يخرج من بطونها شراب مختلف الوانهۥ فيه شفآء للناس ۗ ان فا ذالك لءاية لقوم يتفكرون [SEP] فاسلكا سبل ربك ذللا
صِبْغَةَ ٱللَّهِ ۖ وَمَنْ أَحْسَنُ مِنَ ٱللَّهِ صِبْغَةً ۖ وَنَحْنُ لَهُۥ عَٰبِدُونَ [SEP] صِبْغَةَ ٱللَّهِ,Medium,1,صبغة الله ۖ ومن احسن من الله صبغة ۖ ونحن لهۥ عابدون [SEP] صبغة الله
ذُقْ إِنَّكَ أَنتَ ٱلْعَزِيزُ ٱلْكَرِيمُ [SEP] إِنَّكَ أَنتَ ٱلْعَزِيزُ ٱلْكَرِيمُ,Medium,1,ذق انك انت العزيز الكريم [SEP] انك انت العزيز الكريم
وَعَلَى ٱلثَّلَٰثَةِ ٱلَّذِينَ خُلِّفُوا۟ حَتَّىٰٓ إِذَا ضَاقَتْ عَلَيْهِمُ ٱلْأَرْضُ بِمَا رَحُبَتْ وَضَاقَتْ عَلَيْهِمْ أَنفُسُهُمْ وَظَنُّوٓا۟ أَن لَّا مَلْجَأَ مِنَ ٱللَّهِ إِلَّآ إِلَيْهِ [SEP] ضَاقَتْ عَلَيْهِمُ ٱلْأَرْضُ بِمَا رَحُبَتْ,High,2,وعلا الثلاثة الذين خلفوا۟ حتآ اذا ضاقت عليهم الارض بما رحبت وضاقت عليهم انفسهم وظنوٓا۟ ان لا ملجا من الله الآ اليه [SEP] ضاقت عليهم الارض بما رحبت
قَالَ رَبِّ إِنِّي وَهَنَ الْعَظْمُ مِنِّي وَاشْتَعَلَ الرَّأْسُ شَيْبًا وَلَمْ أَكُن بِدُعَائِكَ رَبِّ شَقِيًّا [SEP] وَاشْتَعَلَ الرَّأْسُ شَيْبًا,Medium,1,قال رب اني وهن العظم مني واشتعل الراس شيبا ولم اكن بدعائك رب شقيا [SEP] واشتعل الراس شيبا
فَلَمَّا نَسُوا۟ مَا ذُكِّرُوا۟ بِهِۦ فَتَحْنَا عَلَيْهِمْ أَبْوَٰبَ كُلِّ شَىْءٍ حَتَّىٰٓ إِذَا فَرِحُوا۟ بِمَآ أُوتُوٓا۟ أَخَذْنَٰهُم بَغْتَةً فَإِذَا هُم مُّبْلِسُونَ [SEP] فَتَحْنَا عَلَيْهِمْ أَبْوَٰبَ كُلِّ شَىْءٍ,High,2,فلما نسوا۟ ما ذكروا۟ بهۦ فتحنا عليهم ابواب كل شاء حتآ اذا فرحوا۟ بمآ اوتوٓا۟ اخذناهم بغتة فاذا هم مبلسون [SEP] فتحنا عليهم ابواب كل شاء
وَإِذْ نَتَقْنَا ٱلْجَبَلَ فَوْقَهُمْ كَأَنَّهُۥ ظُلَّةٌ وَظَنُّوٓا۟ أَنَّهُۥ وَاقِعٌۢ بِهِمْ خُذُوا۟ مَآ ءَاتَيْنَٰكُم بِقُوَّةٍ وَٱذْكُرُوا۟ مَا فِيهِ لَعَلَّكُمْ تَتَّقُونَ [SEP] نَتَقْنَا ٱلْجَبَلَ,Medium,1,واذ نتقنا الجبل فوقهم كانهۥ ظلة وظنوٓا۟ انهۥ واقعۢ بهم خذوا۟ مآ ءاتيناكم بقوة واذكروا۟ ما فيه لعلكم تتقون [SEP] نتقنا الجبل
لِيَقْطَعَ طَرَفًا مِّنَ ٱلَّذِينَ كَفَرُوٓا۟ أَوْ يَكْبِتَهُمْ فَيَنقَلِبُوا۟ خَآئِبِينَ [SEP] لِيَقْطَعَ طَرَفًا,Medium,1,ليقطع طرفا من الذين كفروٓا۟ او يكبتهم فينقلبوا۟ خآئبين [SEP] ليقطع طرفا
وَمَا تَنقِمُ مِنَّآ إِلَّآ أَنْ ءَامَنَّا بِـَٔايَٰتِ رَبِّنَا لَمَّا جَآءَتْنَا ۚ رَبَّنَآ أَفْرِغْ عَلَيْنَا صَبْرًا وَتَوَفَّنَا مُسْلِمِينَ [SEP] أَفْرِغْ عَلَيْنَا صَبْرًا,Medium,1,وما تنقم منآ الآ ان ءامنا بـٔايات ربنا لما جآءتنا ۚ ربنآ افرغ علينا صبرا وتوفنا مسلمين [SEP] افرغ علينا صبرا
فَوَقَعَ ٱلْحَقُّ وَبَطَلَ مَا كَانُوا۟ يَعْمَلُونَ [SEP] فَوَقَعَ ٱلْحَقُّ,Medium,1,فوقع الحق وبطل ما كانوا۟ يعملون [SEP] فوقع الحق
فَإِن لَّمْ تَفْعَلُوا۟ فَأْذَنُوا۟ بِحَرْبٍ مِّنَ ٱللَّهِ وَرَسُولِهِۦ ۖ وَإِن تُبْتُمْ فَلَكُمْ رُءُوسُ أَمْوَٰلِكُمْ لَا تَظْلِمُونَ وَلَا تُظْلَمُونَ [SEP] فَأْذَنُوا۟ بِحَرْبٍ مِّنَ ٱللَّهِ وَرَسُولِهِۦ,Medium,1,فان لم تفعلوا۟ فاذنوا۟ بحرب من الله ورسولهۦ ۖ وان تبتم فلكم رءوس اموالكم لا تظلمون ولا تظلمون [SEP] فاذنوا۟ بحرب من الله ورسولهۦ
إِنَّ فِى ذَٰلِكَ لَذِكْرَىٰ لِمَن كَانَ لَهُۥ قَلْبٌ أَوْ أَلْقَى ٱلسَّمْعَ وَهُوَ شَهِيدٌ [SEP] لِمَن كَانَ لَهُۥ قَلْبٌ,Medium,1,ان فا ذالك لذكرا لمن كان لهۥ قلب او القا السمع وهو شهيد [SEP] لمن كان لهۥ قلب
هَلْ يَنظُرُونَ إِلَّا ٱلسَّاعَةَ أَن تَأْتِيَهُم بَغْتَةً وَهُمْ لَا يَشْعُرُونَ [SEP] أَن تَأْتِيَهُم بَغْتَةً وَهُمْ لَا يَشْعُرُونَ,Medium,1,هل ينظرون الا الساعة ان تاتيهم بغتة وهم لا يشعرون [SEP] ان تاتيهم بغتة وهم لا يشعرون
وَإِذَا ٱلْجِبَالُ نُسِفَتْ [SEP] وَإِذَا الْجِبَالُ نُسِفَتْ,Medium,1,واذا الجبال نسفت [SEP] واذا الجبال نسفت
وَمَا لَنَآ أَلَّا نَتَوَكَّلَ عَلَى ٱللَّهِ وَقَدْ هَدَىٰنَا سُبُلَنَا ۚ وَلَنَصْبِرَنَّ عَلَىٰ مَآ ءَاذَيْتُمُونَا ۚ وَعَلَى ٱللَّهِ فَلْيَتَوَكَّلِ ٱلْمُتَوَكِّلُونَ [SEP] وَقَدْ هَدَىٰنَا سُبُلَنَا,Medium,1,وما لنآ الا نتوكل علا الله وقد هدانا سبلنا ۚ ولنصبرن علا مآ ءاذيتمونا ۚ وعلا الله فليتوكل المتوكلون [SEP] وقد هدانا سبلنا
وَإِذَا لَقُوا۟ ٱلَّذِينَ ءَامَنُوا۟ قَالُوٓا۟ ءَامَنَّا وَإِذَا خَلَا بَعْضُهُمْ إِلَىٰ بَعْضٍ قَالُوٓا۟ أَتُحَدِّثُونَهُم بِمَا فَتَحَ ٱللَّهُ عَلَيْكُمْ لِيُحَآجُّوكُم بِهِۦ عِندَ رَبِّكُمْ ۚ أَفَلَا تَعْقِلُونَ [SEP] بِمَا فَتَحَ ٱللَّهُ عَلَيْكُمْ,Medium,1,واذا لقوا۟ الذين ءامنوا۟ قالوٓا۟ ءامنا واذا خلا بعضهم الا بعض قالوٓا۟ اتحدثونهم بما فتح الله عليكم ليحآجوكم بهۦ عند ربكم ۚ افلا تعقلون [SEP] بما فتح الله عليكم
وَهُوَ الَّذِي خَلَقَ اللَّيْلَ وَالنَّهَارَ وَالشَّمْسَ وَالْقَمَرَ ۖ كُلٌّ فِي فَلَكٍ يَسْبَحُونَ [SEP] كُلٌّ فِي فَلَكٍ يَسْبَحُونَ,Medium,1,وهو الذي خلق الليل والنهار والشمس والقمر ۖ كل في فلك يسبحون [SEP] كل في فلك يسبحون
قَالَ هَٰذَا صِرَٰطٌ عَلَىَّ مُسْتَقِيمٌ [SEP] هَٰذَا صِرَٰطٌ عَلَىَّ مُسْتَقِيمٌ,Medium,1,قال هاذا صراط علا مستقيم [SEP] هاذا صراط علا مستقيم
فَلَمَّا تَجَلَّىٰ رَبُّهُۥ لِلْجَبَلِ جَعَلَهُۥ دَكًّا [SEP] فَلَمَّا تَجَلَّىٰ رَبُّهُۥ لِلْجَبَلِ جَعَلَهُۥ دَكًّا,Medium,1,فلما تجلا ربهۥ للجبل جعلهۥ دكا [SEP] فلما تجلا ربهۥ للجبل جعلهۥ دكا
...وَلِيَرْبِطَ عَلَىٰ قُلُوبِكُمْ وَيُثَبِّتَ بِهِ ٱلْأَقْدَامَ [SEP] ...وَلِيَرْبِطَ عَلَىٰ قُلُوبِكُمْ,Medium,1,...وليربط علا قلوبكم ويثبت به الاقدام [SEP] ...وليربط علا قلوبكم
إِنَّ ٱلَّذِينَ كَفَرُوا۟ وَصَدُّوا۟ عَن سَبِيلِ ٱللَّهِ قَدْ ضَلُّوا۟ ضَلَٰلًۢا بَعِيدًا [SEP] قَدْ ضَلُّوا۟ ضَلَٰلًۢا بَعِيدًا,Low,0,ان الذين كفروا۟ وصدوا۟ عن سبيل الله قد ضلوا۟ ضلالۢا بعيدا [SEP] قد ضلوا۟ ضلالۢا بعيدا
فَٱصْدَعْ بِمَا تُؤْمَرُ وَأَعْرِضْ عَنِ ٱلْمُشْرِكِينَ [SEP] فَٱصْدَعْ بِمَا تُؤْمَرُ,Medium,1,فاصدع بما تؤمر واعرض عن المشركين [SEP] فاصدع بما تؤمر
قُلْنَا يَا نَارُ كُونِي بَرْدًا وَسَلَامًا عَلَىٰ إِبْرَاهِيمَ [SEP] يَا نَارُ كُونِي,Medium,1,قلنا يا نار كوني بردا وسلاما علا ابراهيم [SEP] يا نار كوني
وَٱلَّذِينَ كَذَّبُوا۟ بِـَٔايَٰتِنَا صُمٌّ وَبُكْمٌ فِى ٱلظُّلُمَٰتِ ۗ مَن يَشَإِ ٱللَّهُ يُضْلِلْهُ وَمَن يَشَأْ يَجْعَلْهُ عَلَىٰ صِرَٰطٍ مُّسْتَقِيمٍ [SEP] صُمٌّ وَبُكْمٌ فِى ٱلظُّلُمَٰتِ,Low,0,والذين كذبوا۟ بـٔاياتنا صم وبكم فا الظلمات ۗ من يشا الله يضلله ومن يشا يجعله علا صراط مستقيم [SEP] صم وبكم فا الظلمات
وَإِذَا الْوُحُوشُ حُشِرَتْ [SEP] حُشِرَتْ,Medium,1,واذا الوحوش حشرت [SEP] حشرت
هُوَ ٱلَّذِى يُسَيِّرُكُمْ فِى ٱلْبَرِّ وَٱلْبَحْرِ ۖ حَتَّىٰٓ إِذَا كُنتُمْ فِى ٱلْفُلْكِ وَجَرَيْنَ بِهِم بِرِيحٍ طَيِّبَةٍ وَفَرِحُوا۟ بِهَا جَآءَتْهَا رِيحٌ عَاصِفٌ وَجَآءَهُمُ ٱلْمَوْجُ مِن كُلِّ مَكَانٍ وَظَنُّوٓا۟ أَنَّهُمْ أُحِيطَ بِهِمْ ۙ دَعَوُا۟ ٱللَّهَ مُخْلِصِينَ لَهُ ٱلدِّينَ لَئِنْ أَنجَيْتَنَا مِنْ هَٰذِهِۦ لَنَكُونَنَّ مِنَ ٱلشَّٰكِرِينَ [SEP] وَظَنُّوٓا۟ أَنَّهُمْ أُحِيطَ بِهِمْ,High,2,هو الذا يسيركم فا البر والبحر ۖ حتآ اذا كنتم فا الفلك وجرين بهم بريح طيبة وفرحوا۟ بها جآءتها ريح عاصف وجآءهم الموج من كل مكان وظنوٓا۟ انهم احيط بهم ۙ دعوا۟ الله مخلصين له الدين لئن انجيتنا من هاذهۦ لنكونن من الشاكرين [SEP] وظنوٓا۟ انهم احيط بهم
وَمَا يَسْتَوِي الْأَعْمَىٰ وَالْبَصِيرُ [SEP] وَمَا يَسْتَوِي الْأَعْمَىٰ وَالْبَصِيرُ,Medium,1,وما يستوي الاعما والبصير [SEP] وما يستوي الاعما والبصير
إِنَّمَا تَعْبُدُونَ مِن دُونِ اللَّهِ أَوْثَانًا وَتَخْلُقُونَ إِفْكًا ۚ إِنَّ الَّذِينَ تَعْبُدُونَ مِن دُونِ اللَّهِ لَا يَمْلِكُونَ لَكُمْ رِزْقًا فَابْتَغُوا عِندَ اللَّهِ الرِّزْقَ وَاعْبُدُوهُ وَاشْكُرُوا لَهُ ۖ إِلَيْهِ تُرْجَعُونَ [SEP] وَتَخْلُقُونَ إِفْكًا,Medium,1,انما تعبدون من دون الله اوثانا وتخلقون افكا ۚ ان الذين تعبدون من دون الله لا يملكون لكم رزقا فابتغوا عند الله الرزق واعبدوه واشكروا له ۖ اليه ترجعون [SEP] وتخلقون افكا
سَلْ بَنِىٓ إِسْرَٰٓءِيلَ كَمْ ءَاتَيْنَٰهُم مِّنْ ءَايَةٍۭ بَيِّنَةٍ ۗ وَمَن يُبَدِّلْ نِعْمَةَ ٱللَّهِ مِنۢ بَعْدِ مَا جَآءَتْهُ فَإِنَّ ٱللَّهَ شَدِيدُ ٱلْعِقَابِ [SEP] وَمَن يُبَدِّلْ نِعْمَةَ ٱللَّهِ مِنۢ بَعْدِ مَا جَآءَتْهُ,Medium,1,سل بنآ اسرآءيل كم ءاتيناهم من ءايةۭ بينة ۗ ومن يبدل نعمة الله منۢ بعد ما جآءته فان الله شديد العقاب [SEP] ومن يبدل نعمة الله منۢ بعد ما جآءته
وَجَعَلَ الْقَمَرَ فِيهِنَّ نُورًا وَجَعَلَ الشَّمْسَ سِرَاجًا [SEP] وَجَعَلَ الشَّمْسَ سِرَاجًا,Medium,1,وجعل القمر فيهن نورا وجعل الشمس سراجا [SEP] وجعل الشمس سراجا
مُّذَبْذَبِينَ بَيْنَ ذَٰلِكَ لَآ إِلَىٰ هَٰٓؤُلَآءِ وَلَآ إِلَىٰ هَٰٓؤُلَآءِ ۚ وَمَن يُضْلِلِ ٱللَّهُ فَلَن تَجِدَ لَهُۥ سَبِيلًا [SEP] مُّذَبْذَبِينَ بَيْنَ ذَٰلِكَ,High,2,مذبذبين بين ذالك لآ الا هآؤلآء ولآ الا هآؤلآء ۚ ومن يضلل الله فلن تجد لهۥ سبيلا [SEP] مذبذبين بين ذالك
قُلْ أَرَءَيْتُمْ إِنْ أَخَذَ ٱللَّهُ سَمْعَكُمْ وَأَبْصَٰرَكُمْ وَخَتَمَ عَلَىٰ قُلُوبِكُم مَّنْ إِلَٰهٌ غَيْرُ ٱللَّهِ يَأْتِيكُم بِهِ ۗ ٱنظُرْ كَيْفَ نُصَرِّفُ ٱلْءَايَٰتِ ثُمَّ هُمْ يَصْدِفُونَ [SEP] وَخَتَمَ عَلَىٰ قُلُوبِكُم,Medium,1,قل ارءيتم ان اخذ الله سمعكم وابصاركم وختم علا قلوبكم من الاه غير الله ياتيكم به ۗ انظر كيف نصرف الءايات ثم هم يصدفون [SEP] وختم علا قلوبكم
هُوَ ٱلَّذِى يُنَزِّلُ عَلَىٰ عَبْدِهِۦٓ ءَايَٰتٍۭ بَيِّنَٰتٍۢ لِّيُخْرِجَكُم مِّنَ ٱلظُّلُمَٰتِ إِلَى ٱلنُّورِ ۚ وَإِنَّ ٱللَّهَ بِكُمْ لَرَءُوفٌۭ رَحِيمٌۭ [SEP] لِيُخْرِجَكُمْ مِنَ الظُّلُمَاتِ إِلَى النُّورِ,Medium,1,هو الذا ينزل علا عبدهۦٓ ءاياتۭ بيناتۢ ليخرجكم من الظلمات الا النور ۚ وان الله بكم لرءوفۭ رحيمۭ [SEP] ليخرجكم من الظلمات الا النور
وَاللَّهُ أَنبَتَكُم مِّنَ الْأَرْضِ نَبَاتًا [SEP] وَاللَّهُ أَنبَتَكُم مِّنَ الْأَرْضِ نَبَاتًا,Medium,1,والله انبتكم من الارض نباتا [SEP] والله انبتكم من الارض نباتا
وَلَا يَحْسَبَنَّ ٱلَّذِينَ يَبْخَلُونَ بِمَآ ءَاتَىٰهُمُ ٱللَّهُ مِن فَضْلِهِۦ هُوَ خَيْرًا لَّهُم ۖ بَلْ هُوَ شَرٌّ لَّهُمْ ۖ سَيُطَوَّقُونَ مَا بَخِلُوا۟ بِهِۦ يَوْمَ ٱلْقِيَٰمَةِ ۗ وَلِلَّهِ مِيرَٰثُ ٱلسَّمَٰوَٰتِ وَٱلْأَرْضِ ۗ وَٱللَّهُ بِمَا تَعْمَلُونَ خَبِيرٌ [SEP] سَيُطَوَّقُونَ مَا بَخِلُوا۟ بِهِۦ يَوْمَ ٱلْقِيَٰمَةِ,Medium,1,ولا يحسبن الذين يبخلون بمآ ءاتاهم الله من فضلهۦ هو خيرا لهم ۖ بل هو شر لهم ۖ سيطوقون ما بخلوا۟ بهۦ يوم القيامة ۗ ولله ميراث السماوات والارض ۗ والله بما تعملون خبير [SEP] سيطوقون ما بخلوا۟ بهۦ يوم القيامة
وَإِذَا رَءَا ٱلَّذِينَ أَشْرَكُوا۟ شُرَكَآءَهُمْ قَالُوا۟ رَبَّنَا هَٰٓؤُلَآءِ شُرَكَآؤُنَا ٱلَّذِينَ كُنَّا نَدْعُوا۟ مِن دُونِكَ ۖ فَأَلْقَوْا۟ إِلَيْهِمُ ٱلْقَوْلَ إِنَّكُمْ لَكَٰذِبُونَ [SEP] فَأَلْقَوْا۟ إِلَيْهِمُ ٱلْقَوْلَ,Medium,1,واذا رءا الذين اشركوا۟ شركآءهم قالوا۟ ربنا هآؤلآء شركآؤنا الذين كنا ندعوا۟ من دونك ۖ فالقوا۟ اليهم القول انكم لكاذبون [SEP] فالقوا۟ اليهم القول
وَإِذَا مَا أُنزِلَتْ سُورَةٌ فَمِنْهُم مَّن يَقُولُ أَيُّكُمْ زَادَتْهُ هَٰذِهِ إِيمَانًا ۚ فَأَمَّا الَّذِينَ آمَنُوا فَزَادَتْهُمْ إِيمَانًا وَهُمْ يَسْتَبْشِرُونَ [SEP] فَزَادَتْهُمْ إِيمَانًا,Medium,1,واذا ما انزلت سورة فمنهم من يقول ايكم زادته هاذه ايمانا ۚ فاما الذين امنوا فزادتهم ايمانا وهم يستبشرون [SEP] فزادتهم ايمانا
إِنَّ ٱلَّذِينَ كَفَرُوا۟ بِـَٔايَٰتِنَا سَوْفَ نُصْلِيهِمْ نَارًا كُلَّمَا نَضِجَتْ جُلُودُهُم بَدَّلْنَٰهُمْ جُلُودًا غَيْرَهَا لِيَذُوقُوا۟ ٱلْعَذَابَ ۗ إِنَّ ٱللَّهَ كَانَ عَزِيزًا حَكِيمًا [SEP] لِيَذُوقُوا۟ ٱلْعَذَابَ,Medium,1,ان الذين كفروا۟ بـٔاياتنا سوف نصليهم نارا كلما نضجت جلودهم بدلناهم جلودا غيرها ليذوقوا۟ العذاب ۗ ان الله كان عزيزا حكيما [SEP] ليذوقوا۟ العذاب
وَقَالَ ٱلَّذِينَ ٱتَّبَعُوا۟ لَوْ أَنَّ لَنَا كَرَّةً فَنَتَبَرَّأَ مِنْهُمْ كَمَا تَبَرَّءُوا۟ مِنَّا ۗ كَذَٰلِكَ يُرِيهِمُ ٱللَّهُ أَعْمَٰلَهُمْ حَسَرَٰتٍ عَلَيْهِمْ ۖ وَمَا هُم بِخَٰرِجِينَ مِنَ ٱلنَّارِ [SEP] يُرِيهِمُ ٱللَّهُ أَعْمَٰلَهُمْ حَسَرَٰتٍ عَلَيْهِمْ,Medium,1,وقال الذين اتبعوا۟ لو ان لنا كرة فنتبرا منهم كما تبرءوا۟ منا ۗ كذالك يريهم الله اعمالهم حسرات عليهم ۖ وما هم بخارجين من النار [SEP] يريهم الله اعمالهم حسرات عليهم
يَٰٓأَيُّهَا ٱلَّذِينَ ءَامَنُوا۟ لَا تَدْخُلُوا۟ بُيُوتًا غَيْرَ بُيُوتِكُمْ حَتَّىٰ تَسْتَأْنِسُوا۟ وَتُسَلِّمُوا۟ عَلَىٰٓ أَهْلِهَا ۚ ذَٰلِكُمْ خَيْرٌ لَّكُمْ لَعَلَّكُمْ تَذَكَّرُونَ [SEP] حَتَّىٰ تَسْتَأْنِسُوا,Low,0,يآايها الذين ءامنوا۟ لا تدخلوا۟ بيوتا غير بيوتكم حتا تستانسوا۟ وتسلموا۟ علآ اهلها ۚ ذالكم خير لكم لعلكم تذكرون [SEP] حتا تستانسوا
إِنَّ ٱلْمُصَّدِّقِينَ وَٱلْمُصَّدِّقَٰتِ وَأَقْرَضُواْ ٱللَّهَ قَرْضًا حَسَنًا يُضَٰعَفُ لَهُمْ وَلَهُمْ أَجْرٌ كَرِيمٌ [SEP] وَأَقْرَضُواْ ٱللَّهَ قَرْضًا حَسَنًا,High,2,ان المصدقين والمصدقات واقرضوا الله قرضا حسنا يضاعف لهم ولهم اجر كريم [SEP] واقرضوا الله قرضا حسنا
يُنَزِّلُ الْمَلَائِكَةَ بِالرُّوحِ مِنْ أَمْرِهِ عَلَىٰ مَن يَشَاءُ مِنْ عِبَادِهِ أَنْ أَنذِرُوا أَنَّهُ لَا إِلَٰهَ إِلَّا أَنَا فَاتَّقُونِ [SEP] بِٱلرُّوحِ,Medium,1,ينزل الملائكة بالروح من امره علا من يشاء من عباده ان انذروا انه لا الاه الا انا فاتقون [SEP] بالروح
قُلْ إِنَّمَا أَعِظُكُم بِوَاحِدَةٍ ۖ أَن تَقُومُوا لِلَّهِ مَثْنَىٰ وَفُرَادَىٰ ثُمَّ تَتَفَكَّرُوا ۚ مَا بِصَاحِبِكُم مِّن جِنَّةٍ ۚ إِنْ هُوَ إِلَّا نَذِيرٌ لَّكُم بَيْنَ يَدَيْ عَذَابٍ شَدِيدٍ [SEP] بَيْنَ يَدَيْ عَذَابٍ شَدِيدٍ,High,2,قل انما اعظكم بواحدة ۖ ان تقوموا لله مثنا وفرادا ثم تتفكروا ۚ ما بصاحبكم من جنة ۚ ان هو الا نذير لكم بين يدي عذاب شديد [SEP] بين يدي عذاب شديد
يَٰٓأَيُّهَا ٱلَّذِينَ ءَامَنُواْ ٱتَّقُواْ ٱللَّهَ وَءَامِنُواْ بِرَسُولِهِۦ يُؤْتِكُمْ كِفْلَيْنِ مِن رَّحْمَتِهِۦ وَيَجْعَل لَّكُمْ نُورًا تَمْشُونَ بِهِۦ وَيَغْفِرْ لَكُمْ ۚ وَٱللَّهُ غَفُورٌ رَّحِيمٌ [SEP] وَيَجْعَل لَّكُمْ نُورًا تَمْشُونَ بِهِۦ,Medium,1,يآايها الذين ءامنوا اتقوا الله وءامنوا برسولهۦ يؤتكم كفلين من رحمتهۦ ويجعل لكم نورا تمشون بهۦ ويغفر لكم ۚ والله غفور رحيم [SEP] ويجعل لكم نورا تمشون بهۦ
إِنَّ ٱلْمُنَٰفِقِينَ يُخَٰدِعُونَ ٱللَّهَ وَهُوَ خَٰدِعُهُمْ وَإِذَا قَامُوٓا۟ إِلَى ٱلصَّلَوٰةِ قَامُوا۟ كُسَالَىٰ يُرَآءُونَ ٱلنَّاسَ وَلَا يَذْكُرُونَ ٱللَّهَ إِلَّا قَلِيلًا [SEP] وَهُوَ خَٰدِعُهُمْ,Medium,1,ان المنافقين يخادعون الله وهو خادعهم واذا قاموٓا۟ الا الصلواة قاموا۟ كسالا يرآءون الناس ولا يذكرون الله الا قليلا [SEP] وهو خادعهم
سَرَابِيلُهُم مِّن قَطِرَانٍ وَتَغْشَىٰ وُجُوهَهُمُ ٱلنَّارُ [SEP] سَرَابِيلُهُم مِّن قَطِرَانٍ,Medium,1,سرابيلهم من قطران وتغشا وجوههم النار [SEP] سرابيلهم من قطران
قَالَ كَذَٰلِكَ أَتَتۡكَ ءَايَٰتُنَا فَنَسِيتَهَاۖ وَكَذَٰلِكَ ٱلۡيَوۡمَ تُنسَىٰ [SEP] تُنسَىٰ,Medium,1,قال كذالك اتتۡك ءاياتنا فنسيتهاۖ وكذالك الۡيوۡم تنسا [SEP] تنسا
وَٱلصُّبْحِ إِذَا تَنَفَّسَ [SEP] وَٱلصُّبْحِ إِذَا تَنَفَّسَ,Medium,1,والصبح اذا تنفس [SEP] والصبح اذا تنفس
فِى قُلُوبِهِم مَّرَضٌ فَزَادَهُمُ ٱللَّهُ مَرَضًا ۖ وَلَهُمْ عَذَابٌ أَلِيمٌۢ بِمَا كَانُوا۟ يَكْذِبُونَ [SEP] فِى قُلُوبِهِم مَّرَضٌ,Medium,1,فا قلوبهم مرض فزادهم الله مرضا ۖ ولهم عذاب اليمۢ بما كانوا۟ يكذبون [SEP] فا قلوبهم مرض
وَمَن يَكْسِبْ إِثْمًا فَإِنَّمَا يَكْسِبُهُۥ عَلَىٰ نَفْسِهِۦ ۚ وَكَانَ ٱللَّهُ عَلِيمًا حَكِيمًا [SEP] يَكْسِبْ إِثْمًا,Medium,1,ومن يكسب اثما فانما يكسبهۥ علا نفسهۦ ۚ وكان الله عليما حكيما [SEP] يكسب اثما
قُلْ إِنَّ رَبِّي يَقْذِفُ بِٱلْحَقِّ عَلَّٰمُ ٱلْغُيُوبِ [SEP] يَقْذِفُ,Medium,1,قل ان ربي يقذف بالحق علام الغيوب [SEP] يقذف
وَيَوْمَ يُعْرَضُ ٱلَّذِينَ كَفَرُوا۟ عَلَى ٱلنَّارِ أَذْهَبْتُمْ طَيِّبَٰتِكُمْ فِى حَيَاتِكُمُ ٱلدُّنْيَا وَٱسْتَمْتَعْتُم بِهَا فَٱلْيَوْمَ تُجْزَوْنَ عَذَابَ ٱلْهُونِ بِمَا كُنتُمْ تَسْتَكْبِرُونَ فِى ٱلْأَرْضِ بِغَيْرِ ٱلْحَقِّ وَبِمَا كُنتُمْ تَفْسُقُونَ [SEP] وَيَوْمَ يُعْرَضُ ٱلَّذِينَ كَفَرُوا۟ عَلَى ٱلنَّارِ,Medium,1,ويوم يعرض الذين كفروا۟ علا النار اذهبتم طيباتكم فا حياتكم الدنيا واستمتعتم بها فاليوم تجزون عذاب الهون بما كنتم تستكبرون فا الارض بغير الحق وبما كنتم تفسقون [SEP] ويوم يعرض الذين كفروا۟ علا النار
يَا أَيُّهَا النَّاسُ إِنَّ وَعْدَ اللَّهِ حَقٌّ ۖ فَلَا تَغُرَّنَّكُمُ الْحَيَاةُ الدُّنْيَا وَلَا يَغُرَّنَّكُم بِاللَّهِ الْغَرُورُ [SEP] فَلَا تَغُرَّنَّكُمُ الْحَيَاةُ الدُّنْيَا,Medium,1,يا ايها الناس ان وعد الله حق ۖ فلا تغرنكم الحياة الدنيا ولا يغرنكم بالله الغرور [SEP] فلا تغرنكم الحياة الدنيا
لَّا يَأْتِيهِ الْبَاطِلُ مِن بَيْنِ يَدَيْهِ وَلَا مِنْ خَلْفِهِ ۖ تَنزِيلٌ مِّنْ حَكِيمٍ حَمِيدٍ [SEP] لَّا يَأْتِيهِ الْبَاطِلُ مِن بَيْنِ يَدَيْهِ وَلَا مِنْ خَلْفِهِ,Medium,1,لا ياتيه الباطل من بين يديه ولا من خلفه ۖ تنزيل من حكيم حميد [SEP] لا ياتيه الباطل من بين يديه ولا من خلفه
وَاللَّيْلِ إِذَا يَغْشَىٰ [SEP] {وَٱلَّيْلِ إِذَا يَغْشَىٰ},Medium,1,والليل اذا يغشا [SEP] {واليل اذا يغشا}
أَوَلَمْ يَرَوْا أَنَّا نَسُوقُ الْمَاءَ إِلَى الْأَرْضِ الْجُرُزِ فَنُخْرِجُ بِهِ زَرْعًا تَأْكُلُ مِنْهُ أَنْعَامُهُمْ وَأَنفُسُهُمْ ۖ أَفَلَا يُبْصِرُونَ [SEP] أَنَّا نَسُوقُ الْمَاءَ إِلَى الْأَرْضِ الْجُرُزِ,Medium,1,اولم يروا انا نسوق الماء الا الارض الجرز فنخرج به زرعا تاكل منه انعامهم وانفسهم ۖ افلا يبصرون [SEP] انا نسوق الماء الا الارض الجرز
إِنَّ هَٰذَا الْقُرْآنَ يَهْدِي لِلَّتِي هِيَ أَقْوَمُ وَيُبَشِّرُ الْمُؤْمِنِينَ الَّذِينَ يَعْمَلُونَ الصَّالِحَاتِ أَنَّ لَهُمْ أَجْرًا كَبِيرًا [SEP] يَهْدِي لِلَّتِي هِيَ أَقْوَمُ,Medium,1,ان هاذا القران يهدي للتي هي اقوم ويبشر المؤمنين الذين يعملون الصالحات ان لهم اجرا كبيرا [SEP] يهدي للتي هي اقوم
فَذَرْهُمْ يَخُوضُوا۟ وَيَلْعَبُوا۟ حَتَّىٰ يُلَٰقُوا۟ يَوْمَهُمُ ٱلَّذِى يُوعَدُونَ [SEP] يَخُوضُوا۟,Medium,1,فذرهم يخوضوا۟ ويلعبوا۟ حتا يلاقوا۟ يومهم الذا يوعدون [SEP] يخوضوا۟
بَلْ هُمْ فِى شَكٍّۢ يَلْعَبُونَ [SEP] بَلْ هُمْ فِي شَكٍّ يَلْعَبُونَ,High,2,بل هم فا شكۢ يلعبون [SEP] بل هم في شك يلعبون
وَمَنْ أَظْلَمُ مِمَّنِ ٱفْتَرَىٰ عَلَى ٱللَّهِ كَذِبًا أَوْ قَالَ أُوحِىَ إِلَىَّ وَلَمْ يُوحَ إِلَيْهِ شَىْءٌ وَمَن قَالَ سَأُنزِلُ مِثْلَ مَآ أَنزَلَ ٱللَّهُ ۗ وَلَوْ تَرَىٰٓ إِذِ ٱلظَّٰلِمُونَ فِى غَمَرَٰتِ ٱلْمَوْتِ وَٱلْمَلَٰٓئِكَةُ بَاسِطُوٓا۟ أَيْدِيهِمْ أَخْرِجُوٓا۟ أَنفُسَكُمُ ۖ ٱلْيَوْمَ تُجْزَوْنَ عَذَابَ ٱلْهُونِ بِمَا كُنتُمْ تَقُولُونَ عَلَى ٱللَّهِ غَيْرَ ٱلْحَقِّ وَكُنتُمْ عَنْ ءَايَٰتِهِۦ تَسْتَكْبِرُونَ [SEP] فِى غَمَرَٰتِ ٱلْمَوْتِ,Medium,1,ومن اظلم ممن افترا علا الله كذبا او قال اوحا الا ولم يوح اليه شاء ومن قال سانزل مثل مآ انزل الله ۗ ولو ترآ اذ الظالمون فا غمرات الموت والملآئكة باسطوٓا۟ ايديهم اخرجوٓا۟ انفسكم ۖ اليوم تجزون عذاب الهون بما كنتم تقولون علا الله غير الحق وكنتم عن ءاياتهۦ تستكبرون [SEP] فا غمرات الموت
يُرِيدُونَ لِيُطْفِـُٔواْ نُورَ ٱللَّهِ بِأَفْوَٰهِهِمْ وَٱللَّهُ مُتِمُّ نُورِهِۦ وَلَوْ كَرِهَ ٱلْكَٰفِرُونَ [SEP] يُرِيدُونَ لِيُطْفِـُٔواْ نُورَ ٱللَّهِ بِأَفْوَٰهِهِمْ,High,2,يريدون ليطفـٔوا نور الله بافواههم والله متم نورهۦ ولو كره الكافرون [SEP] يريدون ليطفـٔوا نور الله بافواههم
يَوْمَ هُمْ عَلَى ٱلنَّارِ يُفْتَنُونَ [SEP] يُفْتَنُونَ,Medium,1,يوم هم علا النار يفتنون [SEP] يفتنون
خَٰشِعَةً أَبْصَٰرُهُمْ تَرْهَقُهُمْ ذِلَّةٌ ۖ وَقَدْ كَانُوا۟ يُدْعَوْنَ إِلَى ٱلسُّجُودِ وَهُمْ سَٰلِمُونَ [SEP] تَرْهَقُهُمْ ذِلَّةٌ,Medium,1,خاشعة ابصارهم ترهقهم ذلة ۖ وقد كانوا۟ يدعون الا السجود وهم سالمون [SEP] ترهقهم ذلة
يَٰٓأَيُّهَا ٱلَّذِينَ ءَامَنُوٓا۟ إِذَا نُودِىَ لِلصَّلَوٰةِ مِن يَوْمِ ٱلْجُمُعَةِ فَٱسْعَوْا۟ إِلَىٰ ذِكْرِ ٱللَّهِ وَذَرُوا۟ ٱلْبَيْعَ ۚ ذَٰلِكُمْ خَيْرٌ لَّكُمْ إِن كُنتُمْ تَعْلَمُونَ [SEP] فَٱسْعَوْا۟ إِلَىٰ ذِكْرِ ٱللَّهِ,Medium,1,يآايها الذين ءامنوٓا۟ اذا نودا للصلواة من يوم الجمعة فاسعوا۟ الا ذكر الله وذروا۟ البيع ۚ ذالكم خير لكم ان كنتم تعلمون [SEP] فاسعوا۟ الا ذكر الله
وَتَقَطَّعُوا أَمْرَهُم بَيْنَهُمْ ۖ كُلٌّ إِلَيْنَا رَاجِعُونَ [SEP] وَتَقَطَّعُوا أَمْرَهُم بَيْنَهُمْ,Medium,1,وتقطعوا امرهم بينهم ۖ كل الينا راجعون [SEP] وتقطعوا امرهم بينهم
قَالَ الَّذِي عِندَهُ عِلْمٌ مِّنَ الْكِتَابِ أَنَا آتِيكَ بِهِ قَبْلَ أَن يَرْتَدَّ إِلَيْكَ طَرْفُكَ ۚ فَلَمَّا رَآهُ مُسْتَقِرًّا عِندَهُ قَالَ هَذَا مِن فَضْلِ رَبِّي لِيَبْلُوَنِي أَأَشْكُرُ أَمْ أَكْفُرُ ۖ وَمَن شَكَرَ فَإِنَّمَا يَشْكُرُ لِنَفْسِهِ ۖ وَمَن كَفَرَ فَإِنَّ رَبِّي غَنِيٌّ كَرِيمٌ [SEP] قَبْلَ أَن يَرْتَدَّ إِلَيْكَ طَرْفُكَ,High,2,قال الذي عنده علم من الكتاب انا اتيك به قبل ان يرتد اليك طرفك ۚ فلما راه مستقرا عنده قال هذا من فضل ربي ليبلوني ااشكر ام اكفر ۖ ومن شكر فانما يشكر لنفسه ۖ ومن كفر فان ربي غني كريم [SEP] قبل ان يرتد اليك طرفك
مَّن ذَا ٱلَّذِى يُقْرِضُ ٱللَّهَ قَرْضًا حَسَنًا [SEP] مَّن ذَا ٱلَّذِى يُقْرِضُ ٱللَّهَ قَرْضًا حَسَنًا,Medium,1,من ذا الذا يقرض الله قرضا حسنا [SEP] من ذا الذا يقرض الله قرضا حسنا
لَّا يُؤَاخِذُكُمُ ٱللَّهُ بِٱللَّغْوِ فِىٓ أَيْمَٰنِكُمْ وَلَٰكِن يُؤَاخِذُكُم بِمَا كَسَبَتْ قُلُوبُكُمْ ۗ وَٱللَّهُ غَفُورٌ حَلِيمٌ [SEP] كَسَبَتْ قُلُوبُكُمْ,Medium,1,لا يؤاخذكم الله باللغو فآ ايمانكم ولاكن يؤاخذكم بما كسبت قلوبكم ۗ والله غفور حليم [SEP] كسبت قلوبكم
يَٰٓأَيُّهَا ٱلَّذِينَ ءَامَنُوا۟ هَلْ أَدُلُّكُمْ عَلَىٰ تِجَٰرَةٍ تُنجِيكُم مِّنْ عَذَابٍ أَلِيمٍ [SEP] هَلْ أَدُلُّكُمْ عَلَىٰ تِجَارَةٍ تُنْجِيكُمْ مِنْ عَذَابٍ أَلِيمٍ,Medium,1,يآايها الذين ءامنوا۟ هل ادلكم علا تجارة تنجيكم من عذاب اليم [SEP] هل ادلكم علا تجارة تنجيكم من عذاب اليم
وَٱلنَّهَارِ إِذَا تَجَلَّىٰ [SEP] وَالنَّهَارِ إِذَا تَجَلَّىٰ,Medium,1,والنهار اذا تجلا [SEP] والنهار اذا تجلا
وَنُقَلِّبُ أَفْـِٔدَتَهُمْ وَأَبْصَٰرَهُمْ كَمَا لَمْ يُؤْمِنُوا۟ بِهِۦٓ أَوَّلَ مَرَّةٍ وَنَذَرُهُمْ فِى طُغْيَٰنِهِمْ يَعْمَهُونَ [SEP] وَنُقَلِّبُ أَفْـِٔدَتَهُمْ وَأَبْصَٰرَهُمْ,Medium,1,ونقلب افـٔدتهم وابصارهم كما لم يؤمنوا۟ بهۦٓ اول مرة ونذرهم فا طغيانهم يعمهون [SEP] ونقلب افـٔدتهم وابصارهم
وَكَذَٰلِكَ زَيَّنَ لِكَثِيرٍ مِّنَ ٱلْمُشْرِكِينَ قَتْلَ أَوْلَٰدِهِمْ شُرَكَآؤُهُمْ لِيُرْدُوهُمْ وَلِيَلْبِسُوا۟ عَلَيْهِمْ دِينَهُمْ ۖ وَلَوْ شَآءَ ٱللَّهُ مَا فَعَلُوهُ ۖ فَذَرْهُمْ وَمَا يَفْتَرُونَ [SEP] وَلِيَلْبِسُوا۟ عَلَيْهِمْ دِينَهُمْ,Medium,1,وكذالك زين لكثير من المشركين قتل اولادهم شركآؤهم ليردوهم وليلبسوا۟ عليهم دينهم ۖ ولو شآء الله ما فعلوه ۖ فذرهم وما يفترون [SEP] وليلبسوا۟ عليهم دينهم
يَٰٓأَيُّهَا ٱلَّذِينَ ءَامَنُوا۟ لَا تَتَّخِذُوٓا۟ ءَابَآءَكُمْ وَإِخْوَٰنَكُمْ أَوْلِيَآءَ إِنِ ٱسْتَحَبُّوا۟ ٱلْكُفْرَ عَلَى ٱلْإِيمَٰنِ ۚ وَمَن يَتَوَلَّهُم مِّنكُمْ فَأُو۟لَٰٓئِكَ هُمُ ٱلظَّٰلِمُونَ [SEP] إِنِ ٱسْتَحَبُّوا۟ ٱلْكُفْرَ عَلَى ٱلْإِيمَٰنِ,Medium,1,يآايها الذين ءامنوا۟ لا تتخذوٓا۟ ءابآءكم واخوانكم اوليآء ان استحبوا۟ الكفر علا الايمان ۚ ومن يتولهم منكم فاو۟لآئك هم الظالمون [SEP] ان استحبوا۟ الكفر علا الايمان
هُوَ ٱلَّذِىٓ أَنزَلَ عَلَيْكَ ٱلْكِتَٰبَ مِنْهُ ءَايَٰتٌ مُّحْكَمَٰتٌ هُنَّ أُمُّ ٱلْكِتَٰبِ وَأُخَرُ مُتَشَٰبِهَٰتٌ [SEP] هُنَّ أُمُّ ٱلْكِتَٰبِ,Medium,1,هو الذآ انزل عليك الكتاب منه ءايات محكمات هن ام الكتاب واخر متشابهات [SEP] هن ام الكتاب
فَتَوَلَّىٰ بِرُكْنِهِۦ وَقَالَ سَٰحِرٌ أَوْ مَجْنُونٌ [SEP] فَتَوَلَّىٰ بِرُكْنِهِ,Medium,1,فتولا بركنهۦ وقال ساحر او مجنون [SEP] فتولا بركنه
إِذْ تَلَقَّوْنَهُ بِأَلْسِنَتِكُمْ وَتَقُولُونَ بِأَفْوَاهِكُم مَّا لَيْسَ لَكُم بِهِ عِلْمٌ وَتَحْسَبُونَهُ هَيِّنًا وَهُوَ عِندَ اللَّهِ عَظِيمٌ [SEP] إِذْ تَلَقَّوْنَهُ بِأَلْسِنَتِكُمْ,Medium,1,اذ تلقونه بالسنتكم وتقولون بافواهكم ما ليس لكم به علم وتحسبونه هينا وهو عند الله عظيم [SEP] اذ تلقونه بالسنتكم
سَأَصْرِفُ عَنْ ءَايَٰتِىَ ٱلَّذِينَ يَتَكَبَّرُونَ فِى ٱلْأَرْضِ بِغَيْرِ ٱلْحَقِّ وَإِن يَرَوْا۟ كُلَّ ءَايَةٍ لَّا يُؤْمِنُوا۟ بِهَا وَإِن يَرَوْا۟ سَبِيلَ ٱلرُّشْدِ لَا يَتَّخِذُوهُ سَبِيلًا وَإِن يَرَوْا۟ سَبِيلَ ٱلْغَىِّ يَتَّخِذُوهُ سَبِيلًا ۚ ذَٰلِكَ بِأَنَّهُمْ كَذَّبُوا۟ بِـَٔايَٰتِنَا وَكَانُوا۟ عَنْهَا غَٰفِلِينَ [SEP] سَأَصْرِفُ عَنْ ءَايَٰتِىَ,Medium,1,ساصرف عن ءاياتا الذين يتكبرون فا الارض بغير الحق وان يروا۟ كل ءاية لا يؤمنوا۟ بها وان يروا۟ سبيل الرشد لا يتخذوه سبيلا وان يروا۟ سبيل الغا يتخذوه سبيلا ۚ ذالك بانهم كذبوا۟ بـٔاياتنا وكانوا۟ عنها غافلين [SEP] ساصرف عن ءاياتا
وَكَأَيِّن مِّن قَرْيَةٍ عَتَتْ عَنْ أَمْرِ رَبِّهَا وَرُسُلِهِۦ فَحَاسَبْنَٰهَا حِسَابًا شَدِيدًا وَعَذَّبْنَٰهَا عَذَابًا نُّكْرًا [SEP] عَتَتْ عَنْ أَمْرِ رَبِّهَا,Medium,1,وكاين من قرية عتت عن امر ربها ورسلهۦ فحاسبناها حسابا شديدا وعذبناها عذابا نكرا [SEP] عتت عن امر ربها
يَٰٓأَيُّهَا ٱلَّذِينَ ءَامَنُوا۟ ٱدْخُلُوا۟ فِى ٱلسِّلْمِ كَآفَّةً وَلَا تَتَّبِعُوا۟ خُطُوَٰتِ ٱلشَّيْطَٰنِ ۚ إِنَّهُۥ لَكُمْ عَدُوٌّ مُّبِينٌ [SEP] خُطُوَاتِ ٱلشَّيْطَٰنِ,High,2,يآايها الذين ءامنوا۟ ادخلوا۟ فا السلم كآفة ولا تتبعوا۟ خطوات الشيطان ۚ انهۥ لكم عدو مبين [SEP] خطوات الشيطان
فَلَوْلَآ إِذْ جَآءَهُم بَأْسُنَا تَضَرَّعُوا۟ وَلَٰكِن قَسَتْ قُلُوبُهُمْ وَزَيَّنَ لَهُمُ ٱلشَّيْطَٰنُ مَا كَانُوا۟ يَعْمَلُونَ [SEP] وَلَٰكِن قَسَتْ قُلُوبُهُمْ,Medium,1,فلولآ اذ جآءهم باسنا تضرعوا۟ ولاكن قست قلوبهم وزين لهم الشيطان ما كانوا۟ يعملون [SEP] ولاكن قست قلوبهم
إِذَا زُلْزِلَتِ الْأَرْضُ زِلْزَالَهَا [SEP] {إِذَا زُلْزِلَتِ الْأَرْضُ زِلْزَالَهَا},Medium,1,اذا زلزلت الارض زلزالها [SEP] {اذا زلزلت الارض زلزالها}
إِنَّ ٱلَّذِينَ يَأْكُلُونَ أَمْوَٰلَ ٱلْيَتَٰمَىٰ ظُلْمًا إِنَّمَا يَأْكُلُونَ فِى بُطُونِهِمْ نَارًا وَسَيَصْلَوْنَ سَعِيرًا [SEP] إِنَّمَا يَأْكُلُونَ فِى بُطُونِهِمْ نَارًا,Medium,1,ان الذين ياكلون اموال اليتاما ظلما انما ياكلون فا بطونهم نارا وسيصلون سعيرا [SEP] انما ياكلون فا بطونهم نارا
أَلَمْ تَرَ إِلَى ٱلَّذِينَ يَزْعُمُونَ أَنَّهُمْ ءَامَنُوا۟ بِمَآ أُنزِلَ إِلَيْكَ وَمَآ أُنزِلَ مِن قَبْلِكَ يُرِيدُونَ أَن يَتَحَاكَمُوٓا۟ إِلَى ٱلطَّٰغُوتِ وَقَدْ أُمِرُوٓا۟ أَن يَكْفُرُوا۟ بِهِۦ وَيُرِيدُ ٱلشَّيْطَٰنُ أَن يُضِلَّهُمْ ضَلَٰلًۢا بَعِيدًا [SEP] ضَلَٰلًۢا بَعِيدًا,Medium,1,الم تر الا الذين يزعمون انهم ءامنوا۟ بمآ انزل اليك ومآ انزل من قبلك يريدون ان يتحاكموٓا۟ الا الطاغوت وقد امروٓا۟ ان يكفروا۟ بهۦ ويريد الشيطان ان يضلهم ضلالۢا بعيدا [SEP] ضلالۢا بعيدا
وَإِذْ أَخَذَ ٱللَّهُ مِيثَٰقَ ٱلَّذِينَ أُوتُوا۟ ٱلْكِتَٰبَ لَتُبَيِّنُنَّهُۥ لِلنَّاسِ وَلَا تَكْتُمُونَهُۥ فَنَبَذُوهُ وَرَآءَ ظُهُورِهِمْ وَٱشْتَرَوْا۟ بِهِۦ ثَمَنًا قَلِيلًا ۖ فَبِئْسَ مَا يَشْتَرُونَ [SEP] فَنَبَذُوهُ وَرَآءَ ظُهُورِهِمْ,High,2,واذ اخذ الله ميثاق الذين اوتوا۟ الكتاب لتبيننهۥ للناس ولا تكتمونهۥ فنبذوه ورآء ظهورهم واشتروا۟ بهۦ ثمنا قليلا ۖ فبئس ما يشترون [SEP] فنبذوه ورآء ظهورهم
وَأَمْطَرْنَا عَلَيْهِم مَّطَرًا ۖ فَٱنظُرْ كَيْفَ كَانَ عَٰقِبَةُ ٱلْمُجْرِمِينَ [SEP] وَأَمْطَرْنَا عَلَيْهِم مَّطَرًا,Medium,1,وامطرنا عليهم مطرا ۖ فانظر كيف كان عاقبة المجرمين [SEP] وامطرنا عليهم مطرا
مَن كَانَ يَظُنُّ أَن لَّن يَنصُرَهُ اللَّهُ فِي الدُّنْيَا وَالْآخِرَةِ فَلْيَمْدُدْ بِسَبَبٍ إِلَى السَّمَاءِ ثُمَّ لْيَقْطَعْ فَلْيَنظُرْ هَلْ يُذْهِبَنَّ كَيْدُهُ مَا يَغِيظُ [SEP] فَلْيَمْدُدْ بِسَبَبٍ إِلَى السَّمَاءِ ثُمَّ لْيَقْطَعْ,High,2,من كان يظن ان لن ينصره الله في الدنيا والاخرة فليمدد بسبب الا السماء ثم ليقطع فلينظر هل يذهبن كيده ما يغيظ [SEP] فليمدد بسبب الا السماء ثم ليقطع
بَلِ الَّذِينَ كَفَرُوا فِي تَكْذِيبٍ [SEP] بَلِ الَّذِينَ كَفَرُوا فِي تَكْذِيبٍ,Medium,1,بل الذين كفروا في تكذيب [SEP] بل الذين كفروا في تكذيب
إِن يَثْقَفُوكُمْ يَكُونُوا لَكُمْ أَعْدَاءً وَيَبْسُطُوا إِلَيْكُمْ أَيْدِيَهُمْ وَأَلْسِنَتَهُمْ بِالسُّوءِ وَوَدُّوا لَوْ تَكْفُرُونَ [SEP] {وَيَبْسُطُوا إِلَيْكُمْ أَيْدِيَهُمْ وَأَلْسِنَتَهُمْ بِالسُّوءِ},Medium,1,ان يثقفوكم يكونوا لكم اعداء ويبسطوا اليكم ايديهم والسنتهم بالسوء وودوا لو تكفرون [SEP] {ويبسطوا اليكم ايديهم والسنتهم بالسوء}
إِلَّا مَنِ ارْتَضَىٰ مِن رَّسُولٍ فَإِنَّهُ يَسْلُكُ مِن بَيْنِ يَدَيْهِ وَمِنْ خَلْفِهِ رَصَدًا [SEP] يَسْلُكُ مِن بَيْنِ يَدَيْهِ وَمِنْ خَلْفِهِ رَصَدًا,High,2,الا من ارتضا من رسول فانه يسلك من بين يديه ومن خلفه رصدا [SEP] يسلك من بين يديه ومن خلفه رصدا
وَآيَةٌ لَّهُمُ الْأَرْضُ الْمَيْتَةُ أَحْيَيْنَاهَا وَأَخْرَجْنَا مِنْهَا حَبًّا فَمِنْهُ يَأْكُلُونَ [SEP] الْأَرْضُ الْمَيْتَةُ أَحْيَيْنَاهَا,Medium,1,واية لهم الارض الميتة احييناها واخرجنا منها حبا فمنه ياكلون [SEP] الارض الميتة احييناها
لِّيَجْعَلَ مَا يُلْقِي ٱلشَّيْطَٰنُ فِتْنَةً لِّلَّذِينَ فِي قُلُوبِهِم مَّرَضٌ وَٱلْقَاسِيَةِ قُلُوبُهُمْ [SEP] فِي قُلُوبِهِمْ مَرَضٌ,Low,0,ليجعل ما يلقي الشيطان فتنة للذين في قلوبهم مرض والقاسية قلوبهم [SEP] في قلوبهم مرض
لِّنُحْيِيَ بِهِ بَلْدَةً مَّيْتًا وَنُسْقِيَهُ مِمَّا خَلَقْنَا أَنْعَامًا وَأَنَاسِيَّ كَثِيرًا [SEP] لِّنُحْيِيَ بِهِ بَلْدَةً مَّيْتًا,Medium,1,لنحيي به بلدة ميتا ونسقيه مما خلقنا انعاما واناسي كثيرا [SEP] لنحيي به بلدة ميتا
فَانظُرْ إِلَىٰ آثَارِ رَحْمَتِ اللَّهِ كَيْفَ يُحْيِي الْأَرْضَ بَعْدَ مَوْتِهَا ۚ إِنَّ ذَٰلِكَ لَمُحْيِي الْمَوْتَىٰ وَهُوَ عَلَىٰ كُلِّ شَيْءٍ قَدِيرٌ [SEP] آثَارِ رَحْمَتِ اللَّهِ ... يُحْيِي الْأَرْضَ بَعْدَ مَوْتِهَا,Medium,1,فانظر الا اثار رحمت الله كيف يحيي الارض بعد موتها ۚ ان ذالك لمحيي الموتا وهو علا كل شيء قدير [SEP] اثار رحمت الله ... يحيي الارض بعد موتها
وَلَا يَزَالُ ٱلَّذِينَ كَفَرُوا۟ تُصِيبُهُم بِمَا صَنَعُوا۟ قَارِعَةٌ أَوْ تَحُلُّ قَرِيبًا مِّن دَارِهِمْ [SEP] تُصِيبُهُم ... قَارِعَةٌ,Medium,1,ولا يزال الذين كفروا۟ تصيبهم بما صنعوا۟ قارعة او تحل قريبا من دارهم [SEP] تصيبهم ... قارعة
لَّوْ يَجِدُونَ مَلْجَـًٔا أَوْ مَغَٰرَٰتٍ أَوْ مُدَّخَلًا لَّوَلَّوْا۟ إِلَيْهِ وَهُمْ يَجْمَحُونَ [SEP] وَهُمْ يَجْمَحُونَ,Medium,1,لو يجدون ملجـٔا او مغارات او مدخلا لولوا۟ اليه وهم يجمحون [SEP] وهم يجمحون
رِجَالٌ لَّا تُلْهِيهِمْ تِجَارَةٌ وَلَا بَيْعٌ عَن ذِكْرِ اللَّهِ وَإِقَامِ الصَّلَاةِ وَإِيتَاءِ الزَّكَاةِ ۙ يَخَافُونَ يَوْمًا تَتَقَلَّبُ فِيهِ الْقُلُوبُ وَالْأَبْصَارُ [SEP] تَتَقَلَّبُ فِيهِ الْقُلُوبُ وَالْأَبْصَارُ,Medium,1,رجال لا تلهيهم تجارة ولا بيع عن ذكر الله واقام الصلاة وايتاء الزكاة ۙ يخافون يوما تتقلب فيه القلوب والابصار [SEP] تتقلب فيه القلوب والابصار
أَفَتَأْتُونَ السِّحْرَ وَأَنْتُمْ تُبْصِرُونَ [SEP] أَفَتَأْتُونَ السِّحْرَ وَأَنْتُمْ تُبْصِرُونَ,Medium,1,افتاتون السحر وانتم تبصرون [SEP] افتاتون السحر وانتم تبصرون
وَهُوَ ٱلَّذِى يُنَزِّلُ ٱلْغَيْثَ مِن بَعْدِ مَا قَنَطُوا۟ وَيَنشُرُ رَحْمَتَهُۥ ۚ وَهُوَ ٱلْوَلِىُّ ٱلْحَمِيدُ [SEP] وَيَنشُرُ رَحْمَتَهُ,Medium,1,وهو الذا ينزل الغيث من بعد ما قنطوا۟ وينشر رحمتهۥ ۚ وهو الولا الحميد [SEP] وينشر رحمته
وَمَثَلُ ٱلَّذِينَ كَفَرُوا۟ كَمَثَلِ ٱلَّذِى يَنْعِقُ بِمَا لَا يَسْمَعُ إِلَّا دُعَآءً وَنِدَآءً ۚ صُمٌّۢ بُكْمٌ عُمْىٌ فَهُمْ لَا يَعْقِلُونَ [SEP] وَمَثَلُ الَّذِينَ كَفَرُوا كَمَثَلِ الَّذِي يَنْعِقُ بِمَا لَا يَسْمَعُ إِلَّا دُعَاءً وَنِدَاءً,High,2,ومثل الذين كفروا۟ كمثل الذا ينعق بما لا يسمع الا دعآء وندآء ۚ صمۢ بكم عما فهم لا يعقلون [SEP] ومثل الذين كفروا كمثل الذي ينعق بما لا يسمع الا دعاء ونداء
لَقَدْ نَصَرَكُمُ ٱللَّهُ فِى مَوَاطِنَ كَثِيرَةٍ ۙ وَيَوْمَ حُنَيْنٍ ۙ إِذْ أَعْجَبَتْكُمْ كَثْرَتُكُمْ فَلَمْ تُغْنِ عَنكُمْ شَيْـًٔا وَضَاقَتْ عَلَيْكُمُ ٱلْأَرْضُ بِمَا رَحُبَتْ ثُمَّ وَلَّيْتُمْ مُدْبِرِينَ [SEP] وَضَاقَتْ عَلَيْكُمُ ٱلْأَرْضُ بِمَا رَحُبَتْ,High,2,لقد نصركم الله فا مواطن كثيرة ۙ ويوم حنين ۙ اذ اعجبتكم كثرتكم فلم تغن عنكم شيـٔا وضاقت عليكم الارض بما رحبت ثم وليتم مدبرين [SEP] وضاقت عليكم الارض بما رحبت
فَسُبْحَانَ الَّذِي بِيَدِهِ مَلَكُوتُ كُلِّ شَيْءٍ وَإِلَيْهِ تُرْجَعُونَ [SEP] بِيَدِهِ مَلَكُوتُ كُلِّ شَيْءٍ,High,2,فسبحان الذي بيده ملكوت كل شيء واليه ترجعون [SEP] بيده ملكوت كل شيء
وَضَلَّ عَنْهُم مَّا كَانُوا يَفْتَرُونَ [SEP] وَضَلَّ عَنْهُم مَّا كَانُوا يَفْتَرُونَ,Medium,1,وضل عنهم ما كانوا يفترون [SEP] وضل عنهم ما كانوا يفترون
وَقَالُوا لِجُلُودِهِمْ لِمَ شَهِدتُّمْ عَلَيْنَا ۖ قَالُوا أَنطَقَنَا اللَّهُ الَّذِي أَنطَقَ كُلَّ شَيْءٍ وَهُوَ خَلَقَكُمْ أَوَّلَ مَرَّةٍ وَإِلَيْهِ تُرْجَعُونَ [SEP] وَقَالُوا لِجُلُودِهِمْ لِمَ شَهِدتُّمْ عَلَيْنَا,Medium,1,وقالوا لجلودهم لم شهدتم علينا ۖ قالوا انطقنا الله الذي انطق كل شيء وهو خلقكم اول مرة واليه ترجعون [SEP] وقالوا لجلودهم لم شهدتم علينا
إِنَّا لَمَّا طَغَا ٱلْمَآءُ حَمَلْنَٰكُمْ فِى ٱلْجَارِيَةِ [SEP] طَغَا الْمَاءُ,Medium,1,انا لما طغا المآء حملناكم فا الجارية [SEP] طغا الماء
وَلَوْ يُعَجِّلُ اللَّهُ لِلنَّاسِ الشَّرَّ اسْتِعْجَالَهُم بِالْخَيْرِ لَقُضِيَ إِلَيْهِمْ أَجَلُهُمْ ۖ فَنَذَرُ الَّذِينَ لَا يَرْجُونَ لِقَاءَنَا فِي طُغْيَانِهِمْ يَعْمَهُونَ [SEP] فِي طُغْيَانِهِمْ يَعْمَهُونَ,Medium,1,ولو يعجل الله للناس الشر استعجالهم بالخير لقضي اليهم اجلهم ۖ فنذر الذين لا يرجون لقاءنا في طغيانهم يعمهون [SEP] في طغيانهم يعمهون
وَفِي عَادٍ إِذْ أَرْسَلْنَا عَلَيْهِمُ الرِّيحَ الْعَقِيمَ [SEP] الرِّيحَ الْعَقِيمَ,Medium,1,وفي عاد اذ ارسلنا عليهم الريح العقيم [SEP] الريح العقيم
إِنَّ ٱلَّذِينَ ءَامَنُوا۟ وَعَمِلُوا۟ ٱلصَّٰلِحَٰتِ يَهْدِيهِمْ رَبُّهُم بِإِيمَٰنِهِمْ ۖ تَجْرِى مِن تَحْتِهِمُ ٱلْأَنْهَٰرُ فِى جَنَّٰتِ ٱلنَّعِيمِ [SEP] يَهْدِيهِمْ رَبُّهُم بِإِيمَٰنِهِمْ,Medium,1,ان الذين ءامنوا۟ وعملوا۟ الصالحات يهديهم ربهم بايمانهم ۖ تجرا من تحتهم الانهار فا جنات النعيم [SEP] يهديهم ربهم بايمانهم
إِذْ قَالَتِ ٱلْمَلَٰٓئِكَةُ يَٰمَرْيَمُ إِنَّ ٱللَّهَ يُبَشِّرُكِ بِكَلِمَةٍ مِّنْهُ ٱسْمُهُ ٱلْمَسِيحُ عِيسَى ٱبْنُ مَرْيَمَ وَجِيهًا فِى ٱلدُّنْيَا وَٱلْءَاخِرَةِ وَمِنَ ٱلْمُقَرَّبِينَ [SEP] يُبَشِّرُكِ بِكَلِمَةٍ مِّنْهُ,Medium,1,اذ قالت الملآئكة يامريم ان الله يبشرك بكلمة منه اسمه المسيح عيسا ابن مريم وجيها فا الدنيا والءاخرة ومن المقربين [SEP] يبشرك بكلمة منه
قُل لَّآ أَقُولُ لَكُمْ عِندِى خَزَآئِنُ ٱللَّهِ وَلَآ أَعْلَمُ ٱلْغَيْبَ وَلَآ أَقُولُ لَكُمْ إِنِّى مَلَكٌ ۖ إِنْ أَتَّبِعُ إِلَّا مَا يُوحَىٰٓ إِلَىَّ ۚ قُلْ هَلْ يَسْتَوِى ٱلْأَعْمَىٰ وَٱلْبَصِيرُ ۚ أَفَلَا تَتَفَكَّرُونَ [SEP] قُلْ هَلْ يَسْتَوِى ٱلْأَعْمَىٰ وَٱلْبَصِيرُ,Low,0,قل لآ اقول لكم عندا خزآئن الله ولآ اعلم الغيب ولآ اقول لكم انا ملك ۖ ان اتبع الا ما يوحآ الا ۚ قل هل يستوا الاعما والبصير ۚ افلا تتفكرون [SEP] قل هل يستوا الاعما والبصير
لِتَسْلُكُوا مِنْهَا سُبُلًا فِجَاجًا [SEP] لِتَسْلُكُوا مِنْهَا سُبُلًا فِجَاجًا,High,2,لتسلكوا منها سبلا فجاجا [SEP] لتسلكوا منها سبلا فجاجا
ذَٰلِكَ مِنْ أَنۢبَآءِ ٱلْقُرَىٰ نَقُصُّهُۥ عَلَيْكَ ۖ مِنْهَا قَآئِمٌ وَحَصِيدٌ [SEP] مِنْهَا قَآئِمٌ وَحَصِيدٌ,Medium,1,ذالك من انۢبآء القرا نقصهۥ عليك ۖ منها قآئم وحصيد [SEP] منها قآئم وحصيد
ثُمَّ نُذِيقُهُمُ ٱلْعَذَابَ ٱلشَّدِيدَ [SEP] ثُمَّ نُذِيقُهُمُ ٱلْعَذَابَ ٱلشَّدِيدَ,Medium,1,ثم نذيقهم العذاب الشديد [SEP] ثم نذيقهم العذاب الشديد
بَشِّرِ ٱلْمُنَٰفِقِينَ بِأَنَّ لَهُمْ عَذَابًا أَلِيمًا [SEP] بَشِّرِ ٱلْمُنَٰفِقِينَ,Medium,1,بشر المنافقين بان لهم عذابا اليما [SEP] بشر المنافقين
وَيَرْجُونَ رَحْمَتَهُۥ وَيَخَافُونَ عَذَابَهُۥٓ [SEP] وَيَرْجُونَ رَحْمَتَهُۥ,Medium,1,ويرجون رحمتهۥ ويخافون عذابهۥٓ [SEP] ويرجون رحمتهۥ
فَأَصَابَهُمْ سَيِّئَاتُ مَا كَسَبُوا ۚ وَالَّذِينَ ظَلَمُوا مِنْ هَٰؤُلَاءِ سَيُصِيبُهُمْ سَيِّئَاتُ مَا كَسَبُوا وَمَا هُم بِمُعْجِزِينَ [SEP] فَأَصَابَهُمْ سَيِّئَاتُ مَا كَسَبُوا,Medium,1,فاصابهم سيئات ما كسبوا ۚ والذين ظلموا من هاؤلاء سيصيبهم سيئات ما كسبوا وما هم بمعجزين [SEP] فاصابهم سيئات ما كسبوا
سَنُلْقِى فِى قُلُوبِ ٱلَّذِينَ كَفَرُوا۟ ٱلرُّعْبَ بِمَآ أَشْرَكُوا۟ بِٱللَّهِ مَا لَمْ يُنَزِّلْ بِهِۦ سُلْطَٰنًا ۖ وَمَأْوَىٰهُمُ ٱلنَّارُ ۚ وَبِئْسَ مَثْوَى ٱلظَّٰلِمِينَ [SEP] سَنُلْقِي فِي قُلُوبِ الَّذِينَ كَفَرُوا الرُّعْبَ,Medium,1,سنلقا فا قلوب الذين كفروا۟ الرعب بمآ اشركوا۟ بالله ما لم ينزل بهۦ سلطانا ۖ وماواهم النار ۚ وبئس مثوا الظالمين [SEP] سنلقي في قلوب الذين كفروا الرعب
ٱلشَّيْطَٰنُ يَعِدُكُمُ ٱلْفَقْرَ وَيَأْمُرُكُم بِٱلْفَحْشَآءِ ۖ وَٱللَّهُ يَعِدُكُم مَّغْفِرَةً مِّنْهُ وَفَضْلًا ۗ وَٱللَّهُ وَٰسِعٌ عَلِيمٌ [SEP] ٱلشَّيْطَٰنُ يَعِدُكُمُ ٱلْفَقْرَ,Medium,1,الشيطان يعدكم الفقر ويامركم بالفحشآء ۖ والله يعدكم مغفرة منه وفضلا ۗ والله واسع عليم [SEP] الشيطان يعدكم الفقر
وَاسْتَفْزِزْ مَنِ اسْتَطَعْتَ مِنْهُم بِصَوْتِكَ وَأَجْلِبْ عَلَيْهِم بِخَيْلِكَ وَرَجِلِكَ وَشَارِكْهُمْ فِي الْأَمْوَالِ وَالْأَوْلَادِ وَعِدْهُمْ ۚ وَمَا يَعِدُهُمُ الشَّيْطَانُ إِلَّا غُرُورًا [SEP] وَاسْتَفْزِزْ مَنِ اسْتَطَعْتَ مِنْهُم بِصَوْتِكَ وَأَجْلِبْ عَلَيْهِم بِخَيْلِكَ وَرَجِلِكَ وَشَارِكْهُمْ فِي الْأَمْوَالِ وَالْأَوْلَادِ وَعِدْهُمْ,High,2,واستفزز من استطعت منهم بصوتك واجلب عليهم بخيلك ورجلك وشاركهم في الاموال والاولاد وعدهم ۚ وما يعدهم الشيطان الا غرورا [SEP] واستفزز من استطعت منهم بصوتك واجلب عليهم بخيلك ورجلك وشاركهم في الاموال والاولاد وعدهم
لَّقَدْ أَنزَلْنَآ ءَايَٰتٍ مُّبَيِّنَٰتٍ ۚ وَٱللَّهُ يَهْدِي مَن يَشَآءُ إِلَىٰ صِرَٰطٍ مُّسْتَقِيمٍ [SEP] إِلَىٰ صِرَاطٍ مُّسْتَقِيمٍ,Low,0,لقد انزلنآ ءايات مبينات ۚ والله يهدي من يشآء الا صراط مستقيم [SEP] الا صراط مستقيم
فَمَنْ حَآجَّكَ فِيهِ مِنۢ بَعْدِ مَا جَآءَكَ مِنَ ٱلْعِلْمِ فَقُلْ تَعَالَوْا۟ نَدْعُ أَبْنَآءَنَا وَأَبْنَآءَكُمْ وَنِسَآءَنَا وَنِسَآءَكُمْ وَأَنفُسَنَا وَأَنفُسَكُمْ ثُمَّ نَبْتَهِلْ فَنَجْعَل لَّعْنَتَ ٱللَّهِ عَلَى ٱلْكَٰذِبِينَ [SEP] وَأَنفُسَنَا,Medium,1,فمن حآجك فيه منۢ بعد ما جآءك من العلم فقل تعالوا۟ ندع ابنآءنا وابنآءكم ونسآءنا ونسآءكم وانفسنا وانفسكم ثم نبتهل فنجعل لعنت الله علا الكاذبين [SEP] وانفسنا
هُوَ ٱلَّذِى يُحْىِۦ وَيُمِيتُ ۖ فَإِذَا قَضَىٰٓ أَمْرًا فَإِنَّمَا يَقُولُ لَهُۥ كُن فَيَكُونُ [SEP] فَإِذَا قَضَى أَمْرًا فَإِنَّمَا يَقُولُ لَهُ كُنْ فَيَكُونُ,High,2,هو الذا يحاۦ ويميت ۖ فاذا قضآ امرا فانما يقول لهۥ كن فيكون [SEP] فاذا قضا امرا فانما يقول له كن فيكون
قَالَ لَوْ أَنَّ لِى بِكُمْ قُوَّةً أَوْ ءَاوِىٓ إِلَىٰ رُكْنٍ شَدِيدٍ [SEP] أَوْ ءَاوِىٓ إِلَىٰ رُكْنٍ شَدِيدٍ,Medium,1,قال لو ان لا بكم قوة او ءاوآ الا ركن شديد [SEP] او ءاوآ الا ركن شديد
أَمْ حَسِبْتُمْ أَن تَدْخُلُوا۟ ٱلْجَنَّةَ وَلَمَّا يَأْتِكُم مَّثَلُ ٱلَّذِينَ خَلَوْا۟ مِن قَبْلِكُم ۖ مَّسَّتْهُمُ ٱلْبَأْسَآءُ وَٱلضَّرَّآءُ وَزُلْزِلُوا۟ حَتَّىٰ يَقُولَ ٱلرَّسُولُ وَٱلَّذِينَ ءَامَنُوا۟ مَعَهُۥ مَتَىٰ نَصْرُ ٱللَّهِ ۗ أَلَآ إِنَّ نَصْرَ ٱللَّهِ قَرِيبٌ [SEP] وَزُلْزِلُوا۟,Medium,1,ام حسبتم ان تدخلوا۟ الجنة ولما ياتكم مثل الذين خلوا۟ من قبلكم ۖ مستهم الباسآء والضرآء وزلزلوا۟ حتا يقول الرسول والذين ءامنوا۟ معهۥ متا نصر الله ۗ الآ ان نصر الله قريب [SEP] وزلزلوا۟
وَلَئِنْ أَتَيْتَ ٱلَّذِينَ أُوتُوا۟ ٱلْكِتَٰبَ بِكُلِّ ءَايَةٍ مَّا تَبِعُوا۟ قِبْلَتَكَ ۚ وَمَآ أَنتَ بِتَابِعٍ قِبْلَتَهُمْ ۚ وَمَا بَعْضُهُم بِتَابِعٍ قِبْلَةَ بَعْضٍ ۚ وَلَئِنِ ٱتَّبَعْتَ أَهْوَآءَهُم مِّنۢ بَعْدِ مَا جَآءَكَ مِنَ ٱلْعِلْمِ ۙ إِنَّكَ إِذًا لَّمِنَ ٱلظَّٰلِمِينَ [SEP] وَلَئِنِ ٱتَّبَعْتَ أَهْوَآءَهُم,Medium,1,ولئن اتيت الذين اوتوا۟ الكتاب بكل ءاية ما تبعوا۟ قبلتك ۚ ومآ انت بتابع قبلتهم ۚ وما بعضهم بتابع قبلة بعض ۚ ولئن اتبعت اهوآءهم منۢ بعد ما جآءك من العلم ۙ انك اذا لمن الظالمين [SEP] ولئن اتبعت اهوآءهم
وَهَدَيْنَاهُ النَّجْدَيْنِ [SEP] النَّجْدَيْنِ,Medium,1,وهديناه النجدين [SEP] النجدين
وَلَئِنْ أَذَقْنَاهُ رَحْمَةً مِّنَّا مِن بَعْدِ ضَرَّاءَ مَسَّتْهُ لَيَقُولَنَّ هَٰذَا لِي وَمَا أَظُنُّ السَّاعَةَ قَائِمَةً وَلَئِن رُّجِعْتُ إِلَىٰ رَبِّي إِنَّ لِي عِندَهُ لَلْحُسْنَىٰ ۚ فَلَنُنَبِّئَنَّ الَّذِينَ كَفَرُوا بِمَا عَمِلُوا وَلَنُذِيقَنَّهُم مِّنْ عَذَابٍ غَلِيظٍ [SEP] وَلَئِنْ أَذَقْنَاهُ رَحْمَةً... وَلَنُذِيقَنَّهُمْ مِنْ عَذَابٍ,Medium,1,ولئن اذقناه رحمة منا من بعد ضراء مسته ليقولن هاذا لي وما اظن الساعة قائمة ولئن رجعت الا ربي ان لي عنده للحسنا ۚ فلننبئن الذين كفروا بما عملوا ولنذيقنهم من عذاب غليظ [SEP] ولئن اذقناه رحمة... ولنذيقنهم من عذاب
وَإِذَآ أَذَقْنَا ٱلنَّاسَ رَحْمَةً مِّنۢ بَعْدِ ضَرَّآءَ مَسَّتْهُمْ إِذَا لَهُم مَّكْرٌ فِىٓ ءَايَٰتِنَا ۚ قُلِ ٱللَّهُ أَسْرَعُ مَكْرًا ۚ إِنَّ رُسُلَنَا يَكْتُبُونَ مَا تَمْكُرُونَ [SEP] وَإِذَآ أَذَقْنَا ٱلنَّاسَ رَحْمَةً,Medium,1,واذآ اذقنا الناس رحمة منۢ بعد ضرآء مستهم اذا لهم مكر فآ ءاياتنا ۚ قل الله اسرع مكرا ۚ ان رسلنا يكتبون ما تمكرون [SEP] واذآ اذقنا الناس رحمة
أُو۟لَٰٓئِكَ يَدْعُونَ إِلَى ٱلنَّارِ ۖ وَٱللَّهُ يَدْعُوٓا۟ إِلَى ٱلْجَنَّةِ وَٱلْمَغْفِرَةِ بِإِذْنِهِۦ [SEP] يَدْعُونَ إِلَى ٱلنَّارِ,Medium,1,او۟لآئك يدعون الا النار ۖ والله يدعوٓا۟ الا الجنة والمغفرة باذنهۦ [SEP] يدعون الا النار
فَمَا بَكَتْ عَلَيْهِمُ ٱلسَّمَآءُ وَٱلْأَرْضُ وَمَا كَانُوا۟ مُنظَرِينَ [SEP] فَمَا بَكَتْ عَلَيْهِمُ ٱلسَّمَآءُ وَٱلْأَرْضُ,Medium,1,فما بكت عليهم السمآء والارض وما كانوا۟ منظرين [SEP] فما بكت عليهم السمآء والارض
وَذَرِ ٱلَّذِينَ ٱتَّخَذُوا۟ دِينَهُمْ لَعِبًا وَلَهْوًا وَغَرَّتْهُمُ ٱلْحَيَوٰةُ ٱلدُّنْيَا ۚ وَذَكِّرْ بِهِۦٓ أَن تُبْسَلَ نَفْسٌۢ بِمَا كَسَبَتْ لَيْسَ لَهَا مِن دُونِ ٱللَّهِ وَلِىٌّ وَلَا شَفِيعٌ وَإِن تَعْدِلْ كُلَّ عَدْلٍ لَّا يُؤْخَذْ مِنْهَآ ۗ أُو۟لَٰٓئِكَ ٱلَّذِينَ أُبْسِلُوا۟ بِمَا كَسَبُوا۟ ۖ لَهُمْ شَرَابٌ مِّنْ حَمِيمٍ وَعَذَابٌ أَلِيمٌۢ بِمَا كَانُوا۟ يَكْفُرُونَ [SEP] أَن تُبْسَلَ نَفْسٌۢ بِمَا كَسَبَتْ,Medium,1,وذر الذين اتخذوا۟ دينهم لعبا ولهوا وغرتهم الحيواة الدنيا ۚ وذكر بهۦٓ ان تبسل نفسۢ بما كسبت ليس لها من دون الله ولا ولا شفيع وان تعدل كل عدل لا يؤخذ منهآ ۗ او۟لآئك الذين ابسلوا۟ بما كسبوا۟ ۖ لهم شراب من حميم وعذاب اليمۢ بما كانوا۟ يكفرون [SEP] ان تبسل نفسۢ بما كسبت
قَالَا رَبَّنَا إِنَّنَا نَخَافُ أَن يَفْرُطَ عَلَيْنَا أَوْ أَن يَطْغَىٰ [SEP] أَن يَفْرُطَ عَلَيْنَا,Medium,1,قالا ربنا اننا نخاف ان يفرط علينا او ان يطغا [SEP] ان يفرط علينا
وَأَلْقَوْا۟ إِلَى ٱللَّهِ يَوْمَئِذٍ ٱلسَّلَمَ ۖ وَضَلَّ عَنْهُم مَّا كَانُوا۟ يَفْتَرُونَ [SEP] وَأَلْقَوْا۟ إِلَى ٱللَّهِ يَوْمَئِذٍ ٱلسَّلَمَ,Medium,1,والقوا۟ الا الله يومئذ السلم ۖ وضل عنهم ما كانوا۟ يفترون [SEP] والقوا۟ الا الله يومئذ السلم
وَجَاءَ رَبُّكَ وَٱلْمَلَكُ صَفًّا صَفًّا [SEP] وَجَاءَ رَبُّكَ,Medium,1,وجاء ربك والملك صفا صفا [SEP] وجاء ربك
فَعَقَرُوا۟ ٱلنَّاقَةَ وَعَتَوْا۟ عَنْ أَمْرِ رَبِّهِمْ وَقَالُوا۟ يَٰصَٰلِحُ ٱئْتِنَا بِمَا تَعِدُنَآ إِن كُنتَ مِنَ ٱلْمُرْسَلِينَ [SEP] وَعَتَوْا۟ عَنْ أَمْرِ رَبِّهِمْ,Medium,1,فعقروا۟ الناقة وعتوا۟ عن امر ربهم وقالوا۟ ياصالح ائتنا بما تعدنآ ان كنت من المرسلين [SEP] وعتوا۟ عن امر ربهم
أَوَعَجِبْتُمْ أَن جَآءَكُمْ ذِكْرٌ مِّن رَّبِّكُمْ عَلَىٰ رَجُلٍ مِّنكُمْ لِيُنذِرَكُمْ ۚ وَٱذْكُرُوٓا۟ إِذْ جَعَلَكُمْ خُلَفَآءَ مِنۢ بَعْدِ قَوْمِ نُوحٍ وَزَادَكُمْ فِى ٱلْخَلْقِ بَصْطَةً ۖ فَٱذْكُرُوٓا۟ ءَالَآءَ ٱللَّهِ لَعَلَّكُمْ تُفْلِحُونَ [SEP] وَزَادَكُمْ فِي الْخَلْقِ بَصْطَةً,Medium,1,اوعجبتم ان جآءكم ذكر من ربكم علا رجل منكم لينذركم ۚ واذكروٓا۟ اذ جعلكم خلفآء منۢ بعد قوم نوح وزادكم فا الخلق بصطة ۖ فاذكروٓا۟ ءالآء الله لعلكم تفلحون [SEP] وزادكم في الخلق بصطة
وَإِذْ تَأَذَّنَ رَبُّكَ لَيَبْعَثَنَّ عَلَيْهِمْ إِلَىٰ يَوْمِ ٱلْقِيَٰمَةِ مَن يَسُومُهُمْ سُوٓءَ ٱلْعَذَابِ ۗ إِنَّ رَبَّكَ لَسَرِيعُ ٱلْعِقَابِ ۖ وَإِنَّهُۥ لَغَفُورٌ رَّحِيمٌ [SEP] مَن يَسُومُهُمْ سُوٓءَ ٱلْعَذَابِ,High,2,واذ تاذن ربك ليبعثن عليهم الا يوم القيامة من يسومهم سوٓء العذاب ۗ ان ربك لسريع العقاب ۖ وانهۥ لغفور رحيم [SEP] من يسومهم سوٓء العذاب
لِيَحْمِلُوٓا۟ أَوْزَارَهُمْ كَامِلَةً يَوْمَ ٱلْقِيَٰمَةِ ۙ وَمِنْ أَوْزَارِ ٱلَّذِينَ يُضِلُّونَهُم بِغَيْرِ عِلْمٍ ۗ أَلَا سَآءَ مَا يَزِرُونَ [SEP] لِيَحْمِلُوٓا۟ أَوْزَارَهُمْ,Medium,1,ليحملوٓا۟ اوزارهم كاملة يوم القيامة ۙ ومن اوزار الذين يضلونهم بغير علم ۗ الا سآء ما يزرون [SEP] ليحملوٓا۟ اوزارهم
وَلِيَعْلَمَ الَّذِينَ أُوتُوا الْعِلْمَ أَنَّهُ الْحَقُّ مِن رَّبِّكَ فَيُؤْمِنُوا بِهِ فَتُخْبِتَ لَهُ قُلُوبُهُمْ ۗ وَإِنَّ اللَّهَ لَهَادِ الَّذِينَ آمَنُوا إِلَىٰ صِرَاطٍ مُّسْتَقِيمٍ [SEP] فَتُخْبِتَ لَهُ قُلُوبُهُمْ,Medium,1,وليعلم الذين اوتوا العلم انه الحق من ربك فيؤمنوا به فتخبت له قلوبهم ۗ وان الله لهاد الذين امنوا الا صراط مستقيم [SEP] فتخبت له قلوبهم
وَاصْنَعِ الْفُلْكَ بِأَعْيُنِنَا وَوَحْيِنَا وَلَا تُخَاطِبْنِي فِي الَّذِينَ ظَلَمُوا ۚ إِنَّهُم مُّغْرَقُونَ [SEP] وَاصْنَعِ الْفُلْكَ بِأَعْيُنِنَا,High,2,واصنع الفلك باعيننا ووحينا ولا تخاطبني في الذين ظلموا ۚ انهم مغرقون [SEP] واصنع الفلك باعيننا
وَأَوْحَيْنَآ إِلَىٰ مُوسَىٰٓ أَنْ أَلْقِ عَصَاكَ ۖ فَإِذَا هِىَ تَلْقَفُ مَا يَأْفِكُونَ [SEP] فَإِذَا هِىَ تَلْقَفُ مَا يَأْفِكُونَ,Medium,1,واوحينآ الا موسآ ان الق عصاك ۖ فاذا ها تلقف ما يافكون [SEP] فاذا ها تلقف ما يافكون
أَفِي قُلُوبِهِم مَّرَضٌ أَمِ ارْتَابُوا أَمْ يَخَافُونَ أَن يَحِيفَ اللَّهُ عَلَيْهِمْ وَرَسُولُهُ ۚ بَلْ أُولَٰئِكَ هُمُ الظَّالِمُونَ [SEP] أَفِي قُلُوبِهِم مَّرَضٌ,Low,0,افي قلوبهم مرض ام ارتابوا ام يخافون ان يحيف الله عليهم ورسوله ۚ بل اولائك هم الظالمون [SEP] افي قلوبهم مرض
يَٰٓأَيُّهَا ٱلنَّاسُ قَدْ جَآءَكُم بُرْهَٰنٌ مِّن رَّبِّكُمْ وَأَنزَلْنَآ إِلَيْكُمْ نُورًا مُّبِينًا [SEP] وَأَنزَلْنَآ إِلَيْكُمْ نُورًا مُّبِينًا,Low,0,يآايها الناس قد جآءكم برهان من ربكم وانزلنآ اليكم نورا مبينا [SEP] وانزلنآ اليكم نورا مبينا
حَتَّىٰ إِذَا فُتِحَتْ يَأْجُوجُ وَمَأْجُوجُ وَهُم مِّن كُلِّ حَدَبٍ يَنسِلُونَ [SEP] وَهُم مِّن كُلِّ حَدَبٍ يَنسِلُونَ,Medium,1,حتا اذا فتحت ياجوج وماجوج وهم من كل حدب ينسلون [SEP] وهم من كل حدب ينسلون
وَيَوْمَ يَقُولُ نَادُوا شُرَكَائِيَ الَّذِينَ زَعَمْتُمْ فَدَعَوْهُمْ فَلَمْ يَسْتَجِيبُوا لَهُمْ وَجَعَلْنَا بَيْنَهُم مَّوْبِقًا [SEP] وَجَعَلْنَا بَيْنَهُم مَّوْبِقًا,Medium,1,ويوم يقول نادوا شركائي الذين زعمتم فدعوهم فلم يستجيبوا لهم وجعلنا بينهم موبقا [SEP] وجعلنا بينهم موبقا
قَالَ ٱدْخُلُوا۟ فِىٓ أُمَمٍ قَدْ خَلَتْ مِن قَبْلِكُم مِّنَ ٱلْجِنِّ وَٱلْإِنسِ فِى ٱلنَّارِ ۖ كُلَّمَا دَخَلَتْ أُمَّةٌ لَّعَنَتْ أُخْتَهَا ۖ حَتَّىٰٓ إِذَا ٱدَّارَكُوا۟ فِيهَا جَمِيعًا قَالَتْ أُخْرَىٰهُمْ لِأُولَىٰهُمْ رَبَّنَا هَٰٓؤُلَآءِ أَضَلُّونَا فَـَٔاتِهِمْ عَذَابًا ضِعْفًا مِّنَ ٱلنَّارِ ۖ قَالَ لِكُلٍّ ضِعْفٌ وَلَٰكِن لَّا تَعْلَمُونَ [SEP] كُلَّمَا دَخَلَتْ أُمَّةٌ لَّعَنَتْ أُخْتَهَا,Medium,1,قال ادخلوا۟ فآ امم قد خلت من قبلكم من الجن والانس فا النار ۖ كلما دخلت امة لعنت اختها ۖ حتآ اذا اداركوا۟ فيها جميعا قالت اخراهم لاولاهم ربنا هآؤلآء اضلونا فـٔاتهم عذابا ضعفا من النار ۖ قال لكل ضعف ولاكن لا تعلمون [SEP] كلما دخلت امة لعنت اختها
يُغْشِى ٱلَّيْلَ ٱلنَّهَارَ [SEP] يُغْشِى ٱلَّيْلَ ٱلنَّهَارَ,Medium,1,يغشا اليل النهار [SEP] يغشا اليل النهار
وَلَا تَزِرُ وَازِرَةٌ وِزْرَ أُخْرَىٰ ۚ وَإِن تَدْعُ مُثْقَلَةٌ إِلَىٰ حِمْلِهَا لَا يُحْمَلْ مِنْهُ شَيْءٌ وَلَوْ كَانَ ذَا قُرْبَىٰ ۗ إِنَّمَا تُنذِرُ الَّذِينَ يَخْشَوْنَ رَبَّهُم بِالْغَيْبِ وَأَقَامُوا الصَّلَاةَ ۚ وَمَن تَزَكَّىٰ فَإِنَّمَا يَتَزَكَّىٰ لِنَفْسِهِ ۚ وَإِلَى اللَّهِ الْمَصِيرُ [SEP] { وَإِن تَدْعُ مُثْقَلَةٌ إِلَىٰ حِمْلِهَا },Medium,1,ولا تزر وازرة وزر اخرا ۚ وان تدع مثقلة الا حملها لا يحمل منه شيء ولو كان ذا قربا ۗ انما تنذر الذين يخشون ربهم بالغيب واقاموا الصلاة ۚ ومن تزكا فانما يتزكا لنفسه ۚ والا الله المصير [SEP] { وان تدع مثقلة الا حملها }
وَإِنَّ مِنْهُمْ لَفَرِيقًا يَلْوُۥنَ أَلْسِنَتَهُم بِٱلْكِتَٰبِ لِتَحْسَبُوهُ مِنَ ٱلْكِتَٰبِ وَمَا هُوَ مِنَ ٱلْكِتَٰبِ وَيَقُولُونَ هُوَ مِنْ عِندِ ٱللَّهِ وَمَا هُوَ مِنْ عِندِ ٱللَّهِ وَيَقُولُونَ عَلَى ٱللَّهِ ٱلْكَذِبَ وَهُمْ يَعْلَمُونَ [SEP] يَلْوُۥنَ أَلْسِنَتَهُم بِٱلْكِتَٰبِ,Medium,1,وان منهم لفريقا يلوۥن السنتهم بالكتاب لتحسبوه من الكتاب وما هو من الكتاب ويقولون هو من عند الله وما هو من عند الله ويقولون علا الله الكذب وهم يعلمون [SEP] يلوۥن السنتهم بالكتاب
هَٰذَا نُزُلُهُمْ يَوْمَ ٱلدِّينِ [SEP] هَٰذَا نُزُلُهُمْ,Medium,1,هاذا نزلهم يوم الدين [SEP] هاذا نزلهم
فَبِمَا نَقْضِهِم مِّيثَٰقَهُمْ وَكُفْرِهِم بِـَٔايَٰتِ ٱللَّهِ وَقَتْلِهِمُ ٱلْأَنۢبِيَآءَ بِغَيْرِ حَقٍّ وَقَوْلِهِمْ قُلُوبُنَا غُلْفٌۢ ۚ بَلْ طَبَعَ ٱللَّهُ عَلَيْهَا بِكُفْرِهِمْ فَلَا يُؤْمِنُونَ إِلَّا قَلِيلًا [SEP] طَبَعَ ٱللَّهُ عَلَيْهَا,Medium,1,فبما نقضهم ميثاقهم وكفرهم بـٔايات الله وقتلهم الانۢبيآء بغير حق وقولهم قلوبنا غلفۢ ۚ بل طبع الله عليها بكفرهم فلا يؤمنون الا قليلا [SEP] طبع الله عليها
وَأُحِيطَ بِثَمَرِهِ فَأَصْبَحَ يُقَلِّبُ كَفَّيْهِ عَلَىٰ مَا أَنفَقَ فِيهَا وَهِيَ خَاوِيَةٌ عَلَىٰ عُرُوشِهَا [SEP] فَأَصْبَحَ يُقَلِّبُ كَفَّيْهِ,Medium,1,واحيط بثمره فاصبح يقلب كفيه علا ما انفق فيها وهي خاوية علا عروشها [SEP] فاصبح يقلب كفيه
إِنَّ ٱلَّذِينَ ٱشْتَرَوُا۟ ٱلْكُفْرَ بِٱلْإِيمَٰنِ لَن يَضُرُّوا۟ ٱللَّهَ شَيْـًٔا وَلَهُمْ عَذَابٌ أَلِيمٌ [SEP] ٱشْتَرَوُا۟ ٱلْكُفْرَ بِٱلْإِيمَٰنِ,Medium,1,ان الذين اشتروا۟ الكفر بالايمان لن يضروا۟ الله شيـٔا ولهم عذاب اليم [SEP] اشتروا۟ الكفر بالايمان
وَمَآ أَنزَلْنَا عَلَيْكَ ٱلْكِتَٰبَ إِلَّا لِتُبَيِّنَ لَهُمُ ٱلَّذِى ٱخْتَلَفُوا۟ فِيهِ ۙ وَهُدًى وَرَحْمَةً لِّقَوْمٍ يُؤْمِنُونَ [SEP] وَهُدًى وَرَحْمَةً لِّقَوْمٍ يُؤْمِنُونَ,Medium,1,ومآ انزلنا عليك الكتاب الا لتبين لهم الذا اختلفوا۟ فيه ۙ وهدا ورحمة لقوم يؤمنون [SEP] وهدا ورحمة لقوم يؤمنون
فَإِذَا نَزَلَ بِسَاحَتِهِمْ فَسَاءَ صَبَاحُ ٱلْمُنذَرِينَ [SEP] فَإِذَا نَزَلَ بِسَاحَتِهِمْ فَسَاءَ صَبَاحُ الْمُنْذَرِينَ,High,2,فاذا نزل بساحتهم فساء صباح المنذرين [SEP] فاذا نزل بساحتهم فساء صباح المنذرين
قُلْ مَن كَانَ عَدُوًّا لِّجِبْرِيلَ فَإِنَّهُۥ نَزَّلَهُۥ عَلَىٰ قَلْبِكَ بِإِذْنِ ٱللَّهِ مُصَدِّقًا لِّمَا بَيْنَ يَدَيْهِ وَهُدًى وَبُشْرَىٰ لِلْمُؤْمِنِينَ [SEP] نَزَّلَهُۥ عَلَىٰ قَلْبِكَ,Medium,1,قل من كان عدوا لجبريل فانهۥ نزلهۥ علا قلبك باذن الله مصدقا لما بين يديه وهدا وبشرا للمؤمنين [SEP] نزلهۥ علا قلبك
إِنَّ الصَّلَاةَ تَنْهَىٰ عَنِ الْفَحْشَاءِ وَالْمُنكَرِ [SEP] إِنَّ الصَّلَاةَ تَنْهَىٰ,Medium,1,ان الصلاة تنها عن الفحشاء والمنكر [SEP] ان الصلاة تنها
وَلِتَصْغَىٰٓ إِلَيْهِ أَفْـِٔدَةُ ٱلَّذِينَ لَا يُؤْمِنُونَ بِٱلْءَاخِرَةِ وَلِيَرْضَوْهُ وَلِيَقْتَرِفُوا۟ مَا هُم مُّقْتَرِفُونَ [SEP] وَلِتَصْغَىٰٓ إِلَيْهِ أَفْـِٔدَةُ... وَلِيَقْتَرِفُوا۟...,Medium,1,ولتصغآ اليه افـٔدة الذين لا يؤمنون بالءاخرة وليرضوه وليقترفوا۟ ما هم مقترفون [SEP] ولتصغآ اليه افـٔدة... وليقترفوا۟...
فَأُمُّهُۥ هَاوِيَةٌ [SEP] فَأُمُّهُۥ هَاوِيَةٌ,Medium,1,فامهۥ هاوية [SEP] فامهۥ هاوية
وَتَرَىٰ كَثِيرًا مِّنْهُمْ يُسَٰرِعُونَ فِى ٱلْإِثْمِ وَٱلْعُدْوَٰنِ وَأَكْلِهِمُ ٱلسُّحْتَ ۚ لَبِئْسَ مَا كَانُوا۟ يَعْمَلُونَ [SEP] يُسَٰرِعُونَ فِى ٱلْإِثْمِ,Low,0,وترا كثيرا منهم يسارعون فا الاثم والعدوان واكلهم السحت ۚ لبئس ما كانوا۟ يعملون [SEP] يسارعون فا الاثم
وَلِيُمَحِّصَ ٱللَّهُ ٱلَّذِينَ ءَامَنُوا۟ وَيَمْحَقَ ٱلْكَٰفِرِينَ [SEP] وَلِيُمَحِّصَ ٱللَّهُ ٱلَّذِينَ ءَامَنُوا۟,Medium,1,وليمحص الله الذين ءامنوا۟ ويمحق الكافرين [SEP] وليمحص الله الذين ءامنوا۟
وَكُلُوا۟ وَٱشْرَبُوا۟ حَتَّىٰ يَتَبَيَّنَ لَكُمُ ٱلْخَيْطُ ٱلْأَبْيَضُ مِنَ ٱلْخَيْطِ ٱلْأَسْوَدِ مِنَ ٱلْفَجْرِ [SEP] يَتَبَيَّنَ لَكُمُ ٱلْخَيْطُ ٱلْأَبْيَضُ مِنَ ٱلْخَيْطِ ٱلْأَسْوَدِ مِنَ ٱلْفَجْرِ,Medium,1,وكلوا۟ واشربوا۟ حتا يتبين لكم الخيط الابيض من الخيط الاسود من الفجر [SEP] يتبين لكم الخيط الابيض من الخيط الاسود من الفجر
لَا يَزَالُ بُنْيَٰنُهُمُ ٱلَّذِى بَنَوْا۟ رِيبَةً فِى قُلُوبِهِمْ إِلَّآ أَن تَقَطَّعَ قُلُوبُهُمْ ۗ وَٱللَّهُ عَلِيمٌ حَكِيمٌ [SEP] لَا يَزَالُ بُنْيَٰنُهُمُ... رِيبَةً,Medium,1,لا يزال بنيانهم الذا بنوا۟ ريبة فا قلوبهم الآ ان تقطع قلوبهم ۗ والله عليم حكيم [SEP] لا يزال بنيانهم... ريبة
وَٱلَّذِينَ كَذَّبُوا۟ بِـَٔايَٰتِنَا وَلِقَآءِ ٱلْءَاخِرَةِ حَبِطَتْ أَعْمَٰلُهُمْ ۚ هَلْ يُجْزَوْنَ إِلَّا مَا كَانُوا۟ يَعْمَلُونَ [SEP] حَبِطَتْ أَعْمَٰلُهُمْ,Medium,1,والذين كذبوا۟ بـٔاياتنا ولقآء الءاخرة حبطت اعمالهم ۚ هل يجزون الا ما كانوا۟ يعملون [SEP] حبطت اعمالهم
وَإِنَّكَ لَعَلَىٰ خُلُقٍ عَظِيمٍ [SEP] وَإِنَّكَ لَعَلَىٰ خُلُقٍ عَظِيمٍ,Medium,1,وانك لعلا خلق عظيم [SEP] وانك لعلا خلق عظيم
وَمَآ أُبَرِّئُ نَفْسِىٓ ۚ إِنَّ ٱلنَّفْسَ لَأَمَّارَةٌۢ بِٱلسُّوٓءِ إِلَّا مَا رَحِمَ رَبِّىٓ ۚ إِنَّ رَبِّى غَفُورٌ رَّحِيمٌ [SEP] إِنَّ ٱلنَّفْسَ لَأَمَّارَةٌۢ بِٱلسُّوٓءِ,Medium,1,ومآ ابرئ نفسآ ۚ ان النفس لامارةۢ بالسوٓء الا ما رحم ربآ ۚ ان ربا غفور رحيم [SEP] ان النفس لامارةۢ بالسوٓء
وَلَقَدْ زَيَّنَّا ٱلسَّمَآءَ ٱلدُّنْيَا بِمَصَٰبِيحَ وَجَعَلْنَٰهَا رُجُومًا لِّلشَّيَٰطِينِ ۖ وَأَعْتَدْنَا لَهُمْ عَذَابَ ٱلسَّعِيرِ [SEP] بِمَصَٰبِيحَ,Medium,1,ولقد زينا السمآء الدنيا بمصابيح وجعلناها رجوما للشياطين ۖ واعتدنا لهم عذاب السعير [SEP] بمصابيح
أَتَأْمُرُونَ ٱلنَّاسَ بِٱلْبِرِّ وَتَنسَوْنَ أَنفُسَكُمْ وَأَنتُمْ تَتْلُونَ ٱلْكِتَٰبَ ۚ أَفَلَا تَعْقِلُونَ [SEP] وَتَنسَوْنَ أَنفُسَكُمْ,Medium,1,اتامرون الناس بالبر وتنسون انفسكم وانتم تتلون الكتاب ۚ افلا تعقلون [SEP] وتنسون انفسكم
أَفَلَا يَرَوْنَ أَنَّا نَأْتِي الْأَرْضَ نَنقُصُهَا مِنْ أَطْرَافِهَا ۚ أَفَهُمُ الْغَالِبُونَ [SEP] أَنَّا نَأْتِي الْأَرْضَ نَنقُصُهَا مِنْ أَطْرَافِهَا,High,2,افلا يرون انا ناتي الارض ننقصها من اطرافها ۚ افهم الغالبون [SEP] انا ناتي الارض ننقصها من اطرافها
فَمَا كَانَ جَوَابَ قَوْمِهِ إِلَّا أَن قَالُوا أَخْرِجُوا آلَ لُوطٍ مِّن قَرْيَتِكُمْ ۖ إِنَّهُمْ أُنَاسٌ يَتَطَهَّرُونَ [SEP] إِنَّهُمْ أُنَاسٌ يَتَطَهَّرُونَ,Medium,1,فما كان جواب قومه الا ان قالوا اخرجوا ال لوط من قريتكم ۖ انهم اناس يتطهرون [SEP] انهم اناس يتطهرون
۞ أَفَمَن يَعْلَمُ أَنَّمَآ أُنزِلَ إِلَيْكَ مِن رَّبِّكَ ٱلْحَقُّ كَمَنْ هُوَ أَعْمَىٰٓ ۚ إِنَّمَا يَتَذَكَّرُ أُو۟لُوا۟ ٱلْأَلْبَٰبِ [SEP] كَمَنْ هُوَ أَعْمَىٰ,Medium,1,۞ افمن يعلم انمآ انزل اليك من ربك الحق كمن هو اعمآ ۚ انما يتذكر او۟لوا۟ الالباب [SEP] كمن هو اعما
اسْلُكْ يَدَكَ فِي جَيْبِكَ تَخْرُجْ بَيْضَاءَ مِنْ غَيْرِ سُوءٍ وَاضْمُمْ إِلَيْكَ جَنَاحَكَ مِنَ الرَّهْبِ ۖ فَذَانِكَ بُرْهَانَانِ مِن رَّبِّكَ إِلَىٰ فِرْعَوْنَ وَمَلَئِهِ ۚ إِنَّهُمْ كَانُوا قَوْمًا فَاسِقِينَ [SEP] وَاضْمُمْ إِلَيْكَ جَنَاحَكَ مِنَ الرَّهْبِ,High,2,اسلك يدك في جيبك تخرج بيضاء من غير سوء واضمم اليك جناحك من الرهب ۖ فذانك برهانان من ربك الا فرعون وملئه ۚ انهم كانوا قوما فاسقين [SEP] واضمم اليك جناحك من الرهب
لِّيَهْلِكَ مَنْ هَلَكَ عَنۢ بَيِّنَةٍ وَيَحْيَىٰ مَنْ حَىَّ عَنۢ بَيِّنَةٍ [SEP] لِّيَهْلِكَ مَنْ هَلَكَ عَنۢ بَيِّنَةٍ وَيَحْيَىٰ مَنْ حَىَّ عَنۢ بَيِّنَةٍ,Medium,1,ليهلك من هلك عنۢ بينة ويحيا من حا عنۢ بينة [SEP] ليهلك من هلك عنۢ بينة ويحيا من حا عنۢ بينة
وَٱلْوَزْنُ يَوْمَئِذٍ ٱلْحَقُّ ۚ فَمَن ثَقُلَتْ مَوَٰزِينُهُۥ فَأُو۟لَٰٓئِكَ هُمُ ٱلْمُفْلِحُونَ [SEP] فَمَن ثَقُلَتْ مَوَٰزِينُهُۥ,Medium,1,والوزن يومئذ الحق ۚ فمن ثقلت موازينهۥ فاو۟لآئك هم المفلحون [SEP] فمن ثقلت موازينهۥ
وَأَمَّا الَّذِينَ فَسَقُوا فَمَأْوَاهُمُ النَّارُ ۖ كُلَّمَا أَرَادُوا أَن يَخْرُجُوا مِنْهَا أُعِيدُوا فِيهَا وَقِيلَ لَهُمْ ذُوقُوا عَذَابَ النَّارِ الَّذِي كُنتُم بِهِ تُكَذِّبُونَ [SEP] { وَقِيلَ لَهُمْ ذُوقُوا عَذَابَ النَّارِ },Medium,1,واما الذين فسقوا فماواهم النار ۖ كلما ارادوا ان يخرجوا منها اعيدوا فيها وقيل لهم ذوقوا عذاب النار الذي كنتم به تكذبون [SEP] { وقيل لهم ذوقوا عذاب النار }
وَإِذْ أَخَذْنَا مِيثَٰقَكُمْ وَرَفَعْنَا فَوْقَكُمُ ٱلطُّورَ خُذُوا۟ مَآ ءَاتَيْنَٰكُم بِقُوَّةٍ وَٱسْمَعُوا۟ ۖ قَالُوا۟ سَمِعْنَا وَعَصَيْنَا وَأُشْرِبُوا۟ فِى قُلُوبِهِمُ ٱلْعِجْلَ بِكُفْرِهِمْ ۚ قُلْ بِئْسَمَا يَأْمُرُكُم بِهِۦٓ إِيمَٰنُكُمْ إِن كُنتُم مُّؤْمِنِينَ [SEP] وَأُشْرِبُوا فِي قُلُوبِهِمُ الْعِجْلَ,Medium,1,واذ اخذنا ميثاقكم ورفعنا فوقكم الطور خذوا۟ مآ ءاتيناكم بقوة واسمعوا۟ ۖ قالوا۟ سمعنا وعصينا واشربوا۟ فا قلوبهم العجل بكفرهم ۚ قل بئسما يامركم بهۦٓ ايمانكم ان كنتم مؤمنين [SEP] واشربوا في قلوبهم العجل
كُلُواْ مِن طَيِّبَٰتِ مَا رَزَقۡنَٰكُمۡ وَلَا تَطۡغَوۡاْ فِيهِ فَيَحِلَّ عَلَيۡكُمۡ غَضَبِيۖ وَمَن يَحۡلِلۡ عَلَيۡهِ غَضَبِي فَقَدۡ هَوَىٰ [SEP] فَيَحِلَّ عَلَيْكُمْ غَضَبِي... وَمَنْ يَحْلِلْ عَلَيْهِ غَضَبِي فَقَدْ هَوَى,Medium,1,كلوا من طيبات ما رزقۡناكمۡ ولا تطۡغوۡا فيه فيحل عليۡكمۡ غضبيۖ ومن يحۡللۡ عليۡه غضبي فقدۡ هوا [SEP] فيحل عليكم غضبي... ومن يحلل عليه غضبي فقد هوا
فَقَدْ كَذَّبُوكُم بِمَا تَقُولُونَ فَمَا تَسْتَطِيعُونَ صَرْفًا وَلَا نَصْرًا ۚ وَمَن يَظْلِم مِّنكُمْ نُذِقْهُ عَذَابًا كَبِيرًا [SEP] وَمَن يَظْلِم مِّنكُمْ نُذِقْهُ عَذَابًا كَبِيرًا,Medium,1,فقد كذبوكم بما تقولون فما تستطيعون صرفا ولا نصرا ۚ ومن يظلم منكم نذقه عذابا كبيرا [SEP] ومن يظلم منكم نذقه عذابا كبيرا
ٱسْتَحْوَذَ عَلَيْهِمُ ٱلشَّيْطَٰنُ فَأَنسَىٰهُمْ ذِكْرَ ٱللَّهِ ۚ أُو۟لَٰٓئِكَ حِزْبُ ٱلشَّيْطَٰنِ ۚ أَلَآ إِنَّ حِزْبَ ٱلشَّيْطَٰنِ هُمُ ٱلْخَٰسِرُونَ [SEP] ٱسْتَحْوَذَ عَلَيْهِمُ ٱلشَّيْطَٰنُ,Medium,1,استحوذ عليهم الشيطان فانساهم ذكر الله ۚ او۟لآئك حزب الشيطان ۚ الآ ان حزب الشيطان هم الخاسرون [SEP] استحوذ عليهم الشيطان
وَجَعَلْنَا عَلَىٰ قُلُوبِهِمْ أَكِنَّةً أَن يَفْقَهُوهُ وَفِي آذَانِهِمْ وَقْرًا [SEP] أَكِنَّةً,Medium,1,وجعلنا علا قلوبهم اكنة ان يفقهوه وفي اذانهم وقرا [SEP] اكنة
وَذَا النُّونِ إِذ ذَّهَبَ مُغَاضِبًا فَظَنَّ أَن لَّن نَّقْدِرَ عَلَيْهِ فَنَادَىٰ فِي الظُّلُمَاتِ أَن لَّا إِلَٰهَ إِلَّا أَنتَ سُبْحَانَكَ إِنِّي كُنتُ مِنَ الظَّالِمِينَ [SEP] فَنَادَىٰ فِي الظُّلُمَاتِ,Medium,1,وذا النون اذ ذهب مغاضبا فظن ان لن نقدر عليه فنادا في الظلمات ان لا الاه الا انت سبحانك اني كنت من الظالمين [SEP] فنادا في الظلمات
ذَٰلِكَ وَمَن يُعَظِّمْ شَعَائِرَ اللَّهِ فَإِنَّهَا مِن تَقْوَى الْقُلُوبِ [SEP] فَإِنَّهَا مِن تَقْوَى الْقُلُوبِ,Medium,1,ذالك ومن يعظم شعائر الله فانها من تقوا القلوب [SEP] فانها من تقوا القلوب
وَأَصْبَحَ فُؤَادُ أُمِّ مُوسَىٰ فَارِغًا ۖ إِن كَادَتْ لَتُبْدِي بِهِ لَوْلَا أَن رَّبَطْنَا عَلَىٰ قَلْبِهَا لِتَكُونَ مِنَ الْمُؤْمِنِينَ [SEP] رَّبَطْنَا عَلَىٰ قَلْبِهَا,Medium,1,واصبح فؤاد ام موسا فارغا ۖ ان كادت لتبدي به لولا ان ربطنا علا قلبها لتكون من المؤمنين [SEP] ربطنا علا قلبها
الَّذِينَ ضَلَّ سَعْيُهُمْ فِي الْحَيَاةِ الدُّنْيَا وَهُمْ يَحْسَبُونَ أَنَّهُمْ يُحْسِنُونَ صُنْعًا [SEP] ضَلَّ سَعْيُهُمْ,Medium,1,الذين ضل سعيهم في الحياة الدنيا وهم يحسبون انهم يحسنون صنعا [SEP] ضل سعيهم
فَتَقَطَّعُوا أَمْرَهُمْ بَيْنَهُمْ زُبُرًا ۖ كُلُّ حِزْبٍ بِمَا لَدَيْهِمْ فَرِحُونَ [SEP] فَتَقَطَّعُوا أَمْرَهُمْ بَيْنَهُمْ زُبُرًا,High,2,فتقطعوا امرهم بينهم زبرا ۖ كل حزب بما لديهم فرحون [SEP] فتقطعوا امرهم بينهم زبرا
وَمَا أَدْرَاكَ مَا الْقَارِعَةُ [SEP] الْقَارِعَةُ,Medium,1,وما ادراك ما القارعة [SEP] القارعة
وَقَالَ الَّذِينَ أُوتُوا الْعِلْمَ وَيْلَكُمْ ثَوَابُ اللَّهِ خَيْرٌ لِّمَنْ آمَنَ وَعَمِلَ صَالِحًا وَلَا يُلَقَّاهَا إِلَّا الصَّابِرُونَ [SEP] وَلَا يُلَقَّاهَا إِلَّا الصَّابِرُونَ,Medium,1,وقال الذين اوتوا العلم ويلكم ثواب الله خير لمن امن وعمل صالحا ولا يلقاها الا الصابرون [SEP] ولا يلقاها الا الصابرون
قَدْ مَكَرَ ٱلَّذِينَ مِن قَبْلِهِمْ فَأَتَى ٱللَّهُ بُنْيَٰنَهُم مِّنَ ٱلْقَوَاعِدِ فَخَرَّ عَلَيْهِمُ ٱلسَّقْفُ مِن فَوْقِهِمْ وَأَتَىٰهُمُ ٱلْعَذَابُ مِنْ حَيْثُ لَا يَشْعُرُونَ [SEP] فَأَتَى ٱللَّهُ بُنْيَٰنَهُم مِّنَ ٱلْقَوَاعِدِ فَخَرَّ عَلَيْهِمُ ٱلسَّقْفُ مِن فَوْقِهِمْ,High,2,قد مكر الذين من قبلهم فاتا الله بنيانهم من القواعد فخر عليهم السقف من فوقهم واتاهم العذاب من حيث لا يشعرون [SEP] فاتا الله بنيانهم من القواعد فخر عليهم السقف من فوقهم
ذَٰلِكُم بِأَنَّكُمُ ٱتَّخَذْتُمْ ءَايَٰتِ ٱللَّهِ هُزُوًا وَغَرَّتْكُمُ ٱلْحَيَوٰةُ ٱلدُّنْيَا [SEP] وَغَرَّتْكُمُ ٱلْحَيَوٰةُ ٱلدُّنْيَا,Medium,1,ذالكم بانكم اتخذتم ءايات الله هزوا وغرتكم الحيواة الدنيا [SEP] وغرتكم الحيواة الدنيا
هُوَ ٱلَّذِي يُصَلِّي عَلَيۡكُمۡ وَمَلَـٰٓئِكَتُهُۥ لِيُخۡرِجَكُم مِّنَ ٱلظُّلُمَٰتِ إِلَى ٱلنُّورِۚ وَكَانَ بِٱلۡمُؤۡمِنِينَ رَحِيمٗا [SEP] لِيُخْرِجَكُمْ مِنَ الظُّلُمَاتِ إِلَى النُّورِ,Medium,1,هو الذي يصلي عليۡكمۡ وملـآئكتهۥ ليخۡرجكم من الظلمات الا النورۚ وكان بالۡمؤۡمنين رحيمٗا [SEP] ليخرجكم من الظلمات الا النور
وَلَا تَقُولُوا۟ لِمَا تَصِفُ أَلْسِنَتُكُمُ ٱلْكَذِبَ هَٰذَا حَلَٰلٌ وَهَٰذَا حَرَامٌ لِّتَفْتَرُوا۟ عَلَى ٱللَّهِ ٱلْكَذِبَ ۚ إِنَّ ٱلَّذِينَ يَفْتَرُونَ عَلَى ٱللَّهِ ٱلْكَذِبَ لَا يُفْلِحُونَ [SEP] تَصِفُ أَلْسِنَتُكُمُ ٱلْكَذِبَ,Medium,1,ولا تقولوا۟ لما تصف السنتكم الكذب هاذا حلال وهاذا حرام لتفتروا۟ علا الله الكذب ۚ ان الذين يفترون علا الله الكذب لا يفلحون [SEP] تصف السنتكم الكذب
وَإِذَا النُّفُوسُ زُوِّجَتْ [SEP] وَإِذَا النُّفُوسُ زُوِّجَتْ,Medium,1,واذا النفوس زوجت [SEP] واذا النفوس زوجت
وَلَيْسَتِ ٱلتَّوْبَةُ لِلَّذِينَ يَعْمَلُونَ ٱلسَّيِّـَٔاتِ حَتَّىٰٓ إِذَا حَضَرَ أَحَدَهُمُ ٱلْمَوْتُ قَالَ إِنِّى تُبْتُ ٱلْـَٰٔنَ [SEP] حَضَرَ أَحَدَهُمُ ٱلْمَوْتُ,Medium,1,وليست التوبة للذين يعملون السيـٔات حتآ اذا حضر احدهم الموت قال انا تبت الـٔان [SEP] حضر احدهم الموت
يَٰٓأَيُّهَا ٱلنَّاسُ ٱتَّقُواْ رَبَّكُمۡ وَٱخۡشَوۡاْ يَوۡمٗا لَّا يَجۡزِي وَالِدٌ عَن وَلَدِهِۦ وَلَا مَوۡلُودٌ هُوَ جَازٍ عَن وَالِدِهِۦ شَيۡـًٔاۚ إِنَّ وَعۡدَ ٱللَّهِ حَقّٞۖ فَلَا تَغُرَّنَّكُمُ ٱلۡحَيَوٰةُ ٱلدُّنۡيَا وَلَا يَغُرَّنَّكُم بِٱللَّهِ ٱلۡغَرُورُ [SEP] فَلَا تَغُرَّنَّكُمُ الْحَيَاةُ الدُّنْيَا,Medium,1,يآايها الناس اتقوا ربكمۡ واخۡشوۡا يوۡمٗا لا يجۡزي والد عن ولدهۦ ولا موۡلود هو جاز عن والدهۦ شيۡـٔاۚ ان وعۡد الله حقٞۖ فلا تغرنكم الۡحيواة الدنۡيا ولا يغرنكم بالله الۡغرور [SEP] فلا تغرنكم الحياة الدنيا
وَقَالُوا إِن نَّتَّبِعِ الْهُدَىٰ مَعَكَ نُتَخَطَّفْ مِنْ أَرْضِنَا ۚ أَوَلَمْ نُمَكِّن لَّهُمْ حَرَمًا آمِنًا يُجْبَىٰ إِلَيْهِ ثَمَرَاتُ كُلِّ شَيْءٍ رِّزْقًا مِّن لَّدُنَّا وَلَٰكِنَّ أَكْثَرَهُمْ لَا يَعْلَمُونَ [SEP] نُتَخَطَّفْ مِنْ أَرْضِنَا,Medium,1,وقالوا ان نتبع الهدا معك نتخطف من ارضنا ۚ اولم نمكن لهم حرما امنا يجبا اليه ثمرات كل شيء رزقا من لدنا ولاكن اكثرهم لا يعلمون [SEP] نتخطف من ارضنا
وَدُّوا۟ لَوْ تُدْهِنُ فَيُدْهِنُونَ [SEP] وَدُّوا۟ لَوْ تُدْهِنُ فَيُدْهِنُونَ,Medium,1,ودوا۟ لو تدهن فيدهنون [SEP] ودوا۟ لو تدهن فيدهنون
إِذًا لَّأَذَقْنَاكَ ضِعْفَ الْحَيَاةِ وَضِعْفَ الْمَمَاتِ ثُمَّ لَا تَجِدُ لَكَ عَلَيْنَا نَصِيرًا [SEP] إِذًا لَّأَذَقْنَاكَ ضِعْفَ الْحَيَاةِ,Medium,1,اذا لاذقناك ضعف الحياة وضعف الممات ثم لا تجد لك علينا نصيرا [SEP] اذا لاذقناك ضعف الحياة
إِنَّمَا يَسْتَـْٔذِنُكَ ٱلَّذِينَ لَا يُؤْمِنُونَ بِٱللَّهِ وَٱلْيَوْمِ ٱلْءَاخِرِ وَٱرْتَابَتْ قُلُوبُهُمْ فَهُمْ فِى رَيْبِهِمْ يَتَرَدَّدُونَ [SEP] وَٱرْتَابَتْ قُلُوبُهُمْ,Medium,1,انما يستـٔذنك الذين لا يؤمنون بالله واليوم الءاخر وارتابت قلوبهم فهم فا ريبهم يترددون [SEP] وارتابت قلوبهم
فَأَلْقَىٰ مُوسَىٰ عَصَاهُ فَإِذَا هِيَ تَلْقَفُ مَا يَأْفِكُونَ [SEP] تَلْقَفُ مَا يَأْفِكُونَ,Medium,1,فالقا موسا عصاه فاذا هي تلقف ما يافكون [SEP] تلقف ما يافكون
وَمَا أَرْسَلْنَاكَ إِلَّا رَحْمَةً لِلْعَالَمِينَ [SEP] وَمَا أَرْسَلْنَاكَ إِلَّا رَحْمَةً,Medium,1,وما ارسلناك الا رحمة للعالمين [SEP] وما ارسلناك الا رحمة
إِنَّ الَّذِينَ لَا يُؤْمِنُونَ بِالْآخِرَةِ زَيَّنَّا لَهُمْ أَعْمَالَهُمْ فَهُمْ يَعْمَهُونَ [SEP] زَيَّنَّا لَهُمْ أَعْمَالَهُمْ,Medium,1,ان الذين لا يؤمنون بالاخرة زينا لهم اعمالهم فهم يعمهون [SEP] زينا لهم اعمالهم
وَلِلَّهِ غَيْبُ ٱلسَّمَٰوَٰتِ وَٱلْأَرْضِ وَإِلَيْهِ يُرْجَعُ ٱلْأَمْرُ كُلُّهُۥ فَٱعْبُدْهُ وَتَوَكَّلْ عَلَيْهِ ۚ وَمَا رَبُّكَ بِغَٰفِلٍ عَمَّا تَعْمَلُونَ [SEP] وَإِلَيْهِ يُرْجَعُ ٱلْأَمْرُ كُلُّهُۥ,Medium,1,ولله غيب السماوات والارض واليه يرجع الامر كلهۥ فاعبده وتوكل عليه ۚ وما ربك بغافل عما تعملون [SEP] واليه يرجع الامر كلهۥ
كَذَّبَ الَّذِينَ مِن قَبْلِهِمْ فَأَتَاهُمُ الْعَذَابُ مِنْ حَيْثُ لَا يَشْعُرُونَ [SEP] فَأَتَاهُمُ الْعَذَابُ,Medium,1,كذب الذين من قبلهم فاتاهم العذاب من حيث لا يشعرون [SEP] فاتاهم العذاب
وَإِذَا رَأَيْتَهُمْ تُعْجِبُكَ أَجْسَامُهُمْ ۖ وَإِن يَقُولُوا۟ تَسْمَعْ لِقَوْلِهِمْ ۖ كَأَنَّهُمْ خُشُبٌ مُّسَنَّدَةٌ ۖ يَحْسَبُونَ كُلَّ صَيْحَةٍ عَلَيْهِمْ ۚ هُمُ ٱلْعَدُوُّ فَٱحْذَرْهُمْ ۚ قَٰتَلَهُمُ ٱللَّهُ ۖ أَنَّىٰ يُؤْفَكُونَ [SEP] كَأَنَّهُمْ خُشُبٌ مُّسَنَّدَةٌ,High,2,واذا رايتهم تعجبك اجسامهم ۖ وان يقولوا۟ تسمع لقولهم ۖ كانهم خشب مسندة ۖ يحسبون كل صيحة عليهم ۚ هم العدو فاحذرهم ۚ قاتلهم الله ۖ انا يؤفكون [SEP] كانهم خشب مسندة
أَمْ يَقُولُونَ ٱفْتَرَىٰ عَلَى ٱللَّهِ كَذِبًا ۖ فَإِن يَشَإِ ٱللَّهُ يَخْتِمْ عَلَىٰ قَلْبِكَ ۗ وَيَمْحُ ٱللَّهُ ٱلْبَٰطِلَ وَيُحِقُّ ٱلْحَقَّ بِكَلِمَٰتِهِۦٓ ۚ إِنَّهُۥ عَلِيمٌۢ بِذَاتِ ٱلصُّدُورِ [SEP] فَإِن يَشَإِ اللَّهُ يَخْتِمْ عَلَىٰ قَلْبِكَ,Medium,1,ام يقولون افترا علا الله كذبا ۖ فان يشا الله يختم علا قلبك ۗ ويمح الله الباطل ويحق الحق بكلماتهۦٓ ۚ انهۥ عليمۢ بذات الصدور [SEP] فان يشا الله يختم علا قلبك
وَلَا الظُّلُمَاتُ وَلَا النُّورُ [SEP] وَلَا الظُّلُمَاتُ وَلَا النُّورُ,Medium,1,ولا الظلمات ولا النور [SEP] ولا الظلمات ولا النور
أُو۟لَٰٓئِكَ ٱلَّذِينَ ٱمْتَحَنَ ٱللَّهُ قُلُوبَهُمْ لِلتَّقْوَىٰ ۚ لَهُم مَّغْفِرَةٌ وَأَجْرٌ عَظِيمٌ [SEP] امْتَحَنَ اللَّهُ قُلُوبَهُمْ لِلتَّقْوَىٰ,Medium,1,او۟لآئك الذين امتحن الله قلوبهم للتقوا ۚ لهم مغفرة واجر عظيم [SEP] امتحن الله قلوبهم للتقوا
وَمَن يَعْمَلْ سُوٓءًا أَوْ يَظْلِمْ نَفْسَهُۥ ثُمَّ يَسْتَغْفِرِ ٱللَّهَ يَجِدِ ٱللَّهَ غَفُورًا رَّحِيمًا [SEP] يَجِدِ ٱللَّهَ غَفُورًا رَّحِيمًا,Medium,1,ومن يعمل سوٓءا او يظلم نفسهۥ ثم يستغفر الله يجد الله غفورا رحيما [SEP] يجد الله غفورا رحيما
إِنَّ شَرَّ ٱلدَّوَآبِّ عِندَ ٱللَّهِ ٱلصُّمُّ ٱلْبُكْمُ ٱلَّذِينَ لَا يَعْقِلُونَ [SEP] ٱلصُّمُّ ٱلْبُكْمُ,Medium,1,ان شر الدوآب عند الله الصم البكم الذين لا يعقلون [SEP] الصم البكم
وَجَعَلْنَا مِن بَيْنِ أَيْدِيهِمْ سَدًّا وَمِنْ خَلْفِهِمْ سَدًّا فَأَغْشَيْنَاهُمْ فَهُمْ لَا يُبْصِرُونَ [SEP] وَجَعَلْنَا مِن بَيْنِ أَيْدِيهِمْ سَدًّا وَمِنْ خَلْفِهِمْ سَدًّا فَأَغْشَيْنَاهُمْ فَهُمْ لَا يُبْصِرُونَ,High,2,وجعلنا من بين ايديهم سدا ومن خلفهم سدا فاغشيناهم فهم لا يبصرون [SEP] وجعلنا من بين ايديهم سدا ومن خلفهم سدا فاغشيناهم فهم لا يبصرون
فَأَخَذَتْهُمُ ٱلرَّجْفَةُ فَأَصْبَحُوا۟ فِى دَارِهِمْ جَٰثِمِينَ [SEP] فَأَخَذَتْهُمُ الرَّجْفَةُ,Medium,1,فاخذتهم الرجفة فاصبحوا۟ فا دارهم جاثمين [SEP] فاخذتهم الرجفة
ٱلسَّمَآءُ مُنفَطِرٌۢ بِهِۦ ۚ كَانَ وَعْدُهُۥ مَفْعُولًا [SEP] ٱلسَّمَآءُ مُنفَطِرٌۢ بِهِۦ,Medium,1,السمآء منفطرۢ بهۦ ۚ كان وعدهۥ مفعولا [SEP] السمآء منفطرۢ بهۦ
هُوَ ٱلَّذِىٓ أَخْرَجَ ٱلَّذِينَ كَفَرُوا۟ مِنْ أَهْلِ ٱلْكِتَٰبِ مِن دِيَٰرِهِمْ لِأَوَّلِ ٱلْحَشْرِ ۚ مَا ظَنَنتُمْ أَن يَخْرُجُوا۟ ۖ وَظَنُّوٓا۟ أَنَّهُم مَّانِعَتُهُمْ حُصُونُهُم مِّنَ ٱللَّهِ فَأَتَىٰهُمُ ٱللَّهُ مِنْ حَيْثُ لَمْ يَحْتَسِبُوا۟ ۖ وَقَذَفَ فِى قُلُوبِهِمُ ٱلرُّعْبَ ۚ يُخْرِبُونَ بُيُوتَهُم بِأَيْدِيهِمْ وَأَيْدِى ٱلْمُؤْمِنِينَ فَٱعْتَبِرُوا۟ يَٰٓأُو۟لِى ٱلْأَبْصَٰرِ [SEP] فَأَتَىٰهُمُ ٱللَّهُ مِنْ حَيْثُ لَمْ يَحْتَسِبُوا۟,Medium,1,هو الذآ اخرج الذين كفروا۟ من اهل الكتاب من ديارهم لاول الحشر ۚ ما ظننتم ان يخرجوا۟ ۖ وظنوٓا۟ انهم مانعتهم حصونهم من الله فاتاهم الله من حيث لم يحتسبوا۟ ۖ وقذف فا قلوبهم الرعب ۚ يخربون بيوتهم بايديهم وايدا المؤمنين فاعتبروا۟ يآاو۟لا الابصار [SEP] فاتاهم الله من حيث لم يحتسبوا۟
وَكَأَيِّنْ مِنْ قَرْيَةٍ هِيَ أَشَدُّ قُوَّةً مِنْ قَرْيَتِكَ الَّتِي أَخْرَجَتْكَ أَهْلَكْنَاهُمْ فَلَا نَاصِرَ لَهُمْ [SEP] قَرْيَتِكَ الَّتِي أَخْرَجَتْكَ,Medium,1,وكاين من قرية هي اشد قوة من قريتك التي اخرجتك اهلكناهم فلا ناصر لهم [SEP] قريتك التي اخرجتك
وَلَوْ جَعَلْنَٰهُ مَلَكًا لَّجَعَلْنَٰهُ رَجُلًا وَلَلَبَسْنَا عَلَيْهِم مَّا يَلْبِسُونَ [SEP] وَلَلَبَسْنَا عَلَيْهِم مَّا يَلْبِسُونَ,Low,0,ولو جعلناه ملكا لجعلناه رجلا وللبسنا عليهم ما يلبسون [SEP] وللبسنا عليهم ما يلبسون
وَمَن يُشَاقِقِ ٱلرَّسُولَ مِنۢ بَعْدِ مَا تَبَيَّنَ لَهُ ٱلْهُدَىٰ وَيَتَّبِعْ غَيْرَ سَبِيلِ ٱلْمُؤْمِنِينَ نُوَلِّهِۦ مَا تَوَلَّىٰ وَنُصْلِهِۦ جَهَنَّمَ ۖ وَسَآءَتْ مَصِيرًا [SEP] وَمَن يُشَاقِقِ ٱلرَّسُولَ,Medium,1,ومن يشاقق الرسول منۢ بعد ما تبين له الهدا ويتبع غير سبيل المؤمنين نولهۦ ما تولا ونصلهۦ جهنم ۖ وسآءت مصيرا [SEP] ومن يشاقق الرسول
قَالَ أَرَأَيْتَكَ هَٰذَا الَّذِي كَرَّمْتَ عَلَيَّ لَئِنْ أَخَّرْتَنِ إِلَىٰ يَوْمِ الْقِيَامَةِ لَأَحْتَنِكَنَّ ذُرِّيَّتَهُ إِلَّا قَلِيلًا [SEP] لَأَحْتَنِكَنَّ ذُرِّيَّتَهُ,Medium,1,قال ارايتك هاذا الذي كرمت علي لئن اخرتن الا يوم القيامة لاحتنكن ذريته الا قليلا [SEP] لاحتنكن ذريته
إِذَا الشَّمْسُ كُوِّرَتْ [SEP] إِذَا الشَّمْسُ كُوِّرَتْ,Medium,1,اذا الشمس كورت [SEP] اذا الشمس كورت
يَوْمَئِذٍ يَتَّبِعُونَ الدَّاعِيَ لَا عِوَجَ لَهُ ۖ وَخَشَعَتِ الْأَصْوَاتُ لِلرَّحْمَٰنِ فَلَا تَسْمَعُ إِلَّا هَمْسًا [SEP] وَخَشَعَتِ الْأَصْوَاتُ لِلرَّحْمَنِ,Medium,1,يومئذ يتبعون الداعي لا عوج له ۖ وخشعت الاصوات للرحمان فلا تسمع الا همسا [SEP] وخشعت الاصوات للرحمن
وَاللَّهُ الَّذِي أَرْسَلَ الرِّيَاحَ فَتُثِيرُ سَحَابًا فَسُقْنَاهُ إِلَىٰ بَلَدٍ مَيِّتٍ فَأَحْيَيْنَا بِهِ الْأَرْضَ بَعْدَ مَوْتِهَا ۚ كَذَٰلِكَ النُّشُورُ [SEP] بَلَدٍ مَيِّتٍ ... فَأَحْيَيْنَا بِهِ الْأَرْضَ بَعْدَ مَوْتِهَا,Medium,1,والله الذي ارسل الرياح فتثير سحابا فسقناه الا بلد ميت فاحيينا به الارض بعد موتها ۚ كذالك النشور [SEP] بلد ميت ... فاحيينا به الارض بعد موتها
وَمِنْهُم مَّن يَسْتَمِعُونَ إِلَيْكَ ۚ أَفَأَنتَ تُسْمِعُ ٱلصُّمَّ وَلَوْ كَانُوا۟ لَا يَعْقِلُونَ [SEP] أَفَأَنتَ تُسْمِعُ الصُّمَّ,High,2,ومنهم من يستمعون اليك ۚ افانت تسمع الصم ولو كانوا۟ لا يعقلون [SEP] افانت تسمع الصم
وَأَمَّا عَادٌ فَأُهْلِكُوا بِرِيحٍ صَرْصَرٍ عَاتِيَةٍ [SEP] بِرِيحٍ صَرْصَرٍ عَاتِيَةٍ,Medium,1,واما عاد فاهلكوا بريح صرصر عاتية [SEP] بريح صرصر عاتية
مَن يُضْلِلِ ٱللَّهُ فَلَا هَادِىَ لَهُۥ ۚ وَيَذَرُهُمْ فِى طُغْيَٰنِهِمْ يَعْمَهُونَ [SEP] وَيَذَرُهُمْ فِى طُغْيَٰنِهِمْ يَعْمَهُونَ,High,2,من يضلل الله فلا هادا لهۥ ۚ ويذرهم فا طغيانهم يعمهون [SEP] ويذرهم فا طغيانهم يعمهون
مَّا يَفْتَحِ اللَّهُ لِلنَّاسِ مِن رَّحْمَةٍ فَلَا مُمْسِكَ لَهَا ۖ وَمَا يُمْسِكْ فَلَا مُرْسِلَ لَهُ مِن بَعْدِهِ ۚ وَهُوَ الْعَزِيزُ الْحَكِيمُ [SEP] مَّا يَفْتَحِ اللَّهُ لِلنَّاسِ مِن رَّحْمَةٍ,Medium,1,ما يفتح الله للناس من رحمة فلا ممسك لها ۖ وما يمسك فلا مرسل له من بعده ۚ وهو العزيز الحكيم [SEP] ما يفتح الله للناس من رحمة
فَوَقَاهُ اللَّهُ سَيِّئَاتِ مَا مَكَرُوا ۖ وَحَاقَ بِآلِ فِرْعَوْنَ سُوءُ الْعَذَابِ [SEP] وَحَاقَ بِآلِ فِرْعَوْنَ سُوءُ الْعَذَابِ,Medium,1,فوقاه الله سيئات ما مكروا ۖ وحاق بال فرعون سوء العذاب [SEP] وحاق بال فرعون سوء العذاب
بَلِ اتَّبَعَ الَّذِينَ ظَلَمُوا أَهْوَاءَهُم بِغَيْرِ عِلْمٍ ۖ فَمَن يَهْدِي مَنْ أَضَلَّ اللَّهُ ۖ وَمَا لَهُم مِّن نَّاصِرِينَ [SEP] اتَّبَعَ ... أَهْوَاءَهُم,Medium,1,بل اتبع الذين ظلموا اهواءهم بغير علم ۖ فمن يهدي من اضل الله ۖ وما لهم من ناصرين [SEP] اتبع ... اهواءهم
مِّن وَرَآئِهِمْ جَهَنَّمُ ۖ وَلَا يُغْنِى عَنْهُم مَّا كَسَبُوا۟ شَيْـًٔا وَلَا مَا ٱتَّخَذُوا۟ مِن دُونِ ٱللَّهِ أَوْلِيَآءَ ۖ وَلَهُمْ عَذَابٌ عَظِيمٌ [SEP] مِّن وَرَآئِهِمْ جَهَنَّمُ,High,2,من ورآئهم جهنم ۖ ولا يغنا عنهم ما كسبوا۟ شيـٔا ولا ما اتخذوا۟ من دون الله اوليآء ۖ ولهم عذاب عظيم [SEP] من ورآئهم جهنم
وَلَقَدْ جِئْتُمُونَا فُرَادَىٰ كَمَا خَلَقْنَاكُمْ أَوَّلَ مَرَّةٍ وَتَرَكْتُم مَّا خَوَّلْنَاكُمْ وَرَاءَ ظُهُورِكُمْ ۖ وَمَا نَرَىٰ مَعَكُمْ شُفَعَاءَكُمُ الَّذِينَ زَعَمْتُمْ أَنَّهُمْ فِيكُمْ شُرَكَاءُ ۚ لَقَد تَّقَطَّعَ بَيْنَكُمْ وَضَلَّ عَنكُم مَّا كُنتُمْ تَزْعُمُونَ [SEP] لَقَد تَّقَطَّعَ بَيْنَكُمْ,Medium,1,ولقد جئتمونا فرادا كما خلقناكم اول مرة وتركتم ما خولناكم وراء ظهوركم ۖ وما نرا معكم شفعاءكم الذين زعمتم انهم فيكم شركاء ۚ لقد تقطع بينكم وضل عنكم ما كنتم تزعمون [SEP] لقد تقطع بينكم
رَبِّ إِنَّهُنَّ أَضْلَلْنَ كَثِيرًا مِّنَ ٱلنَّاسِ ۖ فَمَن تَبِعَنِى فَإِنَّهُۥ مِنِّى ۖ وَمَنْ عَصَانِى فَإِنَّكَ غَفُورٌ رَّحِيمٌ [SEP] إِنَّهُنَّ أَضْلَلْنَ,Medium,1,رب انهن اضللن كثيرا من الناس ۖ فمن تبعنا فانهۥ منا ۖ ومن عصانا فانك غفور رحيم [SEP] انهن اضللن
كَبُرَتْ كَلِمَةً تَخْرُجُ مِنْ أَفْوَاهِهِمْ [SEP] كَبُرَتْ كَلِمَةً,Medium,1,كبرت كلمة تخرج من افواههم [SEP] كبرت كلمة
وَأَيُّوبَ إِذْ نَادَى رَبَّهُ أَنِّي مَسَّنِيَ الضُّرُّ وَأَنْتَ أَرْحَمُ الرَّاحِمِينَ [SEP] مَسَّنِيَ الضُّرُّ,Medium,1,وايوب اذ نادا ربه اني مسني الضر وانت ارحم الراحمين [SEP] مسني الضر
ذَٰلِكَ لِيَعْلَمَ أَنِّي لَمْ أَخُنْهُ بِالْغَيْبِ وَأَنَّ اللَّهَ لَا يَهْدِي كَيْدَ الْخَائِنِينَ [SEP] لَا يَهْدِي كَيْدَ الْخَائِنِينَ,Medium,1,ذالك ليعلم اني لم اخنه بالغيب وان الله لا يهدي كيد الخائنين [SEP] لا يهدي كيد الخائنين
أَمْ تُرِيدُونَ أَن تَسْـَٔلُوا۟ رَسُولَكُمْ كَمَا سُئِلَ مُوسَىٰ مِن قَبْلُ ۗ وَمَن يَتَبَدَّلِ ٱلْكُفْرَ بِٱلْإِيمَٰنِ فَقَدْ ضَلَّ سَوَآءَ ٱلسَّبِيلِ [SEP] فَقَدْ ضَلَّ سَوَآءَ ٱلسَّبِيلِ,Medium,1,ام تريدون ان تسـٔلوا۟ رسولكم كما سئل موسا من قبل ۗ ومن يتبدل الكفر بالايمان فقد ضل سوآء السبيل [SEP] فقد ضل سوآء السبيل
وَكَمْ أَهْلَكْنَا مِن قَرْيَةٍ بَطِرَتْ مَعِيشَتَهَا ۖ فَتِلْكَ مَسَاكِنُهُمْ لَمْ تُسْكَن مِّن بَعْدِهِمْ إِلَّا قَلِيلًا ۖ وَكُنَّا نَحْنُ الْوَارِثِينَ [SEP] بَطِرَتْ مَعِيشَتَهَا,Medium,1,وكم اهلكنا من قرية بطرت معيشتها ۖ فتلك مساكنهم لم تسكن من بعدهم الا قليلا ۖ وكنا نحن الوارثين [SEP] بطرت معيشتها
وَإِذْ أَنجَيْنَٰكُم مِّنْ ءَالِ فِرْعَوْنَ يَسُومُونَكُمْ سُوءَ ٱلْعَذَابِ ۖ يُقَتِّلُونَ أَبْنَآءَكُمْ وَيَسْتَحْيُونَ نِسَآءَكُمْ ۚ وَفِى ذَٰلِكُم بَلَآءٌ مِّن رَّبِّكُمْ عَظِيمٌ [SEP] يَسُومُونَكُمْ سُوءَ ٱلْعَذَابِ,Medium,1,واذ انجيناكم من ءال فرعون يسومونكم سوء العذاب ۖ يقتلون ابنآءكم ويستحيون نسآءكم ۚ وفا ذالكم بلآء من ربكم عظيم [SEP] يسومونكم سوء العذاب
يُصْهَرُ بِهِ مَا فِي بُطُونِهِمْ وَالْجُلُودُ [SEP] يُصْهَرُ بِهِ مَا فِي بُطُونِهِمْ وَالْجُلُودُ,Medium,1,يصهر به ما في بطونهم والجلود [SEP] يصهر به ما في بطونهم والجلود
ثُمَّ قَبَضْنَاهُ إِلَيْنَا قَبْضًا يَسِيرًا [SEP] قَبَضْنَاهُ إِلَيْنَا قَبْضًا يَسِيرًا,Medium,1,ثم قبضناه الينا قبضا يسيرا [SEP] قبضناه الينا قبضا يسيرا
وَلَأُضِلَّنَّهُمْ وَلَأُمَنِّيَنَّهُمْ وَلَءَامُرَنَّهُمْ فَلَيُبَتِّكُنَّ ءَاذَانَ ٱلْأَنْعَٰمِ وَلَءَامُرَنَّهُمْ فَلَيُغَيِّرُنَّ خَلْقَ ٱللَّهِ ۚ وَمَن يَتَّخِذِ ٱلشَّيْطَٰنَ وَلِيًّا مِّن دُونِ ٱللَّهِ فَقَدْ خَسِرَ خُسْرَانًا مُّبِينًا [SEP] فَلَيُغَيِّرُنَّ خَلْقَ ٱللَّهِ,Medium,1,ولاضلنهم ولامنينهم ولءامرنهم فليبتكن ءاذان الانعام ولءامرنهم فليغيرن خلق الله ۚ ومن يتخذ الشيطان وليا من دون الله فقد خسر خسرانا مبينا [SEP] فليغيرن خلق الله
فَقَالَ إِنِّي أَحْبَبْتُ حُبَّ ٱلْخَيْرِ عَن ذِكْرِ رَبِّي حَتَّىٰ تَوَارَتْ بِٱلْحِجَابِ [SEP] حَتَّىٰ تَوَارَتْ بِالْحِجَابِ,Medium,1,فقال اني احببت حب الخير عن ذكر ربي حتا توارت بالحجاب [SEP] حتا توارت بالحجاب
وَمَآ أَنزَلَ ٱللَّهُ مِنَ ٱلسَّمَآءِ مِن مَّآءٍ فَأَحْيَا بِهِ ٱلْأَرْضَ بَعْدَ مَوْتِهَا [SEP] فَأَحْيَا بِهِ ٱلْأَرْضَ بَعْدَ مَوْتِهَا,Medium,1,ومآ انزل الله من السمآء من مآء فاحيا به الارض بعد موتها [SEP] فاحيا به الارض بعد موتها
فَهُوَ فِي عِيشَةٍ رَاضِيَةٍ [SEP] فَهُوَ فِي عِيشَةٍ رَاضِيَةٍ,Medium,1,فهو في عيشة راضية [SEP] فهو في عيشة راضية
وَآيَةٌ لَّهُمُ اللَّيْلُ نَسْلَخُ مِنْهُ النَّهَارَ فَإِذَا هُم مُّظْلِمُونَ [SEP] نَسْلَخُ مِنْهُ النَّهَارَ,Medium,1,واية لهم الليل نسلخ منه النهار فاذا هم مظلمون [SEP] نسلخ منه النهار
مَرَجَ ٱلْبَحْرَيْنِ يَلْتَقِيَانِ [SEP] مَرَجَ ٱلْبَحْرَيْنِ يَلْتَقِيَانِ,Medium,1,مرج البحرين يلتقيان [SEP] مرج البحرين يلتقيان
قُلْ هُوَ ٱلْقَادِرُ عَلَىٰٓ أَن يَبْعَثَ عَلَيْكُمْ عَذَابًا مِّن فَوْقِكُمْ أَوْ مِن تَحْتِ أَرْجُلِكُمْ أَوْ يَلْبِسَكُمْ شِيَعًا وَيُذِيقَ بَعْضَكُم بَأْسَ بَعْضٍ [SEP] أَوْ يَلْبِسَكُمْ شِيَعًا وَيُذِيقَ بَعْضَكُم بَأْسَ بَعْضٍ,Medium,1,قل هو القادر علآ ان يبعث عليكم عذابا من فوقكم او من تحت ارجلكم او يلبسكم شيعا ويذيق بعضكم باس بعض [SEP] او يلبسكم شيعا ويذيق بعضكم باس بعض
إِنَّمَا إِلَٰهُكُمُ اللَّهُ الَّذِي لَا إِلَٰهَ إِلَّا هُوَ ۚ وَسِعَ كُلَّ شَيْءٍ عِلْمًا [SEP] وَسِعَ كُلَّ شَيْءٍ عِلْمًا,Medium,1,انما الاهكم الله الذي لا الاه الا هو ۚ وسع كل شيء علما [SEP] وسع كل شيء علما
وَلَنُذِيقَنَّهُم مِّنَ الْعَذَابِ الْأَدْنَىٰ دُونَ الْعَذَابِ الْأَكْبَرِ لَعَلَّهُمْ يَرْجِعُونَ [SEP] وَلَنُذِيقَنَّهُم مِّنَ الْعَذَابِ الْأَدْنَىٰ,Medium,1,ولنذيقنهم من العذاب الادنا دون العذاب الاكبر لعلهم يرجعون [SEP] ولنذيقنهم من العذاب الادنا
قَالَ الَّذِينَ غَلَبُوا عَلَى أَمْرِهِمْ لَنَتَّخِذَنَّ عَلَيْهِمْ مَسْجِدًا [SEP] غَلَبُوا عَلَى أَمْرِهِمْ,Medium,1,قال الذين غلبوا علا امرهم لنتخذن عليهم مسجدا [SEP] غلبوا علا امرهم
وَلِلَّهِ يَسْجُدُ مَن فِى ٱلسَّمَٰوَٰتِ وَٱلْأَرْضِ طَوْعًا وَكَرْهًا وَظِلَٰلُهُم بِٱلْغُدُوِّ وَٱلْءَاصَالِ [SEP] وَظِلَٰلُهُم بِٱلْغُدُوِّ وَٱلْءَاصَالِ,Medium,1,ولله يسجد من فا السماوات والارض طوعا وكرها وظلالهم بالغدو والءاصال [SEP] وظلالهم بالغدو والءاصال
وَلَمَّا جَآءَهُمْ رَسُولٌ مِّنْ عِندِ ٱللَّهِ مُصَدِّقٌ لِّمَا مَعَهُمْ نَبَذَ فَرِيقٌ مِّنَ ٱلَّذِينَ أُوتُوا۟ ٱلْكِتَٰبَ كِتَٰبَ ٱللَّهِ وَرَآءَ ظُهُورِهِمْ كَأَنَّهُمْ لَا يَعْلَمُونَ [SEP] نَبَذَ فَرِيقٌ ... كِتَابَ اللَّهِ وَرَاءَ ظُهُورِهِمْ,High,2,ولما جآءهم رسول من عند الله مصدق لما معهم نبذ فريق من الذين اوتوا۟ الكتاب كتاب الله ورآء ظهورهم كانهم لا يعلمون [SEP] نبذ فريق ... كتاب الله وراء ظهورهم
بِئْسَمَا ٱشْتَرَوْا۟ بِهِۦٓ أَنفُسَهُمْ أَن يَكْفُرُوا۟ بِمَآ أَنزَلَ ٱللَّهُ بَغْيًا أَن يُنَزِّلَ ٱللَّهُ مِن فَضْلِهِۦ عَلَىٰ مَن يَشَآءُ مِنْ عِبَادِهِۦ ۖ فَبَآءُو بِغَضَبٍ عَلَىٰ غَضَبٍ ۚ وَلِلْكَٰفِرِينَ عَذَابٌ مُّهِينٌ [SEP] بِئْسَمَا ٱشْتَرَوْا۟ بِهِۦٓ أَنفُسَهُمْ,Medium,1,بئسما اشتروا۟ بهۦٓ انفسهم ان يكفروا۟ بمآ انزل الله بغيا ان ينزل الله من فضلهۦ علا من يشآء من عبادهۦ ۖ فبآءو بغضب علا غضب ۚ وللكافرين عذاب مهين [SEP] بئسما اشتروا۟ بهۦٓ انفسهم
يَٰٓأَيُّهَا ٱلَّذِينَ ءَامَنُوٓا۟ إِذَا ضَرَبْتُمْ فِى سَبِيلِ ٱللَّهِ فَتَبَيَّنُوا۟ وَلَا تَقُولُوا۟ لِمَنْ أَلْقَىٰٓ إِلَيْكُمُ ٱلسَّلَٰمَ لَسْتَ مُؤْمِنًا تَبْتَغُونَ عَرَضَ ٱلْحَيَوٰةِ ٱلدُّنْيَا فَعِندَ ٱللَّهِ مَغَانِمُ كَثِيرَةٌ ۚ كَذَٰلِكَ كُنتُم مِّن قَبْلُ فَمَنَّ ٱللَّهُ عَلَيْكُمْ فَتَبَيَّنُوٓا۟ ۚ إِنَّ ٱللَّهَ كَانَ بِمَا تَعْمَلُونَ خَبِيرًا [SEP] إِذَا ضَرَبْتُمْ فِى سَبِيلِ ٱللَّهِ,Medium,1,يآايها الذين ءامنوٓا۟ اذا ضربتم فا سبيل الله فتبينوا۟ ولا تقولوا۟ لمن القآ اليكم السلام لست مؤمنا تبتغون عرض الحيواة الدنيا فعند الله مغانم كثيرة ۚ كذالك كنتم من قبل فمن الله عليكم فتبينوٓا۟ ۚ ان الله كان بما تعملون خبيرا [SEP] اذا ضربتم فا سبيل الله
إِنَّ ٱلَّذِينَ حَقَّتْ عَلَيْهِمْ كَلِمَتُ رَبِّكَ لَا يُؤْمِنُونَ [SEP] حَقَّتْ عَلَيْهِمْ كَلِمَتُ,Medium,1,ان الذين حقت عليهم كلمت ربك لا يؤمنون [SEP] حقت عليهم كلمت
۞ وَعِندَهُۥ مَفَاتِحُ ٱلْغَيْبِ لَا يَعْلَمُهَآ إِلَّا هُوَ ۚ وَيَعْلَمُ مَا فِى ٱلْبَرِّ وَٱلْبَحْرِ ۚ وَمَا تَسْقُطُ مِن وَرَقَةٍ إِلَّا يَعْلَمُهَا وَلَا حَبَّةٍۢ فِى ظُلُمَٰتِ ٱلْأَرْضِ وَلَا رَطْبٍۢ وَلَا يَابِسٍ إِلَّا فِى كِتَٰبٍۢ مُّبِينٍۢ [SEP] وَعِندَهُۥ مَفَاتِحُ ٱلْغَيْبِ,Low,0,۞ وعندهۥ مفاتح الغيب لا يعلمهآ الا هو ۚ ويعلم ما فا البر والبحر ۚ وما تسقط من ورقة الا يعلمها ولا حبةۢ فا ظلمات الارض ولا رطبۢ ولا يابس الا فا كتابۢ مبينۢ [SEP] وعندهۥ مفاتح الغيب
يَٰٓأَيُّهَا ٱلَّذِينَ ءَامَنُوا۟ ٱتَّقُوا۟ ٱللَّهَ وَلْتَنظُرْ نَفْسٌ مَّا قَدَّمَتْ لِغَدٍ ۖ وَٱتَّقُوا۟ ٱللَّهَ ۚ إِنَّ ٱللَّهَ خَبِيرٌۢ بِمَا تَعْمَلُونَ [SEP] لِغَدٍ,Medium,1,يآايها الذين ءامنوا۟ اتقوا۟ الله ولتنظر نفس ما قدمت لغد ۖ واتقوا۟ الله ۚ ان الله خبيرۢ بما تعملون [SEP] لغد
إِنَّ ٱلَّذِينَ ٱتَّقَوْا۟ إِذَا مَسَّهُمْ طَٰٓئِفٌ مِّنَ ٱلشَّيْطَٰنِ تَذَكَّرُوا۟ فَإِذَا هُم مُّبْصِرُونَ [SEP] إِذَا مَسَّهُمْ طَٰٓئِفٌ مِّنَ ٱلشَّيْطَٰنِ,Medium,1,ان الذين اتقوا۟ اذا مسهم طآئف من الشيطان تذكروا۟ فاذا هم مبصرون [SEP] اذا مسهم طآئف من الشيطان
لَا ٱلشَّمۡسُ يَنۢبَغِي لَهَآ أَن تُدۡرِكَ ٱلۡقَمَرَ وَلَا ٱلَّيۡلُ سَابِقُ ٱلنَّهَارِۚ وَكُلّٞ فِي فَلَكٖ يَسۡبَحُونَ [SEP] لَا الشَّمْسُ يَنبَغِي لَهَا أَن تُدْرِكَ الْقَمَرَ وَلَا اللَّيْلُ سَابِقُ النَّهَارِ ۚ وَكُلٌّ فِي فَلَكٍ يَسْبَحُونَ,High,2,لا الشمۡس ينۢبغي لهآ ان تدۡرك الۡقمر ولا اليۡل سابق النهارۚ وكلٞ في فلكٖ يسۡبحون [SEP] لا الشمس ينبغي لها ان تدرك القمر ولا الليل سابق النهار ۚ وكل في فلك يسبحون
رَضُوا۟ بِأَن يَكُونُوا۟ مَعَ ٱلْخَوَالِفِ وَطُبِعَ عَلَىٰ قُلُوبِهِمْ فَهُمْ لَا يَفْقَهُونَ [SEP] وَطُبِعَ عَلَىٰ قُلُوبِهِمْ,Medium,1,رضوا۟ بان يكونوا۟ مع الخوالف وطبع علا قلوبهم فهم لا يفقهون [SEP] وطبع علا قلوبهم
أَلَمْ تَرَ أَنَّ اللَّهَ أَنْزَلَ مِنَ السَّمَاءِ مَاءً فَسَلَكَهُ يَنَابِيعَ فِي الْأَرْضِ ثُمَّ يُخْرِجُ بِهِ زَرْعًا مُخْتَلِفًا أَلْوَانُهُ ثُمَّ يَهِيجُ فَتَرَاهُ مُصْفَرًّا ثُمَّ يَجْعَلُهُ حُطَامًا ۚ إِنَّ فِي ذَلِكَ لَذِكْرَىٰ لِأُولِي الْأَلْبَابِ [SEP] أَلَمْ تَرَ أَنَّ اللَّهَ أَنْزَلَ مِنَ السَّمَاءِ مَاءً... ثُمَّ يَجْعَلُهُ حُطَامًا,High,2,الم تر ان الله انزل من السماء ماء فسلكه ينابيع في الارض ثم يخرج به زرعا مختلفا الوانه ثم يهيج فتراه مصفرا ثم يجعله حطاما ۚ ان في ذلك لذكرا لاولي الالباب [SEP] الم تر ان الله انزل من السماء ماء... ثم يجعله حطاما
وَقَدْ خَابَ مَن دَسَّاهَا [SEP] وَقَدْ خَابَ مَنْ دَسَّاهَا,Medium,1,وقد خاب من دساها [SEP] وقد خاب من دساها
أَلَمْ تَرَ إِلَى ٱلَّذِينَ أُوتُوا۟ نَصِيبًا مِّنَ ٱلْكِتَٰبِ يَشْتَرُونَ ٱلضَّلَٰلَةَ وَيُرِيدُونَ أَن تَضِلُّوا۟ ٱلسَّبِيلَ [SEP] يَشْتَرُونَ ٱلضَّلَٰلَةَ,Medium,1,الم تر الا الذين اوتوا۟ نصيبا من الكتاب يشترون الضلالة ويريدون ان تضلوا۟ السبيل [SEP] يشترون الضلالة
يَا أَيُّهَا الَّذِينَ آمَنُوا لَا تَتَّبِعُوا خُطُوَاتِ الشَّيْطَانِ ۚ وَمَن يَتَّبِعْ خُطُوَاتِ الشَّيْطَانِ فَإِنَّهُ يَأْمُرُ بِالْفَحْشَاءِ وَالْمُنكَرِ ۚ وَلَوْلَا فَضْلُ اللَّهِ عَلَيْكُمْ وَرَحْمَتُهُ مَا زَكَىٰ مِنكُم مِّنْ أَحَدٍ أَبَدًا وَلَٰكِنَّ اللَّهَ يُزَكِّي مَن يَشَاءُ ۗ وَاللَّهُ سَمِيعٌ عَلِيمٌ [SEP] لَا تَتَّبِعُوا خُطُوَاتِ الشَّيْطَانِ,High,2,يا ايها الذين امنوا لا تتبعوا خطوات الشيطان ۚ ومن يتبع خطوات الشيطان فانه يامر بالفحشاء والمنكر ۚ ولولا فضل الله عليكم ورحمته ما زكا منكم من احد ابدا ولاكن الله يزكي من يشاء ۗ والله سميع عليم [SEP] لا تتبعوا خطوات الشيطان
إِنَّ ٱلَّذِينَ يَشْتَرُونَ بِعَهْدِ ٱللَّهِ وَأَيْمَٰنِهِمْ ثَمَنًا قَلِيلًا أُو۟لَٰٓئِكَ لَا خَلَٰقَ لَهُمْ فِى ٱلْءَاخِرَةِ وَلَا يُكَلِّمُهُمُ ٱللَّهُ وَلَا يَنظُرُ إِلَيْهِمْ يَوْمَ ٱلْقِيَٰمَةِ وَلَا يُزَكِّيهِمْ وَلَهُمْ عَذَابٌ أَلِيمٌ [SEP] يَشْتَرُونَ بِعَهْدِ ٱللَّهِ وَأَيْمَٰنِهِمْ ثَمَنًا قَلِيلًا,Medium,1,ان الذين يشترون بعهد الله وايمانهم ثمنا قليلا او۟لآئك لا خلاق لهم فا الءاخرة ولا يكلمهم الله ولا ينظر اليهم يوم القيامة ولا يزكيهم ولهم عذاب اليم [SEP] يشترون بعهد الله وايمانهم ثمنا قليلا
يَعۡلَمُ خَآئِنَةَ ٱلۡأَعۡيُنِ وَمَا تُخۡفِي ٱلصُّدُورُ [SEP] يَعْلَمُ خَائِنَةَ الْأَعْيُنِ,Medium,1,يعۡلم خآئنة الۡاعۡين وما تخۡفي الصدور [SEP] يعلم خائنة الاعين
إِنَّ ٱلَّذِينَ يُبَايِعُونَكَ إِنَّمَا يُبَايِعُونَ ٱللَّهَ يَدُ ٱللَّهِ فَوْقَ أَيْدِيهِمْ ۚ فَمَن نَّكَثَ فَإِنَّمَا يَنكُثُ عَلَىٰ نَفْسِهِۦ ۖ وَمَنْ أَوْفَىٰ بِمَا عَٰهَدَ عَلَيْهُ ٱللَّهَ فَسَيُؤْتِيهِ أَجْرًا عَظِيمًا [SEP] يَدُ ٱللَّهِ فَوْقَ أَيْدِيهِمْ,High,2,ان الذين يبايعونك انما يبايعون الله يد الله فوق ايديهم ۚ فمن نكث فانما ينكث علا نفسهۦ ۖ ومن اوفا بما عاهد عليه الله فسيؤتيه اجرا عظيما [SEP] يد الله فوق ايديهم
قُلْ إِنَّنِى هَدَىٰنِى رَبِّىٓ إِلَىٰ صِرَٰطٍ مُّسْتَقِيمٍ دِينًا قِيَمًا مِّلَّةَ إِبْرَٰهِيمَ حَنِيفًا ۚ وَمَا كَانَ مِنَ ٱلْمُشْرِكِينَ [SEP] هَدَىٰنِى رَبِّىٓ إِلَىٰ صِرَٰطٍ مُّسْتَقِيمٍ,Medium,1,قل اننا هدانا ربآ الا صراط مستقيم دينا قيما ملة ابراهيم حنيفا ۚ وما كان من المشركين [SEP] هدانا ربآ الا صراط مستقيم
أَلَمْ يَرَوْا أَنَّا جَعَلْنَا اللَّيْلَ لِيَسْكُنُوا فِيهِ وَالنَّهَارَ مُبْصِرًا ۚ إِنَّ فِي ذَٰلِكَ لَآيَاتٍ لِّقَوْمٍ يُؤْمِنُونَ [SEP] وَالنَّهَارَ مُبْصِرًا,Medium,1,الم يروا انا جعلنا الليل ليسكنوا فيه والنهار مبصرا ۚ ان في ذالك لايات لقوم يؤمنون [SEP] والنهار مبصرا
ٱللَّهُ يَسْتَهْزِئُ بِهِمْ وَيَمُدُّهُمْ فِى طُغْيَٰنِهِمْ يَعْمَهُونَ [SEP] ٱللَّهُ يَسْتَهْزِئُ بِهِمْ,Medium,1,الله يستهزئ بهم ويمدهم فا طغيانهم يعمهون [SEP] الله يستهزئ بهم
أَفَمَن شَرَحَ اللَّهُ صَدْرَهُ لِلْإِسْلَامِ فَهُوَ عَلَىٰ نُورٍ مِّن رَّبِّهِ ۚ فَوَيْلٌ لِّلْقَاسِيَةِ قُلُوبُهُم مِّن ذِكْرِ اللَّهِ ۚ أُولَٰئِكَ فِي ضَلَالٍ مُّبِينٍ [SEP] { أَفَمَن شَرَحَ اللَّهُ صَدْرَهُ لِلْإِسْلَامِ },Medium,1,افمن شرح الله صدره للاسلام فهو علا نور من ربه ۚ فويل للقاسية قلوبهم من ذكر الله ۚ اولائك في ضلال مبين [SEP] { افمن شرح الله صدره للاسلام }
فَإِنِ ٱعْتَزَلُوكُمْ فَلَمْ يُقَٰتِلُوكُمْ وَأَلْقَوْا۟ إِلَيْكُمُ ٱلسَّلَمَ فَمَا جَعَلَ ٱللَّهُ لَكُمْ عَلَيْهِمْ سَبِيلًا [SEP] وَأَلْقَوْا۟ إِلَيْكُمُ ٱلسَّلَمَ,Medium,1,فان اعتزلوكم فلم يقاتلوكم والقوا۟ اليكم السلم فما جعل الله لكم عليهم سبيلا [SEP] والقوا۟ اليكم السلم
أُو۟لَٰٓئِكَ ٱلَّذِينَ ٱشْتَرَوُا۟ ٱلضَّلَٰلَةَ بِٱلْهُدَىٰ فَمَا رَبِحَت تِّجَٰرَتُهُمْ وَمَا كَانُوا۟ مُهْتَدِينَ [SEP] ٱشْتَرَوُا۟ ٱلضَّلَٰلَةَ بِٱلْهُدَىٰ,Medium,1,او۟لآئك الذين اشتروا۟ الضلالة بالهدا فما ربحت تجارتهم وما كانوا۟ مهتدين [SEP] اشتروا۟ الضلالة بالهدا
فَطَوَّعَتْ لَهُۥ نَفْسُهُۥ قَتْلَ أَخِيهِ فَقَتَلَهُۥ فَأَصْبَحَ مِنَ ٱلْخَٰسِرِينَ [SEP] فَطَوَّعَتْ لَهُۥ نَفْسُهُۥ قَتْلَ أَخِيهِ,Medium,1,فطوعت لهۥ نفسهۥ قتل اخيه فقتلهۥ فاصبح من الخاسرين [SEP] فطوعت لهۥ نفسهۥ قتل اخيه
وَلَوْلَآ أَن ثَبَّتْنَٰكَ لَقَدْ كِدتَّ تَرْكَنُ إِلَيْهِمْ شَيْـًٔا قَلِيلًا [SEP] تَرْكَنُ إِلَيْهِمْ,Medium,1,ولولآ ان ثبتناك لقد كدت تركن اليهم شيـٔا قليلا [SEP] تركن اليهم
وَقَالَتِ ٱلْيَهُودُ يَدُ ٱللَّهِ مَغْلُولَةٌ ۚ غُلَّتْ أَيْدِيهِمْ وَلُعِنُوا۟ بِمَا قَالُوا۟ ۘ بَلْ يَدَاهُ مَبْسُوطَتَانِ يُنفِقُ كَيْفَ يَشَآءُ ۚ وَلَيَزِيدَنَّ كَثِيرًا مِّنْهُم مَّآ أُنزِلَ إِلَيْكَ مِن رَّبِّكَ طُغْيَٰنًا وَكُفْرًا ۚ وَأَلْقَيْنَا بَيْنَهُمُ ٱلْعَدَٰوَةَ وَٱلْبَغْضَآءَ إِلَىٰ يَوْمِ ٱلْقِيَٰمَةِ ۚ كُلَّمَآ أَوْقَدُوا۟ نَارًا لِّلْحَرْبِ أَطْفَأَهَا ٱللَّهُ ۚ وَيَسْعَوْنَ فِى ٱلْأَرْضِ فَسَادًا ۚ وَٱللَّهُ لَا يُحِبُّ ٱلْمُفْسِدِينَ [SEP] كُلَّمَآ أَوْقَدُوا۟ نَارًا لِّلْحَرْبِ أَطْفَأَهَا ٱللَّهُ,High,2,وقالت اليهود يد الله مغلولة ۚ غلت ايديهم ولعنوا۟ بما قالوا۟ ۘ بل يداه مبسوطتان ينفق كيف يشآء ۚ وليزيدن كثيرا منهم مآ انزل اليك من ربك طغيانا وكفرا ۚ والقينا بينهم العداوة والبغضآء الا يوم القيامة ۚ كلمآ اوقدوا۟ نارا للحرب اطفاها الله ۚ ويسعون فا الارض فسادا ۚ والله لا يحب المفسدين [SEP] كلمآ اوقدوا۟ نارا للحرب اطفاها الله
الٓر ۚ كِتَٰبٌ أَنزَلْنَٰهُ إِلَيْكَ لِتُخْرِجَ ٱلنَّاسَ مِنَ ٱلظُّلُمَٰتِ إِلَى ٱلنُّورِ بِإِذْنِ رَبِّهِمْ إِلَىٰ صِرَٰطِ ٱلْعَزِيزِ ٱلْحَمِيدِ [SEP] مِنَ ٱلظُّلُمَٰتِ إِلَى ٱلنُّورِ,Medium,1,الٓر ۚ كتاب انزلناه اليك لتخرج الناس من الظلمات الا النور باذن ربهم الا صراط العزيز الحميد [SEP] من الظلمات الا النور
فَذَاقَتْ وَبَالَ أَمْرِهَا وَكَانَ عَاقِبَةُ أَمْرِهَا خُسْرًا [SEP] فَذَاقَتْ وَبَالَ أَمْرِهَا,Medium,1,فذاقت وبال امرها وكان عاقبة امرها خسرا [SEP] فذاقت وبال امرها
وَلَوْ تَرَىٰٓ إِذْ يَتَوَفَّى ٱلَّذِينَ كَفَرُوا۟ ۙ ٱلْمَلَٰٓئِكَةُ يَضْرِبُونَ وُجُوهَهُمْ وَأَدْبَٰرَهُمْ وَذُوقُوا۟ عَذَابَ ٱلْحَرِيقِ [SEP] وَذُوقُوا۟ عَذَابَ ٱلْحَرِيقِ,Medium,1,ولو ترآ اذ يتوفا الذين كفروا۟ ۙ الملآئكة يضربون وجوههم وادبارهم وذوقوا۟ عذاب الحريق [SEP] وذوقوا۟ عذاب الحريق
وَتِلْكَ نِعْمَةٌ تَمُنُّهَا عَلَيَّ أَنْ عَبَّدتَّ بَنِي إِسْرَائِيلَ [SEP] وَتِلْكَ نِعْمَةٌ تَمُنُّهَا عَلَيَّ أَنْ عَبَّدتَّ بَنِي إِسْرَائِيلَ,Medium,1,وتلك نعمة تمنها علي ان عبدت بني اسرائيل [SEP] وتلك نعمة تمنها علي ان عبدت بني اسرائيل
إِنَّ ٱللَّهَ لَا يَغْفِرُ أَن يُشْرَكَ بِهِۦ وَيَغْفِرُ مَا دُونَ ذَٰلِكَ لِمَن يَشَآءُ ۚ وَمَن يُشْرِكْ بِٱللَّهِ فَقَدِ ٱفْتَرَىٰٓ إِثْمًا عَظِيمًا [SEP] فَقَدِ ٱفْتَرَىٰٓ إِثْمًا عَظِيمًا,Medium,1,ان الله لا يغفر ان يشرك بهۦ ويغفر ما دون ذالك لمن يشآء ۚ ومن يشرك بالله فقد افترآ اثما عظيما [SEP] فقد افترآ اثما عظيما
سَابِقُوٓا۟ إِلَىٰ مَغْفِرَةٍ مِّن رَّبِّكُمْ وَجَنَّةٍ عَرْضُهَا كَعَرْضِ ٱلسَّمَآءِ وَٱلْأَرْضِ أُعِدَّتْ لِلَّذِينَ ءَامَنُوا۟ بِٱللَّهِ وَرُسُلِهِۦ ۚ ذَٰلِكَ فَضْلُ ٱللَّهِ يُؤْتِيهِ مَن يَشَآءُ ۚ وَٱللَّهُ ذُو ٱلْفَضْلِ ٱلْعَظِيمِ [SEP] سَابِقُوٓا۟ إِلَىٰ مَغْفِرَةٍ مِّن رَّبِّكُمْ,High,2,سابقوٓا۟ الا مغفرة من ربكم وجنة عرضها كعرض السمآء والارض اعدت للذين ءامنوا۟ بالله ورسلهۦ ۚ ذالك فضل الله يؤتيه من يشآء ۚ والله ذو الفضل العظيم [SEP] سابقوٓا۟ الا مغفرة من ربكم
وَلَا تَقْعُدُوا۟ بِكُلِّ صِرَٰطٍ تُوعِدُونَ وَتَصُدُّونَ عَن سَبِيلِ ٱللَّهِ مَنْ ءَامَنَ بِهِۦ وَتَبْغُونَهَا عِوَجًا ۚ وَٱذْكُرُوٓا۟ إِذْ كُنتُمْ قَلِيلًا فَكَثَّرَكُمْ ۖ وَٱنظُرُوا۟ كَيْفَ كَانَ عَٰقِبَةُ ٱلْمُفْسِدِينَ [SEP] وَلَا تَقْعُدُوا۟ بِكُلِّ صِرَٰطٍ تُوعِدُونَ,High,2,ولا تقعدوا۟ بكل صراط توعدون وتصدون عن سبيل الله من ءامن بهۦ وتبغونها عوجا ۚ واذكروٓا۟ اذ كنتم قليلا فكثركم ۖ وانظروا۟ كيف كان عاقبة المفسدين [SEP] ولا تقعدوا۟ بكل صراط توعدون
تُسَبِّحُ لَهُ ٱلسَّمَٰوَٰتُ ٱلسَّبْعُ وَٱلْأَرْضُ وَمَن فِيهِنَّ ۚ وَإِن مِّن شَىْءٍ إِلَّا يُسَبِّحُ بِحَمْدِهِۦ وَلَٰكِن لَّا تَفْقَهُونَ تَسْبِيحَهُمْ ۗ إِنَّهُۥ كَانَ حَلِيمًا غَفُورًا [SEP] وَإِن مِّن شَيْءٍ إِلَّا يُسَبِّحُ بِحَمْدِهِ,Medium,1,تسبح له السماوات السبع والارض ومن فيهن ۚ وان من شاء الا يسبح بحمدهۦ ولاكن لا تفقهون تسبيحهم ۗ انهۥ كان حليما غفورا [SEP] وان من شيء الا يسبح بحمده
فَإِذَا ٱنسَلَخَ ٱلْأَشْهُرُ ٱلْحُرُمُ فَٱقْتُلُوا۟ ٱلْمُشْرِكِينَ حَيْثُ وَجَدتُّمُوهُمْ وَخُذُوهُمْ وَٱحْصُرُوهُمْ وَٱقْعُدُوا۟ لَهُمْ كُلَّ مَرْصَدٍ [SEP] وَٱقْعُدُوا۟ لَهُمْ كُلَّ مَرْصَدٍ,High,2,فاذا انسلخ الاشهر الحرم فاقتلوا۟ المشركين حيث وجدتموهم وخذوهم واحصروهم واقعدوا۟ لهم كل مرصد [SEP] واقعدوا۟ لهم كل مرصد
وَاذْكُرْ عَبْدَنَا أَيُّوبَ إِذْ نَادَىٰ رَبَّهُ أَنِّي مَسَّنِيَ الشَّيْطَانُ بِنُصْبٍ وَعَذَابٍ [SEP] مَسَّنِيَ الشَّيْطَانُ,Medium,1,واذكر عبدنا ايوب اذ نادا ربه اني مسني الشيطان بنصب وعذاب [SEP] مسني الشيطان
صُمٌّۢ بُكْمٌ عُمْىٌ فَهُمْ لَا يَرْجِعُونَ [SEP] صُمٌّۢ بُكْمٌ عُمْىٌ,Medium,1,صمۢ بكم عما فهم لا يرجعون [SEP] صمۢ بكم عما
وَمَا كَانَ قَوْلَهُمْ إِلَّآ أَن قَالُوا۟ رَبَّنَا ٱغْفِرْ لَنَا ذُنُوبَنَا وَإِسْرَافَنَا فِىٓ أَمْرِنَا وَثَبِّتْ أَقْدَامَنَا وَٱنصُرْنَا عَلَى ٱلْقَوْمِ ٱلْكَٰفِرِينَ [SEP] وَثَبِّتْ أَقْدَامَنَا,Medium,1,وما كان قولهم الآ ان قالوا۟ ربنا اغفر لنا ذنوبنا واسرافنا فآ امرنا وثبت اقدامنا وانصرنا علا القوم الكافرين [SEP] وثبت اقدامنا
وَلَا تَحْسَبَنَّ ٱللَّهَ غَٰفِلًا عَمَّا يَعْمَلُ ٱلظَّٰلِمُونَ ۚ إِنَّمَا يُؤَخِّرُهُمْ لِيَوْمٍ تَشْخَصُ فِيهِ ٱلْأَبْصَٰرُ [SEP] تَشْخَصُ فِيهِ ٱلْأَبْصَٰرُ,Medium,1,ولا تحسبن الله غافلا عما يعمل الظالمون ۚ انما يؤخرهم ليوم تشخص فيه الابصار [SEP] تشخص فيه الابصار
رَبَّنَا ٱفْتَحْ بَيْنَنَا وَبَيْنَ قَوْمِنَا بِٱلْحَقِّ وَأَنتَ خَيْرُ ٱلْفَٰتِحِينَ [SEP] رَبَّنَا ٱفْتَحْ بَيْنَنَا وَبَيْنَ قَوْمِنَا,Medium,1,ربنا افتح بيننا وبين قومنا بالحق وانت خير الفاتحين [SEP] ربنا افتح بيننا وبين قومنا
وَأَخْرَجَتِ ٱلۡأَرۡضُ أَثۡقَالَهَا [SEP] وَأَخْرَجَتِ الْأَرْضُ أَثْقَالَهَا,Medium,1,واخرجت الۡارۡض اثۡقالها [SEP] واخرجت الارض اثقالها
وَلَمَّا بَرَزُوا۟ لِجَالُوتَ وَجُنُودِهِۦ قَالُوا۟ رَبَّنَآ أَفْرِغْ عَلَيْنَا صَبْرًا وَثَبِّتْ أَقْدَامَنَا وَٱنصُرْنَا عَلَى ٱلْقَوْمِ ٱلْكَٰفِرِينَ [SEP] رَبَّنَآ أَفْرِغْ عَلَيْنَا صَبْرًا,Medium,1,ولما برزوا۟ لجالوت وجنودهۦ قالوا۟ ربنآ افرغ علينا صبرا وثبت اقدامنا وانصرنا علا القوم الكافرين [SEP] ربنآ افرغ علينا صبرا
هَذَانِ خَصْمَانِ اخْتَصَمُوا فِي رَبِّهِمْ ۖ فَالَّذِينَ كَفَرُوا قُطِّعَتْ لَهُمْ ثِيَابٌ مِّن نَّارٍ يُصَبُّ مِن فَوْقِ رُءُوسِهِمُ الْحَمِيمُ [SEP] قُطِّعَتْ لَهُمْ ثِيَابٌ مِّن نَّارٍ,Medium,1,هذان خصمان اختصموا في ربهم ۖ فالذين كفروا قطعت لهم ثياب من نار يصب من فوق رءوسهم الحميم [SEP] قطعت لهم ثياب من نار
وَأَنزَلَ ٱلَّذِينَ ظَاهَرُوهُم مِّنْ أَهْلِ ٱلْكِتَٰبِ مِن صَيَاصِيهِمْ وَقَذَفَ فِي قُلُوبِهِمُ ٱلرُّعْبَ فَرِيقًا تَقْتُلُونَ وَتَأْسِرُونَ فَرِيقًا [SEP] مِن صَيَاصِيهِمْ,Medium,1,وانزل الذين ظاهروهم من اهل الكتاب من صياصيهم وقذف في قلوبهم الرعب فريقا تقتلون وتاسرون فريقا [SEP] من صياصيهم
وَلَا تُجَٰدِلْ عَنِ ٱلَّذِينَ يَخْتَانُونَ أَنفُسَهُمْ ۚ إِنَّ ٱللَّهَ لَا يُحِبُّ مَن كَانَ خَوَّانًا أَثِيمًا [SEP] يَخْتَانُونَ أَنفُسَهُمْ,Medium,1,ولا تجادل عن الذين يختانون انفسهم ۚ ان الله لا يحب من كان خوانا اثيما [SEP] يختانون انفسهم
وَمِنْ آيَاتِهِ أَن تَقُومَ السَّمَاءُ وَالْأَرْضُ بِأَمْرِهِ ۚ ثُمَّ إِذَا دَعَاكُمْ دَعْوَةً مِّنَ الْأَرْضِ إِذَا أَنتُمْ تَخْرُجُونَ [SEP] ثُمَّ إِذَا دَعَاكُمْ دَعْوَةً مِنَ الْأَرْضِ إِذَا أَنْتُمْ تَخْرُجُونَ,High,2,ومن اياته ان تقوم السماء والارض بامره ۚ ثم اذا دعاكم دعوة من الارض اذا انتم تخرجون [SEP] ثم اذا دعاكم دعوة من الارض اذا انتم تخرجون
أُو۟لَٰٓئِكَ ٱلَّذِينَ طَبَعَ ٱللَّهُ عَلَىٰ قُلُوبِهِمْ وَٱتَّبَعُوٓا۟ أَهْوَآءَهُمْ [SEP] طَبَعَ اللَّهُ عَلَى قُلُوبِهِمْ,Medium,1,او۟لآئك الذين طبع الله علا قلوبهم واتبعوٓا۟ اهوآءهم [SEP] طبع الله علا قلوبهم
وَكَيْفَ تَكْفُرُونَ وَأَنتُمْ تُتْلَىٰ عَلَيْكُمْ ءَايَٰتُ ٱللَّهِ وَفِيكُمْ رَسُولُهُۥ ۗ وَمَن يَعْتَصِم بِٱللَّهِ فَقَدْ هُدِىَ إِلَىٰ صِرَٰطٍ مُّسْتَقِيمٍ [SEP] يَعْتَصِم بِٱللَّهِ,Medium,1,وكيف تكفرون وانتم تتلا عليكم ءايات الله وفيكم رسولهۥ ۗ ومن يعتصم بالله فقد هدا الا صراط مستقيم [SEP] يعتصم بالله
فَلَمَّا كَشَفْنَا عَنْهُمُ ٱلْعَذَابَ إِذَا هُمْ يَنكُثُونَ [SEP] إِذَا هُمْ يَنْكُثُونَ,Medium,1,فلما كشفنا عنهم العذاب اذا هم ينكثون [SEP] اذا هم ينكثون
أُولَٰئِكَ الَّذِينَ كَفَرُوا بِآيَاتِ رَبِّهِمْ وَلِقَائِهِ فَحَبِطَتْ أَعْمَالُهُمْ فَلَا نُقِيمُ لَهُمْ يَوْمَ الْقِيَامَةِ وَزْنًا [SEP] فَحَبِطَتْ أَعْمَالُهُمْ,Medium,1,اولائك الذين كفروا بايات ربهم ولقائه فحبطت اعمالهم فلا نقيم لهم يوم القيامة وزنا [SEP] فحبطت اعمالهم
وَلَٰكِنَّ اللَّهَ حَبَّبَ إِلَيْكُمُ الْإِيمَانَ وَزَيَّنَهُ فِي قُلُوبِكُمْ [SEP] وَزَيَّنَهُ فِي قُلُوبِكُمْ,Medium,1,ولاكن الله حبب اليكم الايمان وزينه في قلوبكم [SEP] وزينه في قلوبكم
أُو۟لَٰٓئِكَ ٱلَّذِينَ طَبَعَ ٱللَّهُ عَلَىٰ قُلُوبِهِمْ وَسَمْعِهِمْ وَأَبْصَٰرِهِمْ ۖ وَأُو۟لَٰٓئِكَ هُمُ ٱلْغَٰفِلُونَ [SEP] طَبَعَ ٱللَّهُ عَلَىٰ قُلُوبِهِمْ,Medium,1,او۟لآئك الذين طبع الله علا قلوبهم وسمعهم وابصارهم ۖ واو۟لآئك هم الغافلون [SEP] طبع الله علا قلوبهم
كَذَٰلِكَ يَطْبَعُ ٱللَّهُ عَلَىٰ كُلِّ قَلْبِ مُتَكَبِّرٍ جَبَّارٍ [SEP] يَطْبَعُ اللَّهُ عَلَى كُلِّ قَلْبِ مُتَكَبِّرٍ جَبَّارٍ,Medium,1,كذالك يطبع الله علا كل قلب متكبر جبار [SEP] يطبع الله علا كل قلب متكبر جبار
بَلَىٰ مَن كَسَبَ سَيِّئَةً وَأَحَٰطَتْ بِهِۦ خَطِيٓـَٔتُهُۥ فَأُو۟لَٰٓئِكَ أَصْحَٰبُ ٱلنَّارِۖ هُمْ فِيهَا خَٰلِدُونَ [SEP] وَأَحَٰطَتْ بِهِۦ خَطِيٓـَٔتُهُۥ,Medium,1,بلا من كسب سيئة واحاطت بهۦ خطيٓـٔتهۥ فاو۟لآئك اصحاب النارۖ هم فيها خالدون [SEP] واحاطت بهۦ خطيٓـٔتهۥ
وَعَدَ اللَّهُ الَّذِينَ آمَنُوا مِنكُمْ وَعَمِلُوا الصَّالِحَاتِ لَيَسْتَخْلِفَنَّهُمْ فِي الْأَرْضِ كَمَا اسْتَخْلَفَ الَّذِينَ مِن قَبْلِهِمْ وَلَيُمَكِّنَنَّ لَهُمْ دِينَهُمُ الَّذِي ارْتَضَىٰ لَهُمْ وَلَيُبَدِّلَنَّهُم مِّن بَعْدِ خَوْفِهِمْ أَمْنًا ۚ ... [SEP] وَلَيُمَكِّنَنَّ لَهُمْ دِينَهُمُ,Medium,1,وعد الله الذين امنوا منكم وعملوا الصالحات ليستخلفنهم في الارض كما استخلف الذين من قبلهم وليمكنن لهم دينهم الذي ارتضا لهم وليبدلنهم من بعد خوفهم امنا ۚ ... [SEP] وليمكنن لهم دينهم
وَقَدْ مَكَرُوا مَكْرَهُمْ وَعِندَ اللَّهِ مَكْرُهُمْ وَإِن كَانَ مَكْرُهُمْ لِتَزُولَ مِنْهُ الْجِبَالُ [SEP] وَإِن كَانَ مَكْرُهُمْ لِتَزُولَ مِنْهُ ٱلْجِبَالُ,High,2,وقد مكروا مكرهم وعند الله مكرهم وان كان مكرهم لتزول منه الجبال [SEP] وان كان مكرهم لتزول منه الجبال
الْيَوْمَ نَخْتِمُ عَلَىٰ أَفْوَاهِهِمْ وَتُكَلِّمُنَا أَيْدِيهِمْ وَتَشْهَدُ أَرْجُلُهُم بِمَا كَانُوا يَكْسِبُونَ [SEP] وَتُكَلِّمُنَا أَيْدِيهِمْ وَتَشْهَدُ أَرْجُلُهُم,Medium,1,اليوم نختم علا افواههم وتكلمنا ايديهم وتشهد ارجلهم بما كانوا يكسبون [SEP] وتكلمنا ايديهم وتشهد ارجلهم
إِنَّا عَرَضْنَا الْأَمَانَةَ عَلَى السَّمَاوَاتِ وَالْأَرْضِ وَالْجِبَالِ فَأَبَيْنَ أَن يَحْمِلْنَهَا وَأَشْفَقْنَ مِنْهَا وَحَمَلَهَا الْإِنسَانُ ۖ إِنَّهُ كَانَ ظَلُومًا جَهُولًا [SEP] إِنَّا عَرَضْنَا الْأَمَانَةَ عَلَى السَّمَاوَاتِ وَالْأَرْضِ وَالْجِبَالِ فَأَبَيْنَ أَن يَحْمِلْنَهَا وَأَشْفَقْنَ مِنْهَا وَحَمَلَهَا الْإِنسَانُ,High,2,انا عرضنا الامانة علا السماوات والارض والجبال فابين ان يحملنها واشفقن منها وحملها الانسان ۖ انه كان ظلوما جهولا [SEP] انا عرضنا الامانة علا السماوات والارض والجبال فابين ان يحملنها واشفقن منها وحملها الانسان
وَٱعْتَصِمُوا۟ بِحَبْلِ ٱللَّهِ جَمِيعًا وَلَا تَفَرَّقُوا۟ ۚ وَٱذْكُرُوا۟ نِعْمَتَ ٱللَّهِ عَلَيْكُمْ إِذْ كُنتُمْ أَعْدَآءً فَأَلَّفَ بَيْنَ قُلُوبِكُمْ فَأَصْبَحْتُم بِنِعْمَتِهِۦٓ إِخْوَٰنًا وَكُنتُمْ عَلَىٰ شَفَا حُفْرَةٍ مِّنَ ٱلنَّارِ فَأَنقَذَكُم مِّنْهَا ۗ كَذَٰلِكَ يُبَيِّنُ ٱللَّهُ لَكُمْ ءَايَٰتِهِۦ لَعَلَّكُمْ تَهْتَدُونَ [SEP] وَٱعْتَصِمُوا۟ بِحَبْلِ ٱللَّهِ جَمِيعًا,Medium,1,واعتصموا۟ بحبل الله جميعا ولا تفرقوا۟ ۚ واذكروا۟ نعمت الله عليكم اذ كنتم اعدآء فالف بين قلوبكم فاصبحتم بنعمتهۦٓ اخوانا وكنتم علا شفا حفرة من النار فانقذكم منها ۗ كذالك يبين الله لكم ءاياتهۦ لعلكم تهتدون [SEP] واعتصموا۟ بحبل الله جميعا
تُؤْتِىٓ أُكُلَهَا كُلَّ حِينٍۭ بِإِذْنِ رَبِّهَا ۗ وَيَضْرِبُ ٱللَّهُ ٱلْأَمْثَالَ لِلنَّاسِ لَعَلَّهُمْ يَتَذَكَّرُونَ [SEP] تُؤْتِىٓ أُكُلَهَا كُلَّ حِينٍۭ بِإِذْنِ رَبِّهَا,High,2,تؤتآ اكلها كل حينۭ باذن ربها ۗ ويضرب الله الامثال للناس لعلهم يتذكرون [SEP] تؤتآ اكلها كل حينۭ باذن ربها
هَٰٓأَنتُمْ أُو۟لَآءِ تُحِبُّونَهُمْ وَلَا يُحِبُّونَكُمْ وَتُؤْمِنُونَ بِٱلْكِتَٰبِ كُلِّهِۦ وَإِذَا لَقُوكُمْ قَالُوٓا۟ ءَامَنَّا وَإِذَا خَلَوْا۟ عَضُّوا۟ عَلَيْكُمُ ٱلْأَنَامِلَ مِنَ ٱلْغَيْظِ ۚ قُلْ مُوتُوا۟ بِغَيْظِكُمْ ۗ إِنَّ ٱللَّهَ عَلِيمٌۢ بِذَاتِ ٱلصُّدُورِ [SEP] عَضُّوا۟ عَلَيْكُمُ ٱلْأَنَامِلَ مِنَ ٱلْغَيْظِ,High,2,هآانتم او۟لآء تحبونهم ولا يحبونكم وتؤمنون بالكتاب كلهۦ واذا لقوكم قالوٓا۟ ءامنا واذا خلوا۟ عضوا۟ عليكم الانامل من الغيظ ۚ قل موتوا۟ بغيظكم ۗ ان الله عليمۢ بذات الصدور [SEP] عضوا۟ عليكم الانامل من الغيظ
لِّئَلَّا يَعْلَمَ أَهْلُ ٱلْكِتَٰبِ أَلَّا يَقْدِرُونَ عَلَىٰ شَىْءٍ مِّن فَضْلِ ٱللَّهِ ۙ وَأَنَّ ٱلْفَضْلَ بِيَدِ ٱللَّهِ يُؤْتِيهِ مَن يَشَآءُ ۗ وَٱللَّهُ ذُو ٱلْفَضْلِ ٱلْعَظِيمِ [SEP] وَأَنَّ ٱلْفَضْلَ بِيَدِ ٱللَّهِ,Medium,1,لئلا يعلم اهل الكتاب الا يقدرون علا شاء من فضل الله ۙ وان الفضل بيد الله يؤتيه من يشآء ۗ والله ذو الفضل العظيم [SEP] وان الفضل بيد الله
وَنَسُوقُ الْمُجْرِمِينَ إِلَىٰ جَهَنَّمَ وِرْدًا [SEP] وَنَسُوقُ الْمُجْرِمِينَ إِلَىٰ جَهَنَّمَ وِرْدًا,High,2,ونسوق المجرمين الا جهنم وردا [SEP] ونسوق المجرمين الا جهنم وردا
فَإِذَا قُضِيَتِ ٱلصَّلَوٰةُ فَٱنتَشِرُوا۟ فِى ٱلْأَرْضِ وَٱبْتَغُوا۟ مِن فَضْلِ ٱللَّهِ وَٱذْكُرُوا۟ ٱللَّهَ كَثِيرًا لَّعَلَّكُمْ تُفْلِحُونَ [SEP] وَٱبْتَغُوا۟ مِن فَضْلِ ٱللَّهِ,Medium,1,فاذا قضيت الصلواة فانتشروا۟ فا الارض وابتغوا۟ من فضل الله واذكروا۟ الله كثيرا لعلكم تفلحون [SEP] وابتغوا۟ من فضل الله
قُلْ يَٰٓأَهْلَ ٱلْكِتَٰبِ لَا تَغْلُوا۟ فِى دِينِكُمْ غَيْرَ ٱلْحَقِّ وَلَا تَتَّبِعُوٓا۟ أَهْوَآءَ قَوْمٍ قَدْ ضَلُّوا۟ مِن قَبْلُ وَأَضَلُّوا۟ كَثِيرًا وَضَلُّوا۟ عَن سَوَآءِ ٱلسَّبِيلِ [SEP] وَضَلُّوا۟ عَن سَوَآءِ ٱلسَّبِيلِ,Low,0,قل يآاهل الكتاب لا تغلوا۟ فا دينكم غير الحق ولا تتبعوٓا۟ اهوآء قوم قد ضلوا۟ من قبل واضلوا۟ كثيرا وضلوا۟ عن سوآء السبيل [SEP] وضلوا۟ عن سوآء السبيل
أَلَمْ نَشْرَحْ لَكَ صَدْرَكَ [SEP] أَلَمْ نَشْرَحْ لَكَ صَدْرَكَ,Medium,1,الم نشرح لك صدرك [SEP] الم نشرح لك صدرك
فَاعْبُدُوا مَا شِئْتُم مِّن دُونِهِ ۗ قُلْ إِنَّ الْخَاسِرِينَ الَّذِينَ خَسِرُوا أَنفُسَهُمْ وَأَهْلِيهِمْ يَوْمَ الْقِيَامَةِ ۗ أَلَا ذَٰلِكَ هُوَ الْخُسْرَانُ الْمُبِينُ [SEP] خَسِرُوا أَنفُسَهُمْ,Medium,1,فاعبدوا ما شئتم من دونه ۗ قل ان الخاسرين الذين خسروا انفسهم واهليهم يوم القيامة ۗ الا ذالك هو الخسران المبين [SEP] خسروا انفسهم
يَٰٓأَيُّهَا ٱلَّذِينَ أُوتُوا۟ ٱلْكِتَٰبَ ءَامِنُوا۟ بِمَا نَزَّلْنَا مُصَدِّقًا لِّمَا مَعَكُم مِّن قَبْلِ أَن نَّطْمِسَ وُجُوهًا فَنَرُدَّهَا عَلَىٰٓ أَدْبَارِهَآ أَوْ نَلْعَنَهُمْ كَمَا لَعَنَّآ أَصْحَٰبَ ٱلسَّبْتِ ۚ وَكَانَ أَمْرُ ٱللَّهِ مَفْعُولًا [SEP] نَّطْمِسَ وُجُوهًا فَنَرُدَّهَا عَلَىٰٓ أَدْبَارِهَآ,High,2,يآايها الذين اوتوا۟ الكتاب ءامنوا۟ بما نزلنا مصدقا لما معكم من قبل ان نطمس وجوها فنردها علآ ادبارهآ او نلعنهم كما لعنآ اصحاب السبت ۚ وكان امر الله مفعولا [SEP] نطمس وجوها فنردها علآ ادبارهآ
وَإِذَا رَأَيْتَ ٱلَّذِينَ يَخُوضُونَ فِىٓ ءَايَٰتِنَا فَأَعْرِضْ عَنْهُمْ حَتَّىٰ يَخُوضُوا۟ فِى حَدِيثٍ غَيْرِهِۦ ۚ [SEP] يَخُوضُونَ فِىٓ ءَايَٰتِنَا,Low,0,واذا رايت الذين يخوضون فآ ءاياتنا فاعرض عنهم حتا يخوضوا۟ فا حديث غيرهۦ ۚ [SEP] يخوضون فآ ءاياتنا
وَإِذَا مَسَّهُ ٱلۡخَيۡرُ مَنُوعًا [SEP] وَإِذَا مَسَّهُ الْخَيْرُ,Medium,1,واذا مسه الۡخيۡر منوعا [SEP] واذا مسه الخير
وَذَٰلِكُمْ ظَنُّكُمُ ٱلَّذِى ظَنَنتُم بِرَبِّكُمْ أَرْدَىٰكُمْ فَأَصْبَحْتُم مِّنَ ٱلْخَٰسِرِينَ [SEP] وَذَلِكُمْ ظَنُّكُمُ الَّذِي ظَنَنْتُمْ بِرَبِّكُمْ أَرْدَاكُمْ,Medium,1,وذالكم ظنكم الذا ظننتم بربكم ارداكم فاصبحتم من الخاسرين [SEP] وذلكم ظنكم الذي ظننتم بربكم ارداكم
يَٰٓأَيُّهَا ٱلنَّاسُ كُلُوا۟ مِمَّا فِى ٱلْأَرْضِ حَلَٰلًا طَيِّبًا وَلَا تَتَّبِعُوا۟ خُطُوَٰتِ ٱلشَّيْطَٰنِ ۚ إِنَّهُۥ لَكُمْ عَدُوٌّ مُّبِينٌ [SEP] وَلَا تَتَّبِعُوا۟ خُطُوَٰتِ ٱلشَّيْطَٰنِ,High,2,يآايها الناس كلوا۟ مما فا الارض حلالا طيبا ولا تتبعوا۟ خطوات الشيطان ۚ انهۥ لكم عدو مبين [SEP] ولا تتبعوا۟ خطوات الشيطان
فَأَنجَيْنَٰهُ وَٱلَّذِينَ مَعَهُۥ بِرَحْمَةٍ مِّنَّا وَقَطَعْنَا دَابِرَ ٱلَّذِينَ كَذَّبُوا۟ بِـَٔايَٰتِنَا ۖ وَمَا كَانُوا۟ مُؤْمِنِينَ [SEP] وَقَطَعْنَا دَابِرَ ٱلَّذِينَ كَذَّبُوا۟ بِـَٔايَٰتِنَا,Medium,1,فانجيناه والذين معهۥ برحمة منا وقطعنا دابر الذين كذبوا۟ بـٔاياتنا ۖ وما كانوا۟ مؤمنين [SEP] وقطعنا دابر الذين كذبوا۟ بـٔاياتنا
وَيَسْتَعْجِلُونَكَ بِالْعَذَابِ وَلَن يُخْلِفَ اللَّهُ وَعْدَهُ ۚ وَإِنَّ يَوْمًا عِندَ رَبِّكَ كَأَلْفِ سَنَةٍ مِّمَّا تَعُدُّونَ [SEP] وَإِنَّ يَوْمًا عِندَ رَبِّكَ كَأَلْفِ سَنَةٍ مِّمَّا تَعُدُّونَ,High,2,ويستعجلونك بالعذاب ولن يخلف الله وعده ۚ وان يوما عند ربك كالف سنة مما تعدون [SEP] وان يوما عند ربك كالف سنة مما تعدون
وَكَذَٰلِكَ جَعَلْنَا لِكُلِّ نَبِىٍّ عَدُوًّا شَيَٰطِينَ ٱلْإِنسِ وَٱلْجِنِّ يُوحِى بَعْضُهُمْ إِلَىٰ بَعْضٍ زُخْرُفَ ٱلْقَوْلِ غُرُورًا ۚ وَلَوْ شَآءَ رَبُّكَ مَا فَعَلُوهُ ۖ فَذَرْهُمْ وَمَا يَفْتَرُونَ [SEP] يُوحِى بَعْضُهُمْ إِلَىٰ بَعْضٍ زُخْرُفَ ٱلْقَوْلِ,Medium,1,وكذالك جعلنا لكل نبا عدوا شياطين الانس والجن يوحا بعضهم الا بعض زخرف القول غرورا ۚ ولو شآء ربك ما فعلوه ۖ فذرهم وما يفترون [SEP] يوحا بعضهم الا بعض زخرف القول
رَّسُولًا يَتْلُوا۟ عَلَيْكُمْ ءَايَٰتِ ٱللَّهِ مُبَيِّنَٰتٍ لِّيُخْرِجَ ٱلَّذِينَ ءَامَنُوا۟ وَعَمِلُوا۟ ٱلصَّٰلِحَٰتِ مِنَ ٱلظُّلُمَٰتِ إِلَى ٱلنُّورِ ۚ وَمَن يُؤْمِنۢ بِٱللَّهِ وَيَعْمَلْ صَٰلِحًا يُدْخِلْهُ جَنَّٰتٍ تَجْرِى مِن تَحْتِهَا ٱلْأَنْهَٰرُ خَٰلِدِينَ فِيهَآ أَبَدًا ۖ قَدْ أَحْسَنَ ٱللَّهُ لَهُۥ رِزْقًا [SEP] لِّيُخْرِجَ ٱلَّذِينَ ءَامَنُوا۟ وَعَمِلُوا۟ ٱلصَّٰلِحَٰتِ مِنَ ٱلظُّلُمَٰتِ إِلَى ٱلنُّورِ,Medium,1,رسولا يتلوا۟ عليكم ءايات الله مبينات ليخرج الذين ءامنوا۟ وعملوا۟ الصالحات من الظلمات الا النور ۚ ومن يؤمنۢ بالله ويعمل صالحا يدخله جنات تجرا من تحتها الانهار خالدين فيهآ ابدا ۖ قد احسن الله لهۥ رزقا [SEP] ليخرج الذين ءامنوا۟ وعملوا۟ الصالحات من الظلمات الا النور
إِنَّمَا مَثَلُ ٱلْحَيَوٰةِ ٱلدُّنْيَا كَمَآءٍ أَنزَلْنَٰهُ مِنَ ٱلسَّمَآءِ فَٱخْتَلَطَ بِهِۦ نَبَاتُ ٱلْأَرْضِ مِمَّا يَأْكُلُ ٱلنَّاسُ وَٱلْأَنْعَٰمُ حَتَّىٰٓ إِذَآ أَخَذَتِ ٱلْأَرْضُ زُخْرُفَهَا وَٱزَّيَّنَتْ وَظَنَّ أَهْلُهَآ أَنَّهُمْ قَٰدِرُونَ عَلَيْهَآ أَتَىٰهَآ أَمْرُنَا لَيْلًا أَوْ نَهَارًا فَجَعَلْنَٰهَا حَصِيدًا كَأَن لَّمْ تَغْنَ بِٱلْأَمْسِ ۚ كَذَٰلِكَ نُفَصِّلُ ٱلْءَايَٰتِ لِقَوْمٍ يَتَفَكَّرُونَ [SEP] إِنَّمَا مَثَلُ ٱلْحَيَوٰةِ ٱلدُّنْيَا كَمَآءٍ أَنزَلْنَٰهُ مِنَ ٱلسَّمَآءِ... كَأَن لَّمْ تَغْنَ بِٱلْأَمْسِ,High,2,انما مثل الحيواة الدنيا كمآء انزلناه من السمآء فاختلط بهۦ نبات الارض مما ياكل الناس والانعام حتآ اذآ اخذت الارض زخرفها وازينت وظن اهلهآ انهم قادرون عليهآ اتاهآ امرنا ليلا او نهارا فجعلناها حصيدا كان لم تغن بالامس ۚ كذالك نفصل الءايات لقوم يتفكرون [SEP] انما مثل الحيواة الدنيا كمآء انزلناه من السمآء... كان لم تغن بالامس
تَكَادُ السَّمَاوَاتُ يَتَفَطَّرْنَ مِنْهُ وَتَنشَقُّ الْأَرْضُ وَتَخِرُّ الْجِبَالُ هَدًّا [SEP] تَكَادُ السَّمَاوَاتُ يَتَفَطَّرْنَ مِنْهُ وَتَنشَقُّ الْأَرْضُ وَتَخِرُّ الْجِبَالُ هَدًّا,Medium,1,تكاد السماوات يتفطرن منه وتنشق الارض وتخر الجبال هدا [SEP] تكاد السماوات يتفطرن منه وتنشق الارض وتخر الجبال هدا
وَمِنْهُمُ ٱلَّذِينَ يُؤْذُونَ ٱلنَّبِىَّ وَيَقُولُونَ هُوَ أُذُنٌ ۚ قُلْ أُذُنُ خَيْرٍ لَّكُمْ يُؤْمِنُ بِٱللَّهِ وَيُؤْمِنُ لِلْمُؤْمِنِينَ وَرَحْمَةٌ لِّلَّذِينَ ءَامَنُوا۟ مِنكُمْ ۚ وَٱلَّذِينَ يُؤْذُونَ رَسُولَ ٱللَّهِ لَهُمْ عَذَابٌ أَلِيمٌ [SEP] يَقُولُونَ هُوَ أُذُنٌ ۚ قُلْ أُذُنُ خَيْرٍ لَّكُمْ,Medium,1,ومنهم الذين يؤذون النبا ويقولون هو اذن ۚ قل اذن خير لكم يؤمن بالله ويؤمن للمؤمنين ورحمة للذين ءامنوا۟ منكم ۚ والذين يؤذون رسول الله لهم عذاب اليم [SEP] يقولون هو اذن ۚ قل اذن خير لكم
وَلَئِنْ أَذَقْنَٰهُ نَعْمَآءَ بَعْدَ ضَرَّآءَ مَسَّتْهُ لَيَقُولَنَّ ذَهَبَ ٱلسَّيِّـَٔاتُ عَنِّىٓ ۚ إِنَّهُۥ لَفَرِحٌ فَخُورٌ [SEP] وَلَئِنْ أَذَقْنَٰهُ نَعْمَآءَ,Medium,1,ولئن اذقناه نعمآء بعد ضرآء مسته ليقولن ذهب السيـٔات عنآ ۚ انهۥ لفرح فخور [SEP] ولئن اذقناه نعمآء
فَقَالَ لَهَا وَلِلْأَرْضِ ٱئْتِيَا طَوْعًا أَوْ كَرْهًا قَالَتَآ أَتَيْنَا طَآئِعِينَ [SEP] فَقَالَ لَهَا وَلِلْأَرْضِ ائْتِيَا طَوْعًا أَوْ كَرْهًا قَالَتَا أَتَيْنَا طَائِعِينَ,High,2,فقال لها وللارض ائتيا طوعا او كرها قالتآ اتينا طآئعين [SEP] فقال لها وللارض ائتيا طوعا او كرها قالتا اتينا طائعين
وَإِذَا ضَرَبْتُمْ فِى ٱلْأَرْضِ فَلَيْسَ عَلَيْكُمْ جُنَاحٌ أَن تَقْصُرُوا۟ مِنَ ٱلصَّلَوٰةِ إِنْ خِفْتُمْ أَن يَفْتِنَكُمُ ٱلَّذِينَ كَفَرُوٓا۟ ۚ إِنَّ ٱلْكَٰفِرِينَ كَانُوا۟ لَكُمْ عَدُوًّا مُّبِينًا [SEP] وَإِذَا ضَرَبْتُمْ فِى ٱلْأَرْضِ,Medium,1,واذا ضربتم فا الارض فليس عليكم جناح ان تقصروا۟ من الصلواة ان خفتم ان يفتنكم الذين كفروٓا۟ ۚ ان الكافرين كانوا۟ لكم عدوا مبينا [SEP] واذا ضربتم فا الارض
وَلَا تَجْعَلْ يَدَكَ مَغْلُولَةً إِلَىٰ عُنُقِكَ وَلَا تَبْسُطْهَا كُلَّ ٱلْبَسْطِ فَتَقْعُدَ مَلُومًا مَّحْسُورًا [SEP] وَلَا تَجْعَلْ يَدَكَ مَغْلُولَةً إِلَىٰ عُنُقِكَ,High,2,ولا تجعل يدك مغلولة الا عنقك ولا تبسطها كل البسط فتقعد ملوما محسورا [SEP] ولا تجعل يدك مغلولة الا عنقك
يَٰٓأَيُّهَا ٱلَّذِينَ ءَامَنُوا۟ شَهَٰدَةُ بَيْنِكُمْ إِذَا حَضَرَ أَحَدَكُمُ ٱلْمَوْتُ حِينَ ٱلْوَصِيَّةِ ٱثْنَانِ ذَوَا عَدْلٍ مِّنكُمْ أَوْ ءَاخَرَانِ مِنْ غَيْرِكُمْ إِنْ أَنتُمْ ضَرَبْتُمْ فِى ٱلْأَرْضِ فَأَصَٰبَتْكُم مُّصِيبَةُ ٱلْمَوْتِ [SEP] إِنْ أَنتُمْ ضَرَبْتُمْ فِى ٱلْأَرْضِ فَأَصَٰبَتْكُم مُّصِيبَةُ ٱلْمَوْتِ,Medium,1,يآايها الذين ءامنوا۟ شهادة بينكم اذا حضر احدكم الموت حين الوصية اثنان ذوا عدل منكم او ءاخران من غيركم ان انتم ضربتم فا الارض فاصابتكم مصيبة الموت [SEP] ان انتم ضربتم فا الارض فاصابتكم مصيبة الموت
أَمْ حَسِبَ ٱلَّذِينَ ٱجْتَرَحُوا۟ ٱلسَّيِّـَٔاتِ أَن نَّجْعَلَهُمْ كَٱلَّذِينَ ءَامَنُوا۟ وَعَمِلُوا۟ ٱلصَّٰلِحَٰتِ سَوَآءً مَّحْيَاهُمْ وَمَمَاتُهُمْ ۚ سَآءَ مَا يَحْكُمُونَ [SEP] أَمْ حَسِبَ ٱلَّذِينَ ٱجْتَرَحُوا۟ ٱلسَّيِّـَٔاتِ,Medium,1,ام حسب الذين اجترحوا۟ السيـٔات ان نجعلهم كالذين ءامنوا۟ وعملوا۟ الصالحات سوآء محياهم ومماتهم ۚ سآء ما يحكمون [SEP] ام حسب الذين اجترحوا۟ السيـٔات
فَأَذَاقَهُمُ ٱللَّهُ ٱلۡخِزۡيَ فِي ٱلۡحَيَوٰةِ ٱلدُّنۡيَاۖ وَلَعَذَابُ ٱلۡأٓخِرَةِ أَكۡبَرُۚ لَوۡ كَانُواْ يَعۡلَمُونَ [SEP] فَأَذَاقَهُمُ اللَّهُ الْخِزْيَ,Medium,1,فاذاقهم الله الۡخزۡي في الۡحيواة الدنۡياۖ ولعذاب الۡآخرة اكۡبرۚ لوۡ كانوا يعۡلمون [SEP] فاذاقهم الله الخزي
وَرَفَعْنَا لَكَ ذِكْرَكَ [SEP] وَرَفَعْنَا لَكَ ذِكْرَكَ,Medium,1,ورفعنا لك ذكرك [SEP] ورفعنا لك ذكرك
ٱلَّذِينَ تَتَوَفَّىٰهُمُ ٱلْمَلَٰٓئِكَةُ ظَالِمِىٓ أَنفُسِهِمْ ۖ فَأَلْقَوُا۟ ٱلسَّلَمَ مَا كُنَّا نَعْمَلُ مِن سُوٓءٍ ۚ بَلَىٰٓ إِنَّ ٱللَّهَ عَلِيمٌۢ بِمَا كُنتُمْ تَعْمَلُونَ [SEP] فَأَلْقَوُا۟ ٱلسَّلَمَ,Medium,1,الذين تتوفاهم الملآئكة ظالمآ انفسهم ۖ فالقوا۟ السلم ما كنا نعمل من سوٓء ۚ بلآ ان الله عليمۢ بما كنتم تعملون [SEP] فالقوا۟ السلم
فَحَاقَ بِٱلَّذِينَ سَخِرُوا۟ مِنْهُم مَّا كَانُوا۟ بِهِۦ يَسْتَهْزِءُونَ [SEP] فَحَاقَ بِٱلَّذِينَ سَخِرُوا۟ مِنْهُم مَّا كَانُوا۟ بِهِۦ يَسْتَهْزِءُونَ,Medium,1,فحاق بالذين سخروا۟ منهم ما كانوا۟ بهۦ يستهزءون [SEP] فحاق بالذين سخروا۟ منهم ما كانوا۟ بهۦ يستهزءون
إِذَا ٱلسَّمَآءُ ٱنفَطَرَتۡ [SEP] إِذَا السَّمَاءُ انفَطَرَتْ,Medium,1,اذا السمآء انفطرتۡ [SEP] اذا السماء انفطرت
قَالُوا۟ يَٰشُعَيْبُ أَصَلَوٰتُكَ تَأْمُرُكَ أَن نَّتْرُكَ مَا يَعْبُدُ ءَابَآؤُنَآ أَوْ أَن نَّفْعَلَ فِىٓ أَمْوَٰلِنَا مَا نَشَٰٓؤُا۟ ۖ إِنَّكَ لَأَنتَ ٱلْحَلِيمُ ٱلرَّشِيدُ [SEP] أَصَلَوٰتُكَ تَأْمُرُكَ,Medium,1,قالوا۟ ياشعيب اصلواتك تامرك ان نترك ما يعبد ءابآؤنآ او ان نفعل فآ اموالنا ما نشآؤا۟ ۖ انك لانت الحليم الرشيد [SEP] اصلواتك تامرك
سَيَقُولُ الَّذِينَ أَشْرَكُوا لَوْ شَاءَ اللَّهُ مَا أَشْرَكْنَا وَلَا آبَاؤُنَا وَلَا حَرَّمْنَا مِن شَيْءٍ ۚ كَذَٰلِكَ كَذَّبَ الَّذِينَ مِن قَبْلِهِمْ حَتَّىٰ ذَاقُوا بَأْسَنَا ۗ قُلْ هَلْ عِندَكُم مِّنْ عِلْمٍ فَتُخْرِجُوهُ لَنَا ۖ إِن تَتَّبِعُونَ إِلَّا الظَّنَّ وَإِنْ أَنتُمْ إِلَّا تَخْرُصُونَ [SEP] حَتَّىٰ ذَاقُوا بَأْسَنَا,Medium,1,سيقول الذين اشركوا لو شاء الله ما اشركنا ولا اباؤنا ولا حرمنا من شيء ۚ كذالك كذب الذين من قبلهم حتا ذاقوا باسنا ۗ قل هل عندكم من علم فتخرجوه لنا ۖ ان تتبعون الا الظن وان انتم الا تخرصون [SEP] حتا ذاقوا باسنا
وَيَجْعَلُونَ لِلَّهِ مَا يَكْرَهُونَ وَتَصِفُ أَلْسِنَتُهُمُ الْكَذِبَ أَنَّ لَهُمُ الْحُسْنَىٰ ۖ لَا جَرَمَ أَنَّ لَهُمُ النَّارَ وَأَنَّهُم مُّفْرَطُونَ [SEP] وَتَصِفُ أَلْسِنَتُهُمُ ٱلْكَذِبَ,Medium,1,ويجعلون لله ما يكرهون وتصف السنتهم الكذب ان لهم الحسنا ۖ لا جرم ان لهم النار وانهم مفرطون [SEP] وتصف السنتهم الكذب
يَسْـَٔلُونَكَ عَنِ ٱلسَّاعَةِ أَيَّانَ مُرْسَىٰهَا ۖ قُلْ إِنَّمَا عِلْمُهَا عِندَ رَبِّى ۖ لَا يُجَلِّيهَا لِوَقْتِهَآ إِلَّا هُوَ ۚ ثَقُلَتْ فِى ٱلسَّمَٰوَٰتِ وَٱلْأَرْضِ ۚ لَا تَأْتِيكُمْ إِلَّا بَغْتَةً ۗ يَسْـَٔلُونَكَ كَأَنَّكَ حَفِىٌّ عَنْهَا ۖ قُلْ إِنَّمَا عِلْمُهَا عِندَ ٱللَّهِ وَلَٰكِنَّ أَكْثَرَ ٱلنَّاسِ لَا يَعْلَمُونَ [SEP] أَيَّانَ مُرْسَىٰهَا,Medium,1,يسـٔلونك عن الساعة ايان مرساها ۖ قل انما علمها عند ربا ۖ لا يجليها لوقتهآ الا هو ۚ ثقلت فا السماوات والارض ۚ لا تاتيكم الا بغتة ۗ يسـٔلونك كانك حفا عنها ۖ قل انما علمها عند الله ولاكن اكثر الناس لا يعلمون [SEP] ايان مرساها
فَلَنُذِيقَنَّ ٱلَّذِينَ كَفَرُوا۟ عَذَابًۭا شَدِيدًۭا وَلَنَجْزِيَنَّهُمْ أَسْوَأَ ٱلَّذِى كَانُوا۟ يَعْمَلُونَ [SEP] فَلَنُذِيقَنَّ الَّذِينَ كَفَرُوا عَذَابًا شَدِيدًا,Medium,1,فلنذيقن الذين كفروا۟ عذابۭا شديدۭا ولنجزينهم اسوا الذا كانوا۟ يعملون [SEP] فلنذيقن الذين كفروا عذابا شديدا
فَقُطِعَ دَابِرُ ٱلْقَوْمِ ٱلَّذِينَ ظَلَمُوا۟ ۚ وَٱلْحَمْدُ لِلَّهِ رَبِّ ٱلْعَٰلَمِينَ [SEP] فَقُطِعَ دَابِرُ ٱلْقَوْمِ,Low,0,فقطع دابر القوم الذين ظلموا۟ ۚ والحمد لله رب العالمين [SEP] فقطع دابر القوم
يَٰبَنِىٓ ءَادَمَ قَدْ أَنزَلْنَا عَلَيْكُمْ لِبَاسًا يُوَٰرِى سَوْءَٰتِكُمْ وَرِيشًا ۖ وَلِبَاسُ ٱلتَّقْوَىٰ ذَٰلِكَ خَيْرٌ ۚ ذَٰلِكَ مِنْ ءَايَٰتِ ٱللَّهِ لَعَلَّهُمْ يَذَّكَّرُونَ [SEP] وَلِبَاسُ ٱلتَّقْوَىٰ,Medium,1,يابنآ ءادم قد انزلنا عليكم لباسا يوارا سوءاتكم وريشا ۖ ولباس التقوا ذالك خير ۚ ذالك من ءايات الله لعلهم يذكرون [SEP] ولباس التقوا
يَٰبَنِىٓ ءَادَمَ لَا يَفْتِنَنَّكُمُ ٱلشَّيْطَٰنُ كَمَآ أَخْرَجَ أَبَوَيْكُم مِّنَ ٱلْجَنَّةِ يَنزِعُ عَنْهُمَا لِبَاسَهُمَا لِيُرِيَهُمَا سَوْءَٰتِهِمَآ ۗ إِنَّهُۥ يَرَىٰكُمْ هُوَ وَقَبِيلُهُۥ مِنْ حَيْثُ لَا تَرَوْنَهُمْ ۗ إِنَّا جَعَلْنَا ٱلشَّيَٰطِينَ أَوْلِيَآءَ لِلَّذِينَ لَا يُؤْمِنُونَ [SEP] يَنزِعُ عَنْهُمَا لِبَاسَهُمَا,Medium,1,يابنآ ءادم لا يفتننكم الشيطان كمآ اخرج ابويكم من الجنة ينزع عنهما لباسهما ليريهما سوءاتهمآ ۗ انهۥ يراكم هو وقبيلهۥ من حيث لا ترونهم ۗ انا جعلنا الشياطين اوليآء للذين لا يؤمنون [SEP] ينزع عنهما لباسهما
وَلَمَّا سُقِطَ فِىٓ أَيْدِيهِمْ وَرَأَوْا۟ أَنَّهُمْ قَدْ ضَلُّوا۟ قَالُوا۟ لَئِن لَّمْ يَرْحَمْنَا رَبُّنَا وَيَغْفِرْ لَنَا لَنَكُونَنَّ مِنَ ٱلْخَٰسِرِينَ [SEP] وَلَمَّا سُقِطَ فِىٓ أَيْدِيهِمْ,High,2,ولما سقط فآ ايديهم وراوا۟ انهم قد ضلوا۟ قالوا۟ لئن لم يرحمنا ربنا ويغفر لنا لنكونن من الخاسرين [SEP] ولما سقط فآ ايديهم
مَن كَفَرَ فَعَلَيْهِ كُفْرُهُ ۖ وَمَنْ عَمِلَ صَالِحًا فَلِأَنفُسِهِمْ يَمْهَدُونَ [SEP] يَمْهَدُونَ,Medium,1,من كفر فعليه كفره ۖ ومن عمل صالحا فلانفسهم يمهدون [SEP] يمهدون
فَمَن يُرِدِ ٱللَّهُ أَن يَهْدِيَهُۥ يَشْرَحْ صَدْرَهُۥ لِلْإِسْلَٰمِ ۖ وَمَن يُرِدْ أَن يُضِلَّهُۥ يَجْعَلْ صَدْرَهُۥ ضَيِّقًا حَرَجًا كَأَنَّمَا يَصَّعَّدُ فِى ٱلسَّمَآءِ ۚ كَذَٰلِكَ يَجْعَلُ ٱللَّهُ ٱلرِّجْسَ عَلَى ٱلَّذِينَ لَا يُؤْمِنُونَ [SEP] يَشْرَحْ صَدْرَهُۥ لِلْإِسْلَٰمِ,Medium,1,فمن يرد الله ان يهديهۥ يشرح صدرهۥ للاسلام ۖ ومن يرد ان يضلهۥ يجعل صدرهۥ ضيقا حرجا كانما يصعد فا السمآء ۚ كذالك يجعل الله الرجس علا الذين لا يؤمنون [SEP] يشرح صدرهۥ للاسلام
وَإِن كَادُوا لَيَسْتَفِزُّونَكَ مِنَ الْأَرْضِ لِيُخْرِجُوكَ مِنْهَا ۖ وَإِذًا لَّا يَلْبَثُونَ خَلْفَكَ إِلَّا قَلِيلًا [SEP] لَيَسْتَفِزُّونَكَ,Medium,1,وان كادوا ليستفزونك من الارض ليخرجوك منها ۖ واذا لا يلبثون خلفك الا قليلا [SEP] ليستفزونك
وَيَوْمَ يَعَضُّ الظَّالِمُ عَلَىٰ يَدَيْهِ يَقُولُ يَا لَيْتَنِي اتَّخَذْتُ مَعَ الرَّسُولِ سَبِيلًا [SEP] يَعَضُّ الظَّالِمُ عَلَىٰ يَدَيْهِ,High,2,ويوم يعض الظالم علا يديه يقول يا ليتني اتخذت مع الرسول سبيلا [SEP] يعض الظالم علا يديه
وَهُوَ ٱلَّذِى يُرْسِلُ ٱلرِّيَٰحَ بُشْرًۢا بَيْنَ يَدَىْ رَحْمَتِهِۦ ۖ حَتَّىٰٓ إِذَآ أَقَلَّتْ سَحَابًا ثِقَالًا سُقْنَٰهُ لِبَلَدٍ مَّيِّتٍ فَأَنزَلْنَا بِهِ ٱلْمَآءَ فَأَخْرَجْنَا بِهِۦ مِن كُلِّ ٱلثَّمَرَٰتِ ۚ كَذَٰلِكَ نُخْرِجُ ٱلْمَوْتَىٰ لَعَلَّكُمْ تَذَكَّرُونَ [SEP] يُرْسِلُ ٱلرِّيَٰحَ بُشْرًۢا بَيْنَ يَدَىْ رَحْمَتِهِۦ,High,2,وهو الذا يرسل الرياح بشرۢا بين يدا رحمتهۦ ۖ حتآ اذآ اقلت سحابا ثقالا سقناه لبلد ميت فانزلنا به المآء فاخرجنا بهۦ من كل الثمرات ۚ كذالك نخرج الموتا لعلكم تذكرون [SEP] يرسل الرياح بشرۢا بين يدا رحمتهۦ
وَيَبْغُونَهَا عِوَجًا [SEP] وَيَبْغُونَهَا عِوَجًا,Medium,1,ويبغونها عوجا [SEP] ويبغونها عوجا
مَنْ أَعْرَضَ عَنْهُ فَإِنَّهُ يَحْمِلُ يَوْمَ الْقِيَامَةِ وِزْرًا [SEP] فَإِنَّهُ يَحْمِلُ يَوْمَ الْقِيَامَةِ وِزْرًا,Medium,1,من اعرض عنه فانه يحمل يوم القيامة وزرا [SEP] فانه يحمل يوم القيامة وزرا
إِن تُقْرِضُوا اللَّهَ قَرْضًا حَسَنًا يُضَاعِفْهُ لَكُمْ وَيَغْفِرْ لَكُمْ ۚ وَاللَّهُ شَكُورٌ حَلِيمٌ [SEP] {إِن تُقْرِضُوا اللَّهَ قَرْضًا حَسَنًا},High,2,ان تقرضوا الله قرضا حسنا يضاعفه لكم ويغفر لكم ۚ والله شكور حليم [SEP] {ان تقرضوا الله قرضا حسنا}
وَإِذَا قِيلَ لَهُ ٱتَّقِ ٱللَّهَ أَخَذَتْهُ ٱلْعِزَّةُ بِٱلْإِثْمِ ۚ فَحَسْبُهُۥ جَهَنَّمُ ۚ وَلَبِئْسَ ٱلْمِهَادُ [SEP] أَخَذَتْهُ ٱلْعِزَّةُ بِٱلْإِثْمِ,Medium,1,واذا قيل له اتق الله اخذته العزة بالاثم ۚ فحسبهۥ جهنم ۚ ولبئس المهاد [SEP] اخذته العزة بالاثم
يُخْرِجُ الْحَيَّ مِنَ الْمَيِّتِ وَيُخْرِجُ الْمَيِّتَ مِنَ الْحَيِّ وَيُحْيِي الْأَرْضَ بَعْدَ مَوْتِهَا ۚ وَكَذَٰلِكَ تُخْرَجُونَ [SEP] وَيُحْيِي الْأَرْضَ بَعْدَ مَوْتِهَا,Medium,1,يخرج الحي من الميت ويخرج الميت من الحي ويحيي الارض بعد موتها ۚ وكذالك تخرجون [SEP] ويحيي الارض بعد موتها
وَلَا تَنفَعُ الشَّفَاعَةُ عِندَهُ إِلَّا لِمَنْ أَذِنَ لَهُ ۚ حَتَّىٰ إِذَا فُزِّعَ عَن قُلُوبِهِمْ قَالُوا مَاذَا قَالَ رَبُّكُمْ ۖ قَالُوا الْحَقَّ ۖ وَهُوَ الْعَلِيُّ الْكَبِيرُ [SEP] حَتَّىٰ إِذَا فُزِّعَ عَن قُلُوبِهِمْ,Medium,1,ولا تنفع الشفاعة عنده الا لمن اذن له ۚ حتا اذا فزع عن قلوبهم قالوا ماذا قال ربكم ۖ قالوا الحق ۖ وهو العلي الكبير [SEP] حتا اذا فزع عن قلوبهم
قُلْ أَرَءَيْتُمْ إِنْ أَصْبَحَ مَآؤُكُمْ غَوْرًا فَمَن يَأْتِيكُم بِمَآءٍ مَّعِينٍۭ [SEP] أَصْبَحَ مَآؤُكُمْ غَوْرًا,Medium,1,قل ارءيتم ان اصبح مآؤكم غورا فمن ياتيكم بمآء معينۭ [SEP] اصبح مآؤكم غورا
تَكَادُ ٱلسَّمَٰوَٰتُ يَتَفَطَّرْنَ مِن فَوْقِهِنَّ ۚ وَٱلْمَلَٰٓئِكَةُ يُسَبِّحُونَ بِحَمْدِ رَبِّهِمْ وَيَسْتَغْفِرُونَ لِمَن فِى ٱلْأَرْضِ ۗ أَلَآ إِنَّ ٱللَّهَ هُوَ ٱلْغَفُورُ ٱلرَّحِيمُ [SEP] تَكَادُ السَّمَاوَاتُ يَتَفَطَّرْنَ,Medium,1,تكاد السماوات يتفطرن من فوقهن ۚ والملآئكة يسبحون بحمد ربهم ويستغفرون لمن فا الارض ۗ الآ ان الله هو الغفور الرحيم [SEP] تكاد السماوات يتفطرن
وَأَلَّوِ اسْتَقَامُوا عَلَى الطَّرِيقَةِ لَأَسْقَيْنَاهُم مَّاءً غَدَقًا [SEP] {وَأَلَّوِ اسْتَقَامُوا عَلَى الطَّرِيقَةِ لَأَسْقَيْنَاهُم مَّاءً غَدَقًا},High,2,والو استقاموا علا الطريقة لاسقيناهم ماء غدقا [SEP] {والو استقاموا علا الطريقة لاسقيناهم ماء غدقا}
وَٱتْلُ عَلَيْهِمْ نَبَأَ ٱلَّذِىٓ ءَاتَيْنَٰهُ ءَايَٰتِنَا فَٱنسَلَخَ مِنْهَا فَأَتْبَعَهُ ٱلشَّيْطَٰنُ فَكَانَ مِنَ ٱلْغَاوِينَ [SEP] فَٱنسَلَخَ مِنْهَا,Medium,1,واتل عليهم نبا الذآ ءاتيناه ءاياتنا فانسلخ منها فاتبعه الشيطان فكان من الغاوين [SEP] فانسلخ منها
وَإِذِ ٱبْتَلَىٰٓ إِبْرَٰهِۦمَ رَبُّهُۥ بِكَلِمَٰتٍ فَأَتَمَّهُنَّ ۖ قَالَ إِنِّى جَاعِلُكَ لِلنَّاسِ إِمَامًا ۖ قَالَ وَمِن ذُرِّيَّتِى ۖ قَالَ لَا يَنَالُ عَهْدِى ٱلظَّٰلِمِينَ [SEP] لَا يَنَالُ عَهْدِى ٱلظَّٰلِمِينَ,Medium,1,واذ ابتلآ ابراهۦم ربهۥ بكلمات فاتمهن ۖ قال انا جاعلك للناس اماما ۖ قال ومن ذريتا ۖ قال لا ينال عهدا الظالمين [SEP] لا ينال عهدا الظالمين
لِنَفْتِنَهُمْ فِيهِ ۚ وَمَن يُعْرِضْ عَن ذِكْرِ رَبِّهِ يَسْلُكْهُ عَذَابًا صَعَدًا [SEP] يَسْلُكْهُ عَذَابًا صَعَدًا,Medium,1,لنفتنهم فيه ۚ ومن يعرض عن ذكر ربه يسلكه عذابا صعدا [SEP] يسلكه عذابا صعدا
قُل لَّوْ أَنتُمْ تَمْلِكُونَ خَزَائِنَ رَحْمَةِ رَبِّي إِذًا لَّأَمْسَكْتُمْ خَشْيَةَ ٱلْإِنفَاقِ ۚ وَكَانَ ٱلْإِنسَٰنُ قَتُورًا [SEP] خَزَائِنَ رَحْمَةِ رَبِّي,Medium,1,قل لو انتم تملكون خزائن رحمة ربي اذا لامسكتم خشية الانفاق ۚ وكان الانسان قتورا [SEP] خزائن رحمة ربي
قُلْ إِنَّمَا أُنذِرُكُم بِالْوَحْيِ ۚ وَلَا يَسْمَعُ الصُّمُّ الدُّعَاءَ إِذَا مَا يُنذَرُونَ [SEP] وَلَا يَسْمَعُ الصُّمُّ الدُّعَاءَ إِذَا مَا يُنْذَرُونَ,Medium,1,قل انما انذركم بالوحي ۚ ولا يسمع الصم الدعاء اذا ما ينذرون [SEP] ولا يسمع الصم الدعاء اذا ما ينذرون
أَوَلَمْ يَرَوْا أَنَّا جَعَلْنَا حَرَمًا آمِنًا وَيُتَخَطَّفُ النَّاسُ مِنْ حَوْلِهِمْ ۚ أَفَبِالْبَاطِلِ يُؤْمِنُونَ وَبِنِعْمَةِ اللَّهِ يَكْفُرُونَ [SEP] وَيُتَخَطَّفُ النَّاسُ مِنْ حَوْلِهِمْ,Medium,1,اولم يروا انا جعلنا حرما امنا ويتخطف الناس من حولهم ۚ افبالباطل يؤمنون وبنعمة الله يكفرون [SEP] ويتخطف الناس من حولهم
وَيَٰقَوْمِ ٱسْتَغْفِرُوا۟ رَبَّكُمْ ثُمَّ تُوبُوٓا۟ إِلَيْهِ يُرْسِلِ ٱلسَّمَآءَ عَلَيْكُم مِّدْرَارًا وَيَزِدْكُمْ قُوَّةً إِلَىٰ قُوَّتِكُمْ وَلَا تَتَوَلَّوْا۟ مُجْرِمِينَ [SEP] يُرْسِلِ ٱلسَّمَآءَ عَلَيْكُم مِّدْرَارًا,Medium,1,وياقوم استغفروا۟ ربكم ثم توبوٓا۟ اليه يرسل السمآء عليكم مدرارا ويزدكم قوة الا قوتكم ولا تتولوا۟ مجرمين [SEP] يرسل السمآء عليكم مدرارا
ٱللَّهُ وَلِىُّ ٱلَّذِينَ ءَامَنُوا۟ يُخْرِجُهُم مِّنَ ٱلظُّلُمَٰتِ إِلَى ٱلنُّورِ ۖ وَٱلَّذِينَ كَفَرُوٓا۟ أَوْلِيَآؤُهُمُ ٱلطَّٰغُوتُ يُخْرِجُونَهُم مِّنَ ٱلنُّورِ إِلَى ٱلظُّلُمَٰتِ ۗ أُو۟لَٰٓئِكَ أَصْحَٰبُ ٱلنَّارِ ۖ هُمْ فِيهَا خَٰلِدُونَ [SEP] يُخْرِجُهُم مِّنَ ٱلظُّلُمَٰتِ إِلَى ٱلنُّورِ ... يُخْرِجُونَهُم مِّنَ ٱلنُّورِ إِلَى ٱلظُّلُمَٰتِ,Medium,1,الله ولا الذين ءامنوا۟ يخرجهم من الظلمات الا النور ۖ والذين كفروٓا۟ اوليآؤهم الطاغوت يخرجونهم من النور الا الظلمات ۗ او۟لآئك اصحاب النار ۖ هم فيها خالدون [SEP] يخرجهم من الظلمات الا النور ... يخرجونهم من النور الا الظلمات
هَٰذَا كِتَٰبُنَا يَنطِقُ عَلَيْكُم بِٱلْحَقِّ ۚ إِنَّا كُنَّا نَسْتَنسِخُ مَا كُنتُمْ تَعْمَلُونَ [SEP] هَٰذَا كِتَابُنَا يَنطِقُ عَلَيْكُم بِالْحَقِّ,Medium,1,هاذا كتابنا ينطق عليكم بالحق ۚ انا كنا نستنسخ ما كنتم تعملون [SEP] هاذا كتابنا ينطق عليكم بالحق
وَقُل رَّبِّ أَعُوذُ بِكَ مِنْ هَمَزَاتِ الشَّيَاطِينِ [SEP] هَمَزَاتِ الشَّيَاطِينِ,Low,0,وقل رب اعوذ بك من همزات الشياطين [SEP] همزات الشياطين
كَمَثَلِ ٱلَّذِينَ مِن قَبْلِهِمْ قَرِيبًا ۖ ذَاقُوا۟ وَبَالَ أَمْرِهِمْ وَلَهُمْ عَذَابٌ أَلِيمٌ [SEP] ذَاقُوا۟ وَبَالَ أَمْرِهِمْ,Medium,1,كمثل الذين من قبلهم قريبا ۖ ذاقوا۟ وبال امرهم ولهم عذاب اليم [SEP] ذاقوا۟ وبال امرهم
وَٱلَّذِينَ كَسَبُوا۟ ٱلسَّيِّـَٔاتِ جَزَآءُ سَيِّئَةٍۭ بِمِثْلِهَا وَتَرْهَقُهُمْ ذِلَّةٌ ۖ مَّا لَهُم مِّنَ ٱللَّهِ مِنْ عَاصِمٍ ۖ كَأَنَّمَآ أُغْشِيَتْ وُجُوهُهُمْ قِطَعًا مِّنَ ٱلَّيْلِ مُظْلِمًا ۚ أُو۟لَٰٓئِكَ أَصْحَابُ ٱلنَّارِ ۖ هُمْ فِيهَا خَٰلِدُونَ [SEP] كَأَنَّمَآ أُغْشِيَتْ وُجُوهُهُمْ قِطَعًا مِّنَ ٱلَّيْلِ مُظْلِمًا,High,2,والذين كسبوا۟ السيـٔات جزآء سيئةۭ بمثلها وترهقهم ذلة ۖ ما لهم من الله من عاصم ۖ كانمآ اغشيت وجوههم قطعا من اليل مظلما ۚ او۟لآئك اصحاب النار ۖ هم فيها خالدون [SEP] كانمآ اغشيت وجوههم قطعا من اليل مظلما
قُل لَّوْ كُنتُمْ فِى بُيُوتِكُمْ لَبَرَزَ ٱلَّذِينَ كُتِبَ عَلَيْهِمُ ٱلْقَتْلُ إِلَىٰ مَضَاجِعِهِمْ [SEP] لَبَرَزَ ٱلَّذِينَ كُتِبَ عَلَيْهِمُ ٱلْقَتْلُ إِلَىٰ مَضَاجِعِهِمْ,Medium,1,قل لو كنتم فا بيوتكم لبرز الذين كتب عليهم القتل الا مضاجعهم [SEP] لبرز الذين كتب عليهم القتل الا مضاجعهم
إِنِّى تَوَكَّلْتُ عَلَى ٱللَّهِ رَبِّى وَرَبِّكُم ۚ مَّآ مِن دَآبَّةٍ إِلَّا هُوَ ءَاخِذٌۢ بِنَاصِيَتِهَآ ۚ إِنَّ رَبِّى عَلَىٰ صِرَٰطٍ مُّسْتَقِيمٍ [SEP] مَّآ مِن دَآبَّةٍ إِلَّا هُوَ ءَاخِذٌۢ بِنَاصِيَتِهَآ,High,2,انا توكلت علا الله ربا وربكم ۚ مآ من دآبة الا هو ءاخذۢ بناصيتهآ ۚ ان ربا علا صراط مستقيم [SEP] مآ من دآبة الا هو ءاخذۢ بناصيتهآ
وَلَقَدْ ءَاتَيْنَا دَاوُۥدَ مِنَّا فَضْلًا ۖ يَٰجِبَالُ أَوِّبِي مَعَهُۥ وَٱلطَّيْرَ ۖ وَأَلَنَّا لَهُ ٱلْحَدِيدَ [SEP] يَا جِبَالُ أَوِّبِي مَعَهُ,Medium,1,ولقد ءاتينا داوۥد منا فضلا ۖ ياجبال اوبي معهۥ والطير ۖ والنا له الحديد [SEP] يا جبال اوبي معه
وَلَا تَأْكُلُوٓا۟ أَمْوَٰلَكُم بَيْنَكُم بِٱلْبَٰطِلِ [SEP] وَلَا تَأْكُلُوٓا۟ أَمْوَٰلَكُم,Medium,1,ولا تاكلوٓا۟ اموالكم بينكم بالباطل [SEP] ولا تاكلوٓا۟ اموالكم
وَلَا ٱلظِّلُّ وَلَا ٱلۡحَرُورُ [SEP] وَلَا الظِّلُّ وَلَا الْحَرُورُ,Medium,1,ولا الظل ولا الۡحرور [SEP] ولا الظل ولا الحرور
أُو۟لَٰٓئِكَ ٱلَّذِينَ ٱشْتَرَوُا۟ ٱلضَّلَٰلَةَ بِٱلْهُدَىٰ وَٱلْعَذَابَ بِٱلْمَغْفِرَةِ ۚ فَمَآ أَصْبَرَهُمْ عَلَى ٱلنَّارِ [SEP] أُو۟لَٰٓئِكَ ٱلَّذِينَ ٱشْتَرَوُا۟ ٱلضَّلَٰلَةَ بِٱلْهُدَىٰ وَٱلْعَذَابَ بِٱلْمَغْفِرَةِ,Medium,1,او۟لآئك الذين اشتروا۟ الضلالة بالهدا والعذاب بالمغفرة ۚ فمآ اصبرهم علا النار [SEP] او۟لآئك الذين اشتروا۟ الضلالة بالهدا والعذاب بالمغفرة
وَجَعَلْنَا فِيهَا جَنَّاتٍ مِّن نَّخِيلٍ وَأَعْنَابٍ وَفَجَّرْنَا فِيهَا مِنَ الْعُيُونِ [SEP] وَفَجَّرْنَا فِيهَا مِنَ الْعُيُونِ,Medium,1,وجعلنا فيها جنات من نخيل واعناب وفجرنا فيها من العيون [SEP] وفجرنا فيها من العيون
بَلِ الَّذِينَ كَفَرُوا فِي عِزَّةٍ وَشِقَاقٍ [SEP] فِي عِزَّةٍ وَشِقَاقٍ,High,2,بل الذين كفروا في عزة وشقاق [SEP] في عزة وشقاق
وَيَقُولُ الَّذِينَ آمَنُوا لَوْلَا نُزِّلَتْ سُورَةٌ ۖ فَإِذَا أُنزِلَتْ سُورَةٌ مُّحْكَمَةٌ وَذُكِرَ فِيهَا الْقِتَالُ ۙ رَأَيْتَ الَّذِينَ فِي قُلُوبِهِم مَّرَضٌ يَنظُرُونَ إِلَيْكَ نَظَرَ الْمَغْشِيِّ عَلَيْهِ مِنَ الْمَوْتِ ۖ فَأَوْلَىٰ لَهُمْ [SEP] يَنْظُرُونَ إِلَيْكَ نَظَرَ الْمَغْشِيِّ عَلَيْهِ مِنَ الْمَوْتِ,High,2,ويقول الذين امنوا لولا نزلت سورة ۖ فاذا انزلت سورة محكمة وذكر فيها القتال ۙ رايت الذين في قلوبهم مرض ينظرون اليك نظر المغشي عليه من الموت ۖ فاولا لهم [SEP] ينظرون اليك نظر المغشي عليه من الموت
قُل لِّلَّذِينَ كَفَرُوا۟ سَتُغْلَبُونَ وَتُحْشَرُونَ إِلَىٰ جَهَنَّمَ ۚ وَبِئْسَ ٱلْمِهَادُ [SEP] ٱلْمِهَادُ,Medium,1,قل للذين كفروا۟ ستغلبون وتحشرون الا جهنم ۚ وبئس المهاد [SEP] المهاد
وَمَآ أَنتَ بِهَادِى ٱلْعُمْىِ عَن ضَلَٰلَتِهِمْ ۖ إِن تُسْمِعُ إِلَّا مَن يُؤْمِنُ بِـَٔايَٰتِنَا فَهُم مُّسْلِمُونَ [SEP] وَمَا أَنتَ بِهَادِي الْعُمْيِ عَن ضَلَالَتِهِمْ,Medium,1,ومآ انت بهادا العما عن ضلالتهم ۖ ان تسمع الا من يؤمن بـٔاياتنا فهم مسلمون [SEP] وما انت بهادي العمي عن ضلالتهم
لَآ إِكْرَاهَ فِى ٱلدِّينِ ۖ قَد تَّبَيَّنَ ٱلرُّشْدُ مِنَ ٱلْغَىِّ ۚ فَمَن يَكْفُرْ بِٱلطَّٰغُوتِ وَيُؤْمِنۢ بِٱللَّهِ فَقَدِ ٱسْتَمْسَكَ بِٱلْعُرْوَةِ ٱلْوُثْقَىٰ لَا ٱنفِصَامَ لَهَا ۗ وَٱللَّهُ سَمِيعٌ عَلِيمٌ [SEP] فَقَدِ ٱسْتَمْسَكَ بِٱلْعُرْوَةِ ٱلْوُثْقَىٰ,High,2,لآ اكراه فا الدين ۖ قد تبين الرشد من الغا ۚ فمن يكفر بالطاغوت ويؤمنۢ بالله فقد استمسك بالعروة الوثقا لا انفصام لها ۗ والله سميع عليم [SEP] فقد استمسك بالعروة الوثقا
يَٰٓأَيُّهَا ٱلَّذِينَ ءَامَنُوا۟ لَا يَسْخَرْ قَوْمٌ مِّن قَوْمٍ عَسَىٰٓ أَن يَكُونُوا۟ خَيْرًا مِّنْهُمْ وَلَا نِسَآءٌ مِّن نِّسَآءٍ عَسَىٰٓ أَن يَكُنَّ خَيْرًا مِّنْهُنَّ ۖ وَلَا تَلْمِزُوٓا۟ أَنفُسَكُمْ وَلَا تَنَابَزُوا۟ بِٱلْأَلْقَٰبِ ۖ بِئْسَ ٱلِٱسْمُ ٱلْفُسُوقُ بَعْدَ ٱلْإِيمَٰنِ ۚ وَمَن لَّمْ يَتُبْ فَأُو۟لَٰٓئِكَ هُمُ ٱلظَّٰلِمُونَ [SEP] وَلَا تَلْمِزُوا أَنفُسَكُمْ,Medium,1,يآايها الذين ءامنوا۟ لا يسخر قوم من قوم عسآ ان يكونوا۟ خيرا منهم ولا نسآء من نسآء عسآ ان يكن خيرا منهن ۖ ولا تلمزوٓا۟ انفسكم ولا تنابزوا۟ بالالقاب ۖ بئس الاسم الفسوق بعد الايمان ۚ ومن لم يتب فاو۟لآئك هم الظالمون [SEP] ولا تلمزوا انفسكم
وَإِذْ أَخَذَ رَبُّكَ مِنۢ بَنِىٓ ءَادَمَ مِن ظُهُورِهِمْ ذُرِّيَّتَهُمْ وَأَشْهَدَهُمْ عَلَىٰٓ أَنفُسِهِمْ أَلَسْتُ بِرَبِّكُمْ ۖ قَالُوا۟ بَلَىٰ ۛ شَهِدْنَآ ۛ أَن تَقُولُوا۟ يَوْمَ ٱلْقِيَٰمَةِ إِنَّا كُنَّا عَنْ هَٰذَا غَٰفِلِينَ [SEP] وَإِذْ أَخَذَ رَبُّكَ مِنۢ بَنِىٓ ءَادَمَ مِن ظُهُورِهِمْ ذُرِّيَّتَهُمْ وَأَشْهَدَهُمْ عَلَىٰٓ أَنفُسِهِمْ أَلَسْتُ بِرَبِّكُمْ ۖ قَالُوا۟ بَلَىٰ ۛ شَهِدْنَا,High,2,واذ اخذ ربك منۢ بنآ ءادم من ظهورهم ذريتهم واشهدهم علآ انفسهم الست بربكم ۖ قالوا۟ بلا ۛ شهدنآ ۛ ان تقولوا۟ يوم القيامة انا كنا عن هاذا غافلين [SEP] واذ اخذ ربك منۢ بنآ ءادم من ظهورهم ذريتهم واشهدهم علآ انفسهم الست بربكم ۖ قالوا۟ بلا ۛ شهدنا
وَإِذَا ٱلْأَرْضُ مُدَّتْ [SEP] وَإِذَا الْأَرْضُ مُدَّتْ,Medium,1,واذا الارض مدت [SEP] واذا الارض مدت
وَمَا أَرْسَلْنَا مِن قَبْلِكَ مِن رَّسُولٍ وَلَا نَبِيٍّ إِلَّا إِذَا تَمَنَّىٰ أَلْقَى الشَّيْطَانُ فِي أُمْنِيَّتِهِ فَيَنسَخُ اللَّهُ مَا يُلْقِي الشَّيْطَانُ ثُمَّ يُحْكِمُ اللَّهُ آيَاتِهِ ۗ وَاللَّهُ عَلِيمٌ حَكِيمٌ [SEP] أَلْقَى الشَّيْطَانُ فِي أُمْنِيَّتِهِ فَيَنسَخُ اللَّهُ مَا يُلْقِي الشَّيْطَانُ,High,2,وما ارسلنا من قبلك من رسول ولا نبي الا اذا تمنا القا الشيطان في امنيته فينسخ الله ما يلقي الشيطان ثم يحكم الله اياته ۗ والله عليم حكيم [SEP] القا الشيطان في امنيته فينسخ الله ما يلقي الشيطان
وَٱلَّذِينَ يُمَسِّكُونَ بِٱلْكِتَٰبِ وَأَقَامُوا۟ ٱلصَّلَوٰةَ إِنَّا لَا نُضِيعُ أَجْرَ ٱلْمُصْلِحِينَ [SEP] يُمَسِّكُونَ بِٱلْكِتَٰبِ,Medium,1,والذين يمسكون بالكتاب واقاموا۟ الصلواة انا لا نضيع اجر المصلحين [SEP] يمسكون بالكتاب
وَلَوْ تَرَىٰٓ إِذْ وُقِفُوا۟ عَلَىٰ رَبِّهِمْ ۚ قَالَ أَلَيْسَ هَٰذَا بِٱلْحَقِّ ۚ قَالُوا۟ بَلَىٰ وَرَبِّنَا ۚ قَالَ فَذُوقُوا۟ ٱلْعَذَابَ بِمَا كُنتُمْ تَكْفُرُونَ [SEP] فَذُوقُوا الْعَذَابَ,Medium,1,ولو ترآ اذ وقفوا۟ علا ربهم ۚ قال اليس هاذا بالحق ۚ قالوا۟ بلا وربنا ۚ قال فذوقوا۟ العذاب بما كنتم تكفرون [SEP] فذوقوا العذاب
ٱلتَّٰٓئِبُونَ ٱلْعَٰبِدُونَ ٱلْحَٰمِدُونَ ٱلسَّٰٓئِحُونَ ٱلرَّٰكِعُونَ ٱلسَّٰجِدُونَ ٱلْأَٰمِرُونَ بِٱلْمَعْرُوفِ وَٱلنَّاهُونَ عَنِ ٱلْمُنكَرِ وَٱلْحَٰفِظُونَ لِحُدُودِ ٱللَّهِ ۗ وَبَشِّرِ ٱلْمُؤْمِنِينَ [SEP] ٱلسَّٰٓئِحُونَ,Medium,1,التآئبون العابدون الحامدون السآئحون الراكعون الساجدون الاامرون بالمعروف والناهون عن المنكر والحافظون لحدود الله ۗ وبشر المؤمنين [SEP] السآئحون
فَمَا زَالَت تِّلْكَ دَعْوَاهُمْ حَتَّىٰ جَعَلْنَاهُمْ حَصِيدًا خَامِدِينَ [SEP] حَتَّىٰ جَعَلْنَاهُمْ حَصِيدًا خَامِدِينَ,Medium,1,فما زالت تلك دعواهم حتا جعلناهم حصيدا خامدين [SEP] حتا جعلناهم حصيدا خامدين
لَعَمْرُكَ إِنَّهُمْ لَفِى سَكْرَتِهِمْ يَعْمَهُونَ [SEP] إِنَّهُمْ لَفِي سَكْرَتِهِمْ يَعْمَهُونَ,Medium,1,لعمرك انهم لفا سكرتهم يعمهون [SEP] انهم لفي سكرتهم يعمهون
وَكَذَٰلِكَ أَوْحَيْنَا إِلَيْكَ رُوحًا مِّنْ أَمْرِنَا ۚ مَا كُنتَ تَدْرِي مَا الْكِتَابُ وَلَا الْإِيمَانُ وَلَٰكِن جَعَلْنَاهُ نُورًا نَّهْدِي بِهِ مَن نَّشَاءُ مِنْ عِبَادِنَا ۚ وَإِنَّكَ لَتَهْدِي إِلَىٰ صِرَاطٍ مُّسْتَقِيمٍ [SEP] أَوْحَيْنَا إِلَيْكَ رُوحًا,Medium,1,وكذالك اوحينا اليك روحا من امرنا ۚ ما كنت تدري ما الكتاب ولا الايمان ولاكن جعلناه نورا نهدي به من نشاء من عبادنا ۚ وانك لتهدي الا صراط مستقيم [SEP] اوحينا اليك روحا
فَأَمَّا مَن ثَقُلَتْ مَوَٰزِينُهُۥ [SEP] فَأَمَّا مَن ثَقُلَتْ مَوَٰزِينُهُۥ,High,2,فاما من ثقلت موازينهۥ [SEP] فاما من ثقلت موازينهۥ
وَمَن كَانَ فِى هَٰذِهِۦٓ أَعْمَىٰ فَهُوَ فِى ٱلْءَاخِرَةِ أَعْمَىٰ وَأَضَلُّ سَبِيلًا [SEP] وَمَن كَانَ فِى هَٰذِهِۦٓ أَعْمَىٰ,Medium,1,ومن كان فا هاذهۦٓ اعما فهو فا الءاخرة اعما واضل سبيلا [SEP] ومن كان فا هاذهۦٓ اعما
ٱقْرَأْ كِتَٰبَكَ كَفَىٰ بِنَفْسِكَ ٱلْيَوْمَ عَلَيْكَ حَسِيبًا [SEP] ٱقْرَأْ كِتَٰبَكَ,Medium,1,اقرا كتابك كفا بنفسك اليوم عليك حسيبا [SEP] اقرا كتابك
نُسَارِعُ لَهُمْ فِي الْخَيْرَاتِ ۖ بَل لَّا يَشْعُرُونَ [SEP] نُسَارِعُ لَهُمْ فِي الْخَيْرَاتِ,Medium,1,نسارع لهم في الخيرات ۖ بل لا يشعرون [SEP] نسارع لهم في الخيرات
وَٱلَّذِى نَزَّلَ مِنَ ٱلسَّمَآءِ مَآءًۢ بِقَدَرٍۢ فَأَنشَرْنَا بِهِۦ بَلْدَةً مَّيْتًا ۚ كَذَٰلِكَ تُخْرَجُونَ [SEP] فَأَنشَرْنَا بِهِۦ بَلْدَةً مَّيْتًا ۚ كَذَٰلِكَ تُخْرَجُونَ,High,2,والذا نزل من السمآء مآءۢ بقدرۢ فانشرنا بهۦ بلدة ميتا ۚ كذالك تخرجون [SEP] فانشرنا بهۦ بلدة ميتا ۚ كذالك تخرجون
قُلْ أَرَءَيْتُمْ إِن كَانَ مِنْ عِندِ ٱللَّهِ ثُمَّ كَفَرْتُم بِهِۦ مَنْ أَضَلُّ مِمَّنْ هُوَ فِى شِقَاقٍۭ بَعِيدٍ [SEP] مِمَّنْ هُوَ فِي شِقَاقٍ بَعِيدٍ,Medium,1,قل ارءيتم ان كان من عند الله ثم كفرتم بهۦ من اضل ممن هو فا شقاقۭ بعيد [SEP] ممن هو في شقاق بعيد
لَوْ أَنزَلْنَا هَٰذَا ٱلْقُرْءَانَ عَلَىٰ جَبَلٍ لَّرَأَيْتَهُۥ خَٰشِعًا مُّتَصَدِّعًا مِّنْ خَشْيَةِ ٱللَّهِ ۚ وَتِلْكَ ٱلْأَمْثَٰلُ نَضْرِبُهَا لِلنَّاسِ لَعَلَّهُمْ يَتَفَكَّرُونَ [SEP] لَوْ أَنزَلْنَا هَٰذَا ٱلْقُرْءَانَ عَلَىٰ جَبَلٍ لَّرَأَيْتَهُۥ خَٰشِعًا مُّتَصَدِّعًا,High,2,لو انزلنا هاذا القرءان علا جبل لرايتهۥ خاشعا متصدعا من خشية الله ۚ وتلك الامثال نضربها للناس لعلهم يتفكرون [SEP] لو انزلنا هاذا القرءان علا جبل لرايتهۥ خاشعا متصدعا
وَإِمَّا يَنزَغَنَّكَ مِنَ ٱلشَّيْطَٰنِ نَزْغٌ فَٱسْتَعِذْ بِٱللَّهِ [SEP] يَنزَغَنَّكَ ... نَزْغٌ,Medium,1,واما ينزغنك من الشيطان نزغ فاستعذ بالله [SEP] ينزغنك ... نزغ
يَٰٓأَيُّهَا ٱلنَّاسُ ٱذۡكُرُواْ نِعۡمَتَ ٱللَّهِ عَلَيۡكُمۡۚ هَلۡ مِنۡ خَٰلِقٍ غَيۡرُ ٱللَّهِ يَرۡزُقُكُم مِّنَ ٱلسَّمَآءِ وَٱلۡأَرۡضِۚ لَآ إِلَٰهَ إِلَّا هُوَۖ فَأَنَّىٰ تُؤۡفَكُونَ [SEP] فَأَنَّىٰ تُؤْفَكُونَ,Medium,1,يآايها الناس اذۡكروا نعۡمت الله عليۡكمۡۚ هلۡ منۡ خالق غيۡر الله يرۡزقكم من السمآء والۡارۡضۚ لآ الاه الا هوۖ فانا تؤۡفكون [SEP] فانا تؤفكون
الَّتِي تَطَّلِعُ عَلَى الْأَفْئِدَةِ [SEP] تَطَّلِعُ عَلَى الْأَفْئِدَةِ,Medium,1,التي تطلع علا الافئدة [SEP] تطلع علا الافئدة
خَتَمَ ٱللَّهُ عَلَىٰ قُلُوبِهِمْ وَعَلَىٰ سَمْعِهِمْ ۖ وَعَلَىٰٓ أَبْصَٰرِهِمْ غِشَٰوَةٌ ۖ وَلَهُمْ عَذَابٌ عَظِيمٌ [SEP] خَتَمَ ٱللَّهُ عَلَىٰ قُلُوبِهِمْ,Medium,1,ختم الله علا قلوبهم وعلا سمعهم ۖ وعلآ ابصارهم غشاوة ۖ ولهم عذاب عظيم [SEP] ختم الله علا قلوبهم
أَفَمَن يَتَّقِي بِوَجْهِهِ سُوءَ الْعَذَابِ يَوْمَ الْقِيَامَةِ ۚ وَقِيلَ لِلظَّالِمِينَ ذُوقُوا مَا كُنتُمْ تَكْسِبُونَ [SEP] أَفَمَن يَتَّقِي بِوَجْهِهِ سُوءَ الْعَذَابِ,High,2,افمن يتقي بوجهه سوء العذاب يوم القيامة ۚ وقيل للظالمين ذوقوا ما كنتم تكسبون [SEP] افمن يتقي بوجهه سوء العذاب
ضُرِبَتْ عَلَيْهِمُ ٱلذِّلَّةُ أَيْنَ مَا ثُقِفُوٓا۟ إِلَّا بِحَبْلٍ مِّنَ ٱللَّهِ وَحَبْلٍ مِّنَ ٱلنَّاسِ وَبَآءُو بِغَضَبٍ مِّنَ ٱللَّهِ وَضُرِبَتْ عَلَيْهِمُ ٱلْمَسْكَنَةُ [SEP] ضُرِبَتْ عَلَيْهِمُ ٱلذِّلَّةُ,Medium,1,ضربت عليهم الذلة اين ما ثقفوٓا۟ الا بحبل من الله وحبل من الناس وبآءو بغضب من الله وضربت عليهم المسكنة [SEP] ضربت عليهم الذلة
أَلَمْ تَرَ إِلَى ٱلَّذِينَ بَدَّلُوا۟ نِعْمَتَ ٱللَّهِ كُفْرًا وَأَحَلُّوا۟ قَوْمَهُمْ دَارَ ٱلْبَوَارِ [SEP] بَدَّلُوا۟ نِعْمَتَ ٱللَّهِ كُفْرًا,Medium,1,الم تر الا الذين بدلوا۟ نعمت الله كفرا واحلوا۟ قومهم دار البوار [SEP] بدلوا۟ نعمت الله كفرا
وَرَبَطْنَا عَلَىٰ قُلُوبِهِمْ إِذْ قَامُوا فَقَالُوا رَبُّنَا رَبُّ السَّمَاوَاتِ وَالْأَرْضِ لَن نَّدْعُوَ مِن دُونِهِ إِلَٰهًا ۖ لَّقَدْ قُلْنَا إِذًا شَطَطًا [SEP] وَرَبَطْنَا عَلَىٰ قُلُوبِهِمْ,Medium,1,وربطنا علا قلوبهم اذ قاموا فقالوا ربنا رب السماوات والارض لن ندعو من دونه الاها ۖ لقد قلنا اذا شططا [SEP] وربطنا علا قلوبهم
يُقَلِّبُ اللَّهُ اللَّيْلَ وَالنَّهَارَ ۚ إِنَّ فِي ذَٰلِكَ لَعِبْرَةً لِّأُولِي الْأَبْصَارِ [SEP] يُقَلِّبُ اللَّهُ اللَّيْلَ وَالنَّهَارَ,Medium,1,يقلب الله الليل والنهار ۚ ان في ذالك لعبرة لاولي الابصار [SEP] يقلب الله الليل والنهار
وَإِنَّكَ لَتُلَقَّى الْقُرْآنَ مِن لَّدُنْ حَكِيمٍ عَلِيمٍ [SEP] وَإِنَّكَ لَتُلَقَّى الْقُرْآنَ,Medium,1,وانك لتلقا القران من لدن حكيم عليم [SEP] وانك لتلقا القران
وَقَدْ كَفَرُوا بِهِ مِن قَبْلُ ۖ وَيَقْذِفُونَ بِالْغَيْبِ مِن مَّكَانٍ بَعِيدٍ [SEP] وَيَقْذِفُونَ بِالْغَيْبِ مِنْ مَكَانٍ بَعِيدٍ,High,2,وقد كفروا به من قبل ۖ ويقذفون بالغيب من مكان بعيد [SEP] ويقذفون بالغيب من مكان بعيد
وَإِذَا السَّمَاءُ فُرِجَتْ [SEP] وَإِذَا السَّمَاءُ فُرِجَتْ,Medium,1,واذا السماء فرجت [SEP] واذا السماء فرجت
إِنَّ ٱلۡإِنسَٰنَ لَفِي خُسۡرٍ [SEP] إِنَّ الْإِنْسَانَ لَفِي خُسْرٍ,Medium,1,ان الۡانسان لفي خسۡر [SEP] ان الانسان لفي خسر
وَأَنفِقُوا۟ فِى سَبِيلِ ٱللَّهِ وَلَا تُلْقُوا۟ بِأَيْدِيكُمْ إِلَى ٱلتَّهْلُكَةِ ۛ وَأَحْسِنُوٓا۟ ۛ إِنَّ ٱللَّهَ يُحِبُّ ٱلْمُحْسِنِينَ [SEP] وَلَا تُلْقُوا۟ بِأَيْدِيكُمْ إِلَى ٱلتَّهْلُكَةِ,High,2,وانفقوا۟ فا سبيل الله ولا تلقوا۟ بايديكم الا التهلكة ۛ واحسنوٓا۟ ۛ ان الله يحب المحسنين [SEP] ولا تلقوا۟ بايديكم الا التهلكة
لَن يَنَالَ اللَّهَ لُحُومُهَا وَلَا دِمَاؤُهَا وَلَٰكِن يَنَالُهُ التَّقْوَىٰ مِنكُمْ ۚ كَذَٰلِكَ سَخَّرَهَا لَكُمْ لِتُكَبِّرُوا اللَّهَ عَلَىٰ مَا هَدَاكُمْ ۗ وَبَشِّرِ الْمُحْسِنِينَ [SEP] يَنَالُهُ التَّقْوَىٰ مِنكُمْ,Medium,1,لن ينال الله لحومها ولا دماؤها ولاكن يناله التقوا منكم ۚ كذالك سخرها لكم لتكبروا الله علا ما هداكم ۗ وبشر المحسنين [SEP] يناله التقوا منكم
وَقَالُوا قُلُوبُنَا فِي أَكِنَّةٍ مِمَّا تَدْعُونَا إِلَيْهِ وَفِي آذَانِنَا وَقْرٌ وَمِنْ بَيْنِنَا وَبَيْنِكَ حِجَابٌ فَاعْمَلْ إِنَّنَا عَامِلُونَ [SEP] قُلُوبُنَا فِي أَكِنَّةٍ... وَفِي آذَانِنَا وَقْرٌ وَمِنْ بَيْنِنَا وَبَيْنِكَ حِجَابٌ,High,2,وقالوا قلوبنا في اكنة مما تدعونا اليه وفي اذاننا وقر ومن بيننا وبينك حجاب فاعمل اننا عاملون [SEP] قلوبنا في اكنة... وفي اذاننا وقر ومن بيننا وبينك حجاب
فَدَلَّىٰهُمَا بِغُرُورٍ ۖ فَلَمَّا ذَاقَا ٱلشَّجَرَةَ بَدَتْ لَهُمَا سَوْءَٰتُهُمَا وَطَفِقَا يَخْصِفَانِ عَلَيْهِمَا مِن وَرَقِ ٱلْجَنَّةِ ۖ وَنَادَىٰهُمَا رَبُّهُمَآ أَلَمْ أَنْهَكُمَا عَن تِلْكُمَا ٱلشَّجَرَةِ وَأَقُل لَّكُمَآ إِنَّ ٱلشَّيْطَٰنَ لَكُمَا عَدُوٌّ مُّبِينٌ [SEP] ذَاقَا,Medium,1,فدلاهما بغرور ۖ فلما ذاقا الشجرة بدت لهما سوءاتهما وطفقا يخصفان عليهما من ورق الجنة ۖ وناداهما ربهمآ الم انهكما عن تلكما الشجرة واقل لكمآ ان الشيطان لكما عدو مبين [SEP] ذاقا
وَلَا تَعْزِمُوا۟ عُقْدَةَ ٱلنِّكَاحِ حَتَّىٰ يَبْلُغَ ٱلْكِتَٰبُ أَجَلَهُۥ [SEP] وَلَا تَعْزِمُوا عُقْدَةَ النِّكَاحِ,Medium,1,ولا تعزموا۟ عقدة النكاح حتا يبلغ الكتاب اجلهۥ [SEP] ولا تعزموا عقدة النكاح
يَٰٓأَهْلَ ٱلْكِتَٰبِ قَدْ جَآءَكُمْ رَسُولُنَا يُبَيِّنُ لَكُمْ كَثِيرًا مِّمَّا كُنتُمْ تُخْفُونَ مِنَ ٱلْكِتَٰبِ وَيَعْفُوا۟ عَن كَثِيرٍ ۚ قَدْ جَآءَكُم مِّنَ ٱللَّهِ نُورٌ وَكِتَٰبٌ مُّبِينٌ [SEP] قَدْ جَآءَكُم مِّنَ ٱللَّهِ نُورٌ,Low,0,يآاهل الكتاب قد جآءكم رسولنا يبين لكم كثيرا مما كنتم تخفون من الكتاب ويعفوا۟ عن كثير ۚ قد جآءكم من الله نور وكتاب مبين [SEP] قد جآءكم من الله نور
وَمَن يُسْلِمْ وَجْهَهُ إِلَى اللَّهِ وَهُوَ مُحْسِنٌ فَقَدِ اسْتَمْسَكَ بِالْعُرْوَةِ الْوُثْقَىٰ ۗ وَإِلَى اللَّهِ عَاقِبَةُ الْأُمُورِ [SEP] فَقَدِ اسْتَمْسَكَ بِالْعُرْوَةِ الْوُثْقَىٰ,High,2,ومن يسلم وجهه الا الله وهو محسن فقد استمسك بالعروة الوثقا ۗ والا الله عاقبة الامور [SEP] فقد استمسك بالعروة الوثقا
وَوَضَعۡنَا عَنكَ وِزۡرَكَ [SEP] وَوَضَعْنَا عَنكَ وِزْرَكَ,Medium,1,ووضعۡنا عنك وزۡرك [SEP] ووضعنا عنك وزرك
قَالَ فَبِمَآ أَغْوَيْتَنِى لَأَقْعُدَنَّ لَهُمْ صِرَٰطَكَ ٱلْمُسْتَقِيمَ [SEP] لَأَقْعُدَنَّ لَهُمْ صِرَٰطَكَ ٱلْمُسْتَقِيمَ,High,2,قال فبمآ اغويتنا لاقعدن لهم صراطك المستقيم [SEP] لاقعدن لهم صراطك المستقيم
كَيْفَ وَإِن يَظْهَرُوا عَلَيْكُمْ لَا يَرْقُبُوا فِيكُمْ إِلًّا وَلَا ذِمَّةً ۚ يُرْضُونَكُم بِأَفْوَاهِهِمْ وَتَأْبَىٰ قُلُوبُهُمْ وَأَكْثَرُهُمْ فَاسِقُونَ [SEP] وَتَأْبَىٰ قُلُوبُهُمْ,Medium,1,كيف وان يظهروا عليكم لا يرقبوا فيكم الا ولا ذمة ۚ يرضونكم بافواههم وتابا قلوبهم واكثرهم فاسقون [SEP] وتابا قلوبهم
ذَرْهُمْ يَأْكُلُوا۟ وَيَتَمَتَّعُوا۟ وَيُلْهِهِمُ ٱلْأَمَلُ ۖ فَسَوْفَ يَعْلَمُونَ [SEP] وَيُلْهِهِمُ الْأَمَلُ,Medium,1,ذرهم ياكلوا۟ ويتمتعوا۟ ويلههم الامل ۖ فسوف يعلمون [SEP] ويلههم الامل
وَإِذَا الْبِحَارُ فُجِّرَتْ [SEP] وَإِذَا الْبِحَارُ فُجِّرَتْ,Medium,1,واذا البحار فجرت [SEP] واذا البحار فجرت
إِنَّ ٱلَّذِينَ تَوَلَّوْا۟ مِنكُمْ يَوْمَ ٱلْتَقَى ٱلْجَمْعَانِ إِنَّمَا ٱسْتَزَلَّهُمُ ٱلشَّيْطَٰنُ بِبَعْضِ مَا كَسَبُوا۟ ۖ وَلَقَدْ عَفَا ٱللَّهُ عَنْهُمْ ۗ إِنَّ ٱللَّهَ غَفُورٌ حَلِيمٌ [SEP] إِنَّمَا ٱسْتَزَلَّهُمُ ٱلشَّيْطَٰنُ,Medium,1,ان الذين تولوا۟ منكم يوم التقا الجمعان انما استزلهم الشيطان ببعض ما كسبوا۟ ۖ ولقد عفا الله عنهم ۗ ان الله غفور حليم [SEP] انما استزلهم الشيطان
أَفَمَنْ هُوَ قَآئِمٌ عَلَىٰ كُلِّ نَفْسٍۭ بِمَا كَسَبَتْ ۗ وَجَعَلُوا۟ لِلَّهِ شُرَكَآءَ قُلْ سَمُّوهُمْ ۚ أَمْ تُنَبِّـُٔونَهُۥ بِمَا لَا يَعْلَمُ فِى ٱلْأَرْضِ أَم بِظَٰهِرٍ مِّنَ ٱلْقَوْلِ ۗ بَلْ زُيِّنَ لِلَّذِينَ كَفَرُوا۟ مَكْرُهُمْ وَصُدُّوا۟ عَنِ ٱلسَّبِيلِ ۗ وَمَن يُضْلِلِ ٱللَّهُ فَمَا لَهُۥ مِنْ هَادٍ [SEP] هُوَ قَآئِمٌ عَلَىٰ كُلِّ نَفْسٍۭ بِمَا كَسَبَتْ,Medium,1,افمن هو قآئم علا كل نفسۭ بما كسبت ۗ وجعلوا۟ لله شركآء قل سموهم ۚ ام تنبـٔونهۥ بما لا يعلم فا الارض ام بظاهر من القول ۗ بل زين للذين كفروا۟ مكرهم وصدوا۟ عن السبيل ۗ ومن يضلل الله فما لهۥ من هاد [SEP] هو قآئم علا كل نفسۭ بما كسبت
قُلْ مَا أَسْأَلُكُمْ عَلَيْهِ مِنْ أَجْرٍ إِلَّا مَن شَاءَ أَن يَتَّخِذَ إِلَىٰ رَبِّهِ سَبِيلًا [SEP] أَن يَتَّخِذَ إِلَىٰ رَبِّهِ سَبِيلًا,Low,0,قل ما اسالكم عليه من اجر الا من شاء ان يتخذ الا ربه سبيلا [SEP] ان يتخذ الا ربه سبيلا
حَتَّىٰ إِذَا فَتَحْنَا عَلَيْهِم بَابًا ذَا عَذَابٍ شَدِيدٍ إِذَا هُمْ فِيهِ مُبْلِسُونَ [SEP] فَتَحْنَا عَلَيْهِم بَابًا ذَا عَذَابٍ شَدِيدٍ,Low,0,حتا اذا فتحنا عليهم بابا ذا عذاب شديد اذا هم فيه مبلسون [SEP] فتحنا عليهم بابا ذا عذاب شديد
وَإِخْوَٰنُهُمْ يَمُدُّونَهُمْ فِى ٱلْغَىِّ ثُمَّ لَا يُقْصِرُونَ [SEP] يَمُدُّونَهُمْ فِى ٱلْغَىِّ,High,2,واخوانهم يمدونهم فا الغا ثم لا يقصرون [SEP] يمدونهم فا الغا
إِن كَانَتْ إِلَّا صَيْحَةً وَاحِدَةً فَإِذَا هُمْ خَامِدُونَ [SEP] إِن كَانَتْ إِلَّا صَيْحَةً وَاحِدَةً فَإِذَا هُمْ خَامِدُونَ,Medium,1,ان كانت الا صيحة واحدة فاذا هم خامدون [SEP] ان كانت الا صيحة واحدة فاذا هم خامدون
ٱلَّذِينَ يَصُدُّونَ عَن سَبِيلِ ٱللَّهِ وَيَبْغُونَهَا عِوَجًا وَهُم بِٱلْءَاخِرَةِ كَٰفِرُونَ [SEP] وَيَبْغُونَهَا عِوَجًا,High,2,الذين يصدون عن سبيل الله ويبغونها عوجا وهم بالءاخرة كافرون [SEP] ويبغونها عوجا
مَثَلُ مَا يُنفِقُونَ فِى هَٰذِهِ ٱلْحَيَوٰةِ ٱلدُّنْيَا كَمَثَلِ رِيحٍ فِيهَا صِرٌّ أَصَابَتْ حَرْثَ قَوْمٍ ظَلَمُوٓا۟ أَنفُسَهُمْ فَأَهْلَكَتْهُ ۚ وَمَا ظَلَمَهُمُ ٱللَّهُ وَلَٰكِنْ أَنفُسَهُمْ يَظْلِمُونَ [SEP] مَثَلُ مَا يُنفِقُونَ فِى هَٰذِهِ ٱلْحَيَوٰةِ ٱلدُّنْيَا كَمَثَلِ رِيحٍ فِيهَا صِرٌّ أَصَابَتْ حَرْثَ قَوْمٍ ظَلَمُوٓا۟ أَنفُسَهُمْ فَأَهْلَكَتْهُ,High,2,مثل ما ينفقون فا هاذه الحيواة الدنيا كمثل ريح فيها صر اصابت حرث قوم ظلموٓا۟ انفسهم فاهلكته ۚ وما ظلمهم الله ولاكن انفسهم يظلمون [SEP] مثل ما ينفقون فا هاذه الحيواة الدنيا كمثل ريح فيها صر اصابت حرث قوم ظلموٓا۟ انفسهم فاهلكته
كُلُّ نَفْسٍ ذَآئِقَةُ ٱلْمَوْتِ ۗ وَإِنَّمَا تُوَفَّوْنَ أُجُورَكُمْ يَوْمَ ٱلْقِيَٰمَةِ ۖ فَمَن زُحْزِحَ عَنِ ٱلنَّارِ وَأُدْخِلَ ٱلْجَنَّةَ فَقَدْ فَازَ ۗ وَمَا ٱلْحَيَٰوةُ ٱلدُّنْيَآ إِلَّا مَتَٰعُ ٱلْغُرُورِ [SEP] وَمَا ٱلْحَيَٰوةُ ٱلدُّنْيَآ إِلَّا مَتَٰعُ ٱلْغُرُورِ,Medium,1,كل نفس ذآئقة الموت ۗ وانما توفون اجوركم يوم القيامة ۖ فمن زحزح عن النار وادخل الجنة فقد فاز ۗ وما الحياوة الدنيآ الا متاع الغرور [SEP] وما الحياوة الدنيآ الا متاع الغرور
وَوَصَّىٰ بِهَآ إِبْرَٰهِۦمُ بَنِيهِ وَيَعْقُوبُ يَٰبَنِىَّ إِنَّ ٱللَّهَ ٱصْطَفَىٰ لَكُمُ ٱلدِّينَ فَلَا تَمُوتُنَّ إِلَّا وَأَنتُم مُّسْلِمُونَ [SEP] فَلَا تَمُوتُنَّ إِلَّا وَأَنتُم مُّسْلِمُونَ,High,2,ووصا بهآ ابراهۦم بنيه ويعقوب يابنا ان الله اصطفا لكم الدين فلا تموتن الا وانتم مسلمون [SEP] فلا تموتن الا وانتم مسلمون
وَقَالَ نِسْوَةٌ فِى ٱلْمَدِينَةِ ٱمْرَأَتُ ٱلْعَزِيزِ تُرَٰوِدُ فَتَىٰهَا عَن نَّفْسِهِۦ ۖ قَدْ شَغَفَهَا حُبًّا ۖ إِنَّا لَنَرَىٰهَا فِى ضَلَٰلٍ مُّبِينٍ [SEP] قَدْ شَغَفَهَا حُبًّا,Medium,1,وقال نسوة فا المدينة امرات العزيز تراود فتاها عن نفسهۦ ۖ قد شغفها حبا ۖ انا لنراها فا ضلال مبين [SEP] قد شغفها حبا
يَٰوَيْلَتَىٰ لَيْتَنِى لَمْ أَتَّخِذْ فُلَانًا خَلِيلًا [SEP] يَا وَيْلَتَىٰ,Medium,1,ياويلتا ليتنا لم اتخذ فلانا خليلا [SEP] يا ويلتا
ثُمَّ شَقَقْنَا ٱلْأَرْضَ شَقًّا [SEP] ثُمَّ شَقَقْنَا الْأَرْضَ شَقًّا,Medium,1,ثم شققنا الارض شقا [SEP] ثم شققنا الارض شقا
يَمْحَقُ ٱللَّهُ ٱلرِّبَوٰا۟ وَيُرْبِى ٱلصَّدَقَٰتِ ۗ وَٱللَّهُ لَا يُحِبُّ كُلَّ كَفَّارٍ أَثِيمٍ [SEP] يَمْحَقُ ٱللَّهُ ٱلرِّبَوٰا۟,Medium,1,يمحق الله الربواا۟ ويربا الصدقات ۗ والله لا يحب كل كفار اثيم [SEP] يمحق الله الربواا۟
أُولَٰئِكَ الَّذِينَ لَعَنَهُمُ اللَّهُ فَأَصَمَّهُمْ وَأَعْمَىٰ أَبْصَارَهُمْ [SEP] فَأَصَمَّهُمْ وَأَعْمَىٰ أَبْصَارَهُمْ,Medium,1,اولائك الذين لعنهم الله فاصمهم واعما ابصارهم [SEP] فاصمهم واعما ابصارهم
فَارْتَقِبْ يَوْمَ تَأْتِي السَّمَاءُ بِدُخَانٍ مُبِينٍ [SEP] تَأْتِي السَّمَاءُ بِدُخَانٍ مُبِينٍ,Medium,1,فارتقب يوم تاتي السماء بدخان مبين [SEP] تاتي السماء بدخان مبين
وَٱخْتَارَ مُوسَىٰ قَوْمَهُۥ سَبْعِينَ رَجُلًا لِّمِيقَٰتِنَا ۖ فَلَمَّآ أَخَذَتْهُمُ ٱلرَّجْفَةُ قَالَ رَبِّ لَوْ شِئْتَ أَهْلَكْتَهُم مِّن قَبْلُ وَإِيَّٰىَ ۖ أَتُهْلِكُنَا بِمَا فَعَلَ ٱلسُّفَهَآءُ مِنَّآ ۖ إِنْ هِىَ إِلَّا فِتْنَتُكَ تُضِلُّ بِهَا مَن تَشَآءُ وَتَهْدِى مَن تَشَآءُ ۖ أَنتَ وَلِيُّنَا فَٱغْفِرْ لَنَا وَٱرْحَمْنَا ۖ وَأَنتَ خَيْرُ ٱلْغَٰفِرِينَ [SEP] فَلَمَّآ أَخَذَتْهُمُ ٱلرَّجْفَةُ,Medium,1,واختار موسا قومهۥ سبعين رجلا لميقاتنا ۖ فلمآ اخذتهم الرجفة قال رب لو شئت اهلكتهم من قبل وايا ۖ اتهلكنا بما فعل السفهآء منآ ۖ ان ها الا فتنتك تضل بها من تشآء وتهدا من تشآء ۖ انت ولينا فاغفر لنا وارحمنا ۖ وانت خير الغافرين [SEP] فلمآ اخذتهم الرجفة
لَّقَد تَّابَ ٱللَّهُ عَلَى ٱلنَّبِىِّ وَٱلْمُهَٰجِرِينَ وَٱلْأَنصَارِ ٱلَّذِينَ ٱتَّبَعُوهُ فِى سَاعَةِ ٱلْعُسْرَةِ مِنۢ بَعْدِ مَا كَادَ يَزِيغُ قُلُوبُ فَرِيقٍ مِّنْهُمْ ثُمَّ تَابَ عَلَيْهِمْ ۚ إِنَّهُۥ بِهِمْ رَءُوفٌ رَّحِيمٌ [SEP] سَاعَةِ ٱلْعُسْرَةِ,Medium,1,لقد تاب الله علا النبا والمهاجرين والانصار الذين اتبعوه فا ساعة العسرة منۢ بعد ما كاد يزيغ قلوب فريق منهم ثم تاب عليهم ۚ انهۥ بهم رءوف رحيم [SEP] ساعة العسرة
رَبَّنَآ إِنِّىٓ أَسْكَنتُ مِن ذُرِّيَّتِى بِوَادٍ غَيْرِ ذِى زَرْعٍ عِندَ بَيْتِكَ ٱلْمُحَرَّمِ رَبَّنَا لِيُقِيمُوا۟ ٱلصَّلَوٰةَ فَٱجْعَلْ أَفْـِٔدَةً مِّنَ ٱلنَّاسِ تَهْوِىٓ إِلَيْهِمْ وَٱرْزُقْهُم مِّنَ ٱلثَّمَرَٰتِ لَعَلَّهُمْ يَشْكُرُونَ [SEP] فَٱجْعَلْ أَفْـِٔدَةً مِّنَ ٱلنَّاسِ تَهْوِىٓ إِلَيْهِمْ,Medium,1,ربنآ انآ اسكنت من ذريتا بواد غير ذا زرع عند بيتك المحرم ربنا ليقيموا۟ الصلواة فاجعل افـٔدة من الناس تهوآ اليهم وارزقهم من الثمرات لعلهم يشكرون [SEP] فاجعل افـٔدة من الناس تهوآ اليهم
وَلَا تَلْبِسُوا۟ ٱلْحَقَّ بِٱلْبَٰطِلِ وَتَكْتُمُوا۟ ٱلْحَقَّ وَأَنتُمْ تَعْلَمُونَ [SEP] وَلَا تَلْبِسُوا۟ ٱلْحَقَّ بِٱلْبَٰطِلِ,Medium,1,ولا تلبسوا۟ الحق بالباطل وتكتموا۟ الحق وانتم تعلمون [SEP] ولا تلبسوا۟ الحق بالباطل
أُولَٰئِكَ يُجْزَوْنَ الْغُرْفَةَ بِمَا صَبَرُوا وَيُلَقَّوْنَ فِيهَا تَحِيَّةً وَسَلَامًا [SEP] أُولَٰئِكَ يُجْزَوْنَ الْغُرْفَةَ,Low,0,اولائك يجزون الغرفة بما صبروا ويلقون فيها تحية وسلاما [SEP] اولائك يجزون الغرفة
قَالَتْ لَهُمْ رُسُلُهُمْ إِن نَّحْنُ إِلَّا بَشَرٌ مِّثْلُكُمْ وَلَٰكِنَّ ٱللَّهَ يَمُنُّ عَلَىٰ مَن يَشَآءُ مِنْ عِبَادِهِۦ ۖ وَمَا كَانَ لَنَآ أَن نَّأْتِيَكُم بِسُلْطَٰنٍ إِلَّا بِإِذْنِ ٱللَّهِ ۚ وَعَلَى ٱللَّهِ فَلْيَتَوَكَّلِ ٱلْمُؤْمِنُونَ [SEP] وَلَٰكِنَّ ٱللَّهَ يَمُنُّ عَلَىٰ مَن يَشَآءُ مِنْ عِبَادِهِۦ,Medium,1,قالت لهم رسلهم ان نحن الا بشر مثلكم ولاكن الله يمن علا من يشآء من عبادهۦ ۖ وما كان لنآ ان ناتيكم بسلطان الا باذن الله ۚ وعلا الله فليتوكل المؤمنون [SEP] ولاكن الله يمن علا من يشآء من عبادهۦ
أَوَلَمْ يَسِيرُوا فِي الْأَرْضِ فَيَنظُرُوا كَيْفَ كَانَ عَاقِبَةُ الَّذِينَ مِن قَبْلِهِمْ ۚ كَانُوا أَشَدَّ مِنْهُمْ قُوَّةً وَأَثَارُوا الْأَرْضَ وَعَمَرُوهَا أَكْثَرَ مِمَّا عَمَرُوهَا وَجَاءَتْهُمْ رُسُلُهُم بِالْبَيِّنَاتِ ۖ فَمَا كَانَ اللَّهُ لِيَظْلِمَهُمْ وَلَٰكِن كَانُوا أَنفُسَهُمْ يَظْلِمُونَ [SEP] وَأَثَارُوا الْأَرْضَ,Medium,1,اولم يسيروا في الارض فينظروا كيف كان عاقبة الذين من قبلهم ۚ كانوا اشد منهم قوة واثاروا الارض وعمروها اكثر مما عمروها وجاءتهم رسلهم بالبينات ۖ فما كان الله ليظلمهم ولاكن كانوا انفسهم يظلمون [SEP] واثاروا الارض
فَمَكَثَ غَيْرَ بَعِيدٍ فَقَالَ أَحَطتُ بِمَا لَمْ تُحِطْ بِهِ وَجِئْتُكَ مِن سَبَإٍ بِنَبَإٍ يَقِينٍ [SEP] أَحَطتُ بِمَا لَمْ تُحِطْ بِهِ,Medium,1,فمكث غير بعيد فقال احطت بما لم تحط به وجئتك من سبا بنبا يقين [SEP] احطت بما لم تحط به
يُولِجُ ٱلَّيْلَ فِى ٱلنَّهَارِ وَيُولِجُ ٱلنَّهَارَ فِى ٱلَّيْلِ ۚ وَهُوَ عَلِيمٌۢ بِذَاتِ ٱلصُّدُورِ [SEP] يُولِجُ ٱلَّيْلَ فِى ٱلنَّهَارِ وَيُولِجُ ٱلنَّهَارَ فِى ٱلَّيْلِ,Medium,1,يولج اليل فا النهار ويولج النهار فا اليل ۚ وهو عليمۢ بذات الصدور [SEP] يولج اليل فا النهار ويولج النهار فا اليل
وَإِذَا أُلْقُوا مِنْهَا مَكَانًا ضَيِّقًا مُقَرَّنِينَ دَعَوْا هُنَالِكَ ثُبُورًا [SEP] دَعَوْا هُنَالِكَ ثُبُورًا,Medium,1,واذا القوا منها مكانا ضيقا مقرنين دعوا هنالك ثبورا [SEP] دعوا هنالك ثبورا
وَمَا يَسْتَوِي الْأَحْيَاءُ وَلَا الْأَمْوَاتُ ۚ إِنَّ اللَّهَ يُسْمِعُ مَن يَشَاءُ ۖ وَمَا أَنتَ بِمُسْمِعٍ مَّن فِي الْقُبُورِ [SEP] وَمَا أَنتَ بِمُسْمِعٍ مَّن فِي الْقُبُورِ,Medium,1,وما يستوي الاحياء ولا الاموات ۚ ان الله يسمع من يشاء ۖ وما انت بمسمع من في القبور [SEP] وما انت بمسمع من في القبور
وَلَا تَمُدَّنَّ عَيْنَيْكَ إِلَىٰ مَا مَتَّعْنَا بِهِ أَزْوَاجًا مِّنْهُمْ زَهْرَةَ الْحَيَاةِ الدُّنْيَا لِنَفْتِنَهُمْ فِيهِ ۚ وَرِزْقُ رَبِّكَ خَيْرٌ وَأَبْقَىٰ [SEP] زَهْرَةَ الْحَيَاةِ الدُّنْيَا,Medium,1,ولا تمدن عينيك الا ما متعنا به ازواجا منهم زهرة الحياة الدنيا لنفتنهم فيه ۚ ورزق ربك خير وابقا [SEP] زهرة الحياة الدنيا
أَن تَقُولَ نَفْسٌ يَا حَسْرَتَىٰ عَلَىٰ مَا فَرَّطتُ فِي جَنبِ ٱللَّهِ وَإِن كُنتُ لَمِنَ ٱلسَّاخِرِينَ [SEP] فِي جَنْبِ اللَّهِ,Medium,1,ان تقول نفس يا حسرتا علا ما فرطت في جنب الله وان كنت لمن الساخرين [SEP] في جنب الله
لَيًّۢا بِأَلْسِنَتِهِمْ وَطَعْنًا فِى ٱلدِّينِ [SEP] طَعْنًا فِى ٱلدِّينِ,Medium,1,ليۢا بالسنتهم وطعنا فا الدين [SEP] طعنا فا الدين
وَيُذْهِبْ غَيْظَ قُلُوبِهِمْ وَيَتُوبُ ٱللَّهُ عَلَىٰ مَن يَشَآءُ ۗ وَٱللَّهُ عَلِيمٌ حَكِيمٌ [SEP] وَيُذْهِبْ غَيْظَ قُلُوبِهِمْ,Medium,1,ويذهب غيظ قلوبهم ويتوب الله علا من يشآء ۗ والله عليم حكيم [SEP] ويذهب غيظ قلوبهم
سَمَّٰعُونَ لِلْكَذِبِ أَكَّٰلُونَ لِلسُّحْتِ ۚ فَإِن جَآءُوكَ فَٱحْكُم بَيْنَهُمْ أَوْ أَعْرِضْ عَنْهُمْ ۖ [SEP] أَكَّالُونَ,Low,0,سماعون للكذب اكالون للسحت ۚ فان جآءوك فاحكم بينهم او اعرض عنهم ۖ [SEP] اكالون
ٱنظُرْ كَيْفَ كَذَبُوا۟ عَلَىٰٓ أَنفُسِهِمْ ۚ وَضَلَّ عَنْهُم مَّا كَانُوا۟ يَفْتَرُونَ [SEP] كَذَبُوا۟ عَلَىٰٓ أَنفُسِهِمْ,Low,0,انظر كيف كذبوا۟ علآ انفسهم ۚ وضل عنهم ما كانوا۟ يفترون [SEP] كذبوا۟ علآ انفسهم
وَمَا يَسْتَوِي ٱلْأَعْمَىٰ وَٱلْبَصِيرُ وَٱلَّذِينَ ءَامَنُوا۟ وَعَمِلُوا۟ ٱلصَّٰلِحَٰتِ وَلَا ٱلْمُسِيٓءُ ۚ قَلِيلًا مَّا تَتَذَكَّرُونَ [SEP] وَمَا يَسْتَوِي الْأَعْمَىٰ وَالْبَصِيرُ,Medium,1,وما يستوي الاعما والبصير والذين ءامنوا۟ وعملوا۟ الصالحات ولا المسيٓء ۚ قليلا ما تتذكرون [SEP] وما يستوي الاعما والبصير
هَلْ يَنظُرُونَ إِلَّآ أَن تَأْتِيَهُمُ ٱلْمَلَٰٓئِكَةُ أَوْ يَأْتِىَ أَمْرُ رَبِّكَ ۚ كَذَٰلِكَ فَعَلَ ٱلَّذِينَ مِن قَبْلِهِمْ ۚ وَمَا ظَلَمَهُمُ ٱللَّهُ وَلَٰكِن كَانُوٓا۟ أَنفُسَهُمْ يَظْلِمُونَ [SEP] أَوْ يَأْتِىَ أَمْرُ رَبِّكَ,Medium,1,هل ينظرون الآ ان تاتيهم الملآئكة او ياتا امر ربك ۚ كذالك فعل الذين من قبلهم ۚ وما ظلمهم الله ولاكن كانوٓا۟ انفسهم يظلمون [SEP] او ياتا امر ربك
وَمَا يَتَّبِعُ أَكْثَرُهُمْ إِلَّا ظَنًّا ۚ إِنَّ الظَّنَّ لَا يُغْنِي مِنَ الْحَقِّ شَيْئًا ۚ إِنَّ اللَّهَ عَلِيمٌ بِمَا يَفْعَلُونَ [SEP] إِنَّ ٱلظَّنَّ لَا يُغْنِى مِنَ ٱلْحَقِّ شَيْـًٔا,Medium,1,وما يتبع اكثرهم الا ظنا ۚ ان الظن لا يغني من الحق شيئا ۚ ان الله عليم بما يفعلون [SEP] ان الظن لا يغنا من الحق شيـٔا
إِنَّ رَبَّكُمُ ٱللَّهُ ٱلَّذِى خَلَقَ ٱلسَّمَٰوَٰتِ وَٱلْأَرْضَ فِى سِتَّةِ أَيَّامٍۢ ثُمَّ ٱسْتَوَىٰ عَلَى ٱلْعَرْشِ يُغْشِى ٱلَّيْلَ ٱلنَّهَارَ يَطْلُبُهُۥ حَثِيثًا وَٱلشَّمْسَ وَٱلْقَمَرَ وَٱلنُّجُومَ مُسَخَّرَٰتٍۭ بِأَمْرِهِۦٓ ۗ أَلَا لَهُ ٱلْخَلْقُ وَٱلْأَمْرُ ۗ تَبَارَكَ ٱللَّهُ رَبُّ ٱلْعَٰلَمِينَ [SEP] يُغْشِى ٱلَّيْلَ ٱلنَّهَارَ يَطْلُبُهُۥ حَثِيثًا,Medium,1,ان ربكم الله الذا خلق السماوات والارض فا ستة ايامۢ ثم استوا علا العرش يغشا اليل النهار يطلبهۥ حثيثا والشمس والقمر والنجوم مسخراتۭ بامرهۦٓ ۗ الا له الخلق والامر ۗ تبارك الله رب العالمين [SEP] يغشا اليل النهار يطلبهۥ حثيثا
وَمَا نُرِيهِم مِّنْ ءَايَةٍ إِلَّا هِىَ أَكْبَرُ مِنْ أُخْتِهَا ۖ وَأَخَذْنَٰهُم بِٱلْعَذَابِ لَعَلَّهُمْ يَرْجِعُونَ [SEP] وَأَخَذْنَاهُمْ بِالْعَذَابِ,Medium,1,وما نريهم من ءاية الا ها اكبر من اختها ۖ واخذناهم بالعذاب لعلهم يرجعون [SEP] واخذناهم بالعذاب
وَإِذَا قَرَأْتَ ٱلْقُرْءَانَ جَعَلْنَا بَيْنَكَ وَبَيْنَ ٱلَّذِينَ لَا يُؤْمِنُونَ بِٱلْءَاخِرَةِ حِجَابًا مَّسْتُورًا [SEP] حِجَابًا مَّسْتُورًا,Medium,1,واذا قرات القرءان جعلنا بينك وبين الذين لا يؤمنون بالءاخرة حجابا مستورا [SEP] حجابا مستورا
وَلَا عَلَى الَّذِينَ إِذَا مَا أَتَوْكَ لِتَحْمِلَهُمْ قُلْتَ لَا أَجِدُ مَا أَحْمِلُكُمْ عَلَيْهِ تَوَلَّوا وَّأَعْيُنُهُمْ تَفِيضُ مِنَ الدَّمْعِ حَزَنًا أَلَّا يَجِدُوا مَا يُنفِقُونَ [SEP] وَأَعْيُنُهُمْ تَفِيضُ مِنَ ٱلدَّمْعِ,Medium,1,ولا علا الذين اذا ما اتوك لتحملهم قلت لا اجد ما احملكم عليه تولوا واعينهم تفيض من الدمع حزنا الا يجدوا ما ينفقون [SEP] واعينهم تفيض من الدمع
وَلَئِن سَأَلْتَهُم مَّن نَّزَّلَ مِنَ السَّمَاءِ مَاءً فَأَحْيَا بِهِ الْأَرْضَ مِن بَعْدِ مَوْتِهَا لَيَقُولُنَّ اللَّهُ ۚ قُلِ الْحَمْدُ لِلَّهِ ۚ بَلْ أَكْثَرُهُمْ لَا يَعْقِلُونَ [SEP] فَأَحْيَا بِهِ الْأَرْضَ مِن بَعْدِ مَوْتِهَا,Medium,1,ولئن سالتهم من نزل من السماء ماء فاحيا به الارض من بعد موتها ليقولن الله ۚ قل الحمد لله ۚ بل اكثرهم لا يعقلون [SEP] فاحيا به الارض من بعد موتها
إِذْ يَقُولُ ٱلْمُنَٰفِقُونَ وَٱلَّذِينَ فِى قُلُوبِهِم مَّرَضٌ غَرَّ هَٰٓؤُلَآءِ دِينُهُمْ ۗ وَمَن يَتَوَكَّلْ عَلَى ٱللَّهِ فَإِنَّ ٱللَّهَ عَزِيزٌ حَكِيمٌ [SEP] غَرَّ هَٰٓؤُلَآءِ دِينُهُمْ,Medium,1,اذ يقول المنافقون والذين فا قلوبهم مرض غر هآؤلآء دينهم ۗ ومن يتوكل علا الله فان الله عزيز حكيم [SEP] غر هآؤلآء دينهم
وَمَا كَانَ هَٰذَا ٱلْقُرْءَانُ أَن يُفْتَرَىٰ مِن دُونِ ٱللَّهِ وَلَٰكِن تَصْدِيقَ ٱلَّذِى بَيْنَ يَدَيْهِ وَتَفْصِيلَ ٱلْكِتَٰبِ لَا رَيْبَ فِيهِ مِن رَّبِّ ٱلْعَٰلَمِينَ [SEP] تَصْدِيقَ ٱلَّذِى بَيْنَ يَدَيْهِ,Medium,1,وما كان هاذا القرءان ان يفترا من دون الله ولاكن تصديق الذا بين يديه وتفصيل الكتاب لا ريب فيه من رب العالمين [SEP] تصديق الذا بين يديه
حَتَّىٰٓ إِذَا جَآءَ أَمْرُنَا وَفَارَ ٱلتَّنُّورُ قُلْنَا ٱحْمِلْ فِيهَا مِن كُلٍّ زَوْجَيْنِ ٱثْنَيْنِ وَأَهْلَكَ إِلَّا مَن سَبَقَ عَلَيْهِ ٱلْقَوْلُ وَمَنْ ءَامَنَ ۚ وَمَا ءَامَنَ مَعَهُۥٓ إِلَّا قَلِيلٌ [SEP] وَفَارَ ٱلتَّنُّورُ,Medium,1,حتآ اذا جآء امرنا وفار التنور قلنا احمل فيها من كل زوجين اثنين واهلك الا من سبق عليه القول ومن ءامن ۚ وما ءامن معهۥٓ الا قليل [SEP] وفار التنور
وَيُعَذِّبَ ٱلۡمُنَٰفِقِينَ وَٱلۡمُنَٰفِقَٰتِ وَٱلۡمُشۡرِكِينَ وَٱلۡمُشۡرِكَٰتِ ٱلظَّآنِّينَ بِٱللَّهِ ظَنَّ ٱلسَّوۡءِۚ عَلَيۡهِمۡ دَآئِرَةُ ٱلسَّوۡءِۖ وَغَضِبَ ٱللَّهُ عَلَيۡهِمۡ وَلَعَنَهُمۡ وَأَعَدَّ لَهُمۡ جَهَنَّمَۖ وَسَآءَتۡ مَصِيرٗا [SEP] عَلَيۡهِمۡ دَآئِرَةُ ٱلسَّوۡءِ,Medium,1,ويعذب الۡمنافقين والۡمنافقات والۡمشۡركين والۡمشۡركات الظآنين بالله ظن السوۡءۚ عليۡهمۡ دآئرة السوۡءۖ وغضب الله عليۡهمۡ ولعنهمۡ واعد لهمۡ جهنمۖ وسآءتۡ مصيرٗا [SEP] عليۡهمۡ دآئرة السوۡء
لَقَالُوا۟ إِنَّمَا سُكِّرَتْ أَبْصَارُنَا بَلْ نَحْنُ قَوْمٌ مَّسْحُورُونَ [SEP] إِنَّمَا سُكِّرَتْ أَبْصَارُنَا,Medium,1,لقالوا۟ انما سكرت ابصارنا بل نحن قوم مسحورون [SEP] انما سكرت ابصارنا
كَلَّا ۖ بَلْ ۜ رَانَ عَلَىٰ قُلُوبِهِمْ مَا كَانُوا يَكْسِبُونَ [SEP] بَلْ ۜ رَانَ عَلَىٰ قُلُوبِهِمْ مَا كَانُوا يَكْسِبُونَ,Medium,1,كلا ۖ بل ۜ ران علا قلوبهم ما كانوا يكسبون [SEP] بل ۜ ران علا قلوبهم ما كانوا يكسبون
وَمَنْ خَفَّتْ مَوَٰزِينُهُۥ فَأُو۟لَٰٓئِكَ ٱلَّذِينَ خَسِرُوٓا۟ أَنفُسَهُم بِمَا كَانُوا۟ بِـَٔايَٰتِنَا يَظْلِمُونَ [SEP] خَسِرُوٓا۟ أَنفُسَهُم,Medium,1,ومن خفت موازينهۥ فاو۟لآئك الذين خسروٓا۟ انفسهم بما كانوا۟ بـٔاياتنا يظلمون [SEP] خسروٓا۟ انفسهم
فَهُمْ عَلَىٰ آثَارِهِمْ يُهْرَعُونَ [SEP] فَهُمْ عَلَىٰ آثَارِهِمْ يُهْرَعُونَ,High,2,فهم علا اثارهم يهرعون [SEP] فهم علا اثارهم يهرعون
وَمَا قَدَرُوا۟ ٱللَّهَ حَقَّ قَدْرِهِۦٓ إِذْ قَالُوا۟ مَآ أَنزَلَ ٱللَّهُ عَلَىٰ بَشَرٍ مِّن شَىْءٍ ۗ قُلْ مَنْ أَنزَلَ ٱلْكِتَٰبَ ٱلَّذِى جَآءَ بِهِۦ مُوسَىٰ نُورًا وَهُدًى لِّلنَّاسِ ۖ تَجْعَلُونَهُۥ قَرَاطِيسَ تُبْدُونَهَا وَتُخْفُونَ كَثِيرًا ۖ وَعُلِّمْتُم مَّا لَمْ تَعْلَمُوٓا۟ أَنتُمْ وَلَآ ءَابَآؤُكُمْ ۖ قُلِ ٱللَّهُ ۖ ثُمَّ ذَرْهُمْ فِى خَوْضِهِمْ يَلْعَبُونَ [SEP] تَجْعَلُونَهُۥ قَرَاطِيسَ,High,2,وما قدروا۟ الله حق قدرهۦٓ اذ قالوا۟ مآ انزل الله علا بشر من شاء ۗ قل من انزل الكتاب الذا جآء بهۦ موسا نورا وهدا للناس ۖ تجعلونهۥ قراطيس تبدونها وتخفون كثيرا ۖ وعلمتم ما لم تعلموٓا۟ انتم ولآ ءابآؤكم ۖ قل الله ۖ ثم ذرهم فا خوضهم يلعبون [SEP] تجعلونهۥ قراطيس
وَإِذَا مَسَّ النَّاسَ ضُرٌّ دَعَوْا رَبَّهُم مُّنِيبِينَ إِلَيْهِ ثُمَّ إِذَا أَذَاقَهُم مِّنْهُ رَحْمَةً إِذَا فَرِيقٌ مِّنْهُم بِرَبِّهِمْ يُشْرِكُونَ [SEP] أَذَاقَهُم مِّنْهُ رَحْمَةً,Medium,1,واذا مس الناس ضر دعوا ربهم منيبين اليه ثم اذا اذاقهم منه رحمة اذا فريق منهم بربهم يشركون [SEP] اذاقهم منه رحمة
اصْلَوْهَا الْيَوْمَ بِمَا كُنتُمْ تَكْفُرُونَ [SEP] اصْلَوْهَا,Medium,1,اصلوها اليوم بما كنتم تكفرون [SEP] اصلوها
فَالِقُ ٱلْإِصْبَاحِ وَجَعَلَ ٱلَّيْلَ سَكَنًا وَٱلشَّمْسَ وَٱلْقَمَرَ حُسْبَانًا ۚ ذَٰلِكَ تَقْدِيرُ ٱلْعَزِيزِ ٱلْعَلِيمِ [SEP] وَجَعَلَ ٱلَّيْلَ سَكَنًا,Medium,1,فالق الاصباح وجعل اليل سكنا والشمس والقمر حسبانا ۚ ذالك تقدير العزيز العليم [SEP] وجعل اليل سكنا
وَلَا تَرْكَنُوٓا۟ إِلَى ٱلَّذِينَ ظَلَمُوا۟ فَتَمَسَّكُمُ ٱلنَّارُ وَمَا لَكُم مِّن دُونِ ٱللَّهِ مِنْ أَوْلِيَآءَ ثُمَّ لَا تُنصَرُونَ [SEP] فَتَمَسَّكُمُ ٱلنَّارُ,Medium,1,ولا تركنوٓا۟ الا الذين ظلموا۟ فتمسكم النار وما لكم من دون الله من اوليآء ثم لا تنصرون [SEP] فتمسكم النار
وَقَالَ ٱلْمَلِكُ ٱئْتُونِى بِهِۦ ۖ فَلَمَّا جَآءَهُ ٱلرَّسُولُ قَالَ ٱرْجِعْ إِلَىٰ رَبِّكَ فَسْـَٔلْهُ مَا بَالُ ٱلنِّسْوَةِ ٱلَّٰتِى قَطَّعْنَ أَيْدِيَهُنَّ ۚ إِنَّ رَبِّى بِكَيْدِهِنَّ عَلِيمٌ [SEP] مَا بَالُ ٱلنِّسْوَةِ ٱلَّٰتِى قَطَّعْنَ أَيْدِيَهُنَّ,Medium,1,وقال الملك ائتونا بهۦ ۖ فلما جآءه الرسول قال ارجع الا ربك فسـٔله ما بال النسوة الاتا قطعن ايديهن ۚ ان ربا بكيدهن عليم [SEP] ما بال النسوة الاتا قطعن ايديهن
وَإِذْ يَعِدُكُمُ ٱللَّهُ إِحْدَى ٱلطَّآئِفَتَيْنِ أَنَّهَا لَكُمْ وَتَوَدُّونَ أَنَّ غَيْرَ ذَاتِ ٱلشَّوْكَةِ تَكُونُ لَكُمْ وَيُرِيدُ ٱللَّهُ أَن يُحِقَّ ٱلْحَقَّ بِكَلِمَٰتِهِۦ وَيَقْطَعَ دَابِرَ ٱلْكَٰفِرِينَ [SEP] وَيَقْطَعَ دَابِرَ ٱلْكَافِرِينَ,Medium,1,واذ يعدكم الله احدا الطآئفتين انها لكم وتودون ان غير ذات الشوكة تكون لكم ويريد الله ان يحق الحق بكلماتهۦ ويقطع دابر الكافرين [SEP] ويقطع دابر الكافرين
وَزَيَّنَّا ٱلسَّمَآءَ ٱلدُّنْيَا بِمَصَٰبِيحَ وَحِفْظًا ۚ ذَٰلِكَ تَقْدِيرُ ٱلْعَزِيزِ ٱلْعَلِيمِ [SEP] بِمَصَابِيحَ,Medium,1,وزينا السمآء الدنيا بمصابيح وحفظا ۚ ذالك تقدير العزيز العليم [SEP] بمصابيح
وَأَمَّا ٱلَّذِينَ فِى قُلُوبِهِم مَّرَضٌ فَزَادَتْهُمْ رِجْسًا إِلَىٰ رِجْسِهِمْ وَمَاتُوا۟ وَهُمْ كَٰفِرُونَ [SEP] فِى قُلُوبِهِم مَّرَضٌ,Medium,1,واما الذين فا قلوبهم مرض فزادتهم رجسا الا رجسهم وماتوا۟ وهم كافرون [SEP] فا قلوبهم مرض
قُلْ جَاءَ الْحَقُّ وَمَا يُبْدِئُ الْبَاطِلُ وَمَا يُعِيدُ [SEP] جَاءَ الْحَقُّ,Medium,1,قل جاء الحق وما يبدئ الباطل وما يعيد [SEP] جاء الحق
إِنَّ ٱلَّذِينَ يَتْلُونَ كِتَٰبَ ٱللَّهِ وَأَقَامُواْ ٱلصَّلَوٰةَ وَأَنفَقُواْ مِمَّا رَزَقۡنَٰهُمۡ سِرّٗا وَعَلَانِيَةٗ يَرْجُونَ تِجَٰرَةٗ لَّن تَبُورَ [SEP] يَرْجُونَ تِجَارَةً لَّن تَبُورَ,Medium,1,ان الذين يتلون كتاب الله واقاموا الصلواة وانفقوا مما رزقۡناهمۡ سرٗا وعلانيةٗ يرجون تجارةٗ لن تبور [SEP] يرجون تجارة لن تبور
الَّذِينَ إِذَا ذُكِرَ اللَّهُ وَجِلَتْ قُلُوبُهُمْ وَالصَّابِرِينَ عَلَىٰ مَا أَصَابَهُمْ وَالْمُقِيمِي الصَّلَاةِ وَمِمَّا رَزَقْنَاهُمْ يُنفِقُونَ [SEP] وَجِلَتْ قُلُوبُهُمْ,Medium,1,الذين اذا ذكر الله وجلت قلوبهم والصابرين علا ما اصابهم والمقيمي الصلاة ومما رزقناهم ينفقون [SEP] وجلت قلوبهم
فَدَمْدَمَ عَلَيْهِمْ رَبُّهُمْ بِذَنْبِهِمْ فَسَوَّاهَا [SEP] فَدَمْدَمَ عَلَيْهِمْ رَبُّهُمْ بِذَنْبِهِمْ,Medium,1,فدمدم عليهم ربهم بذنبهم فسواها [SEP] فدمدم عليهم ربهم بذنبهم
وَمِنَ ٱلَّذِينَ قَالُوٓا۟ إِنَّا نَصَٰرَىٰٓ أَخَذْنَا مِيثَٰقَهُمْ فَنَسُوا۟ حَظًّا مِّمَّا ذُكِّرُوا۟ بِهِۦ فَأَغْرَيْنَا بَيْنَهُمُ ٱلْعَدَاوَةَ وَٱلْبَغْضَآءَ إِلَىٰ يَوْمِ ٱلْقِيَٰمَةِ ۚ وَسَوْفَ يُنَبِّئُهُمُ ٱللَّهُ بِمَا كَانُوا۟ يَصْنَعُونَ [SEP] فَنَسُوا۟ حَظًّا مِّمَّا ذُكِّرُوا۟ بِهِۦ,Low,0,ومن الذين قالوٓا۟ انا نصارآ اخذنا ميثاقهم فنسوا۟ حظا مما ذكروا۟ بهۦ فاغرينا بينهم العداوة والبغضآء الا يوم القيامة ۚ وسوف ينبئهم الله بما كانوا۟ يصنعون [SEP] فنسوا۟ حظا مما ذكروا۟ بهۦ
ثُمَّ اسْتَوَىٰ عَلَى الْعَرْشِ [SEP] ثُمَّ اسْتَوَىٰ عَلَى الْعَرْشِ,High,2,ثم استوا علا العرش [SEP] ثم استوا علا العرش
فَأَمَّا ٱلَّذِينَ ءَامَنُوا۟ وَعَمِلُوا۟ ٱلصَّٰلِحَٰتِ فَيُدْخِلُهُمْ رَبُّهُمْ فِى رَحْمَتِهِۦ ۚ ذَٰلِكَ هُوَ ٱلْفَوْزُ ٱلْمُبِينُ [SEP] فَيُدْخِلُهُمْ رَبُّهُمْ فِي رَحْمَتِهِ,Medium,1,فاما الذين ءامنوا۟ وعملوا۟ الصالحات فيدخلهم ربهم فا رحمتهۦ ۚ ذالك هو الفوز المبين [SEP] فيدخلهم ربهم في رحمته
وَٱضْرِبْ لَهُم مَّثَلَ ٱلْحَيَوٰةِ ٱلدُّنْيَا كَمَآءٍ أَنزَلْنَٰهُ مِنَ ٱلسَّمَآءِ فَٱخْتَلَطَ بِهِۦ نَبَاتُ ٱلْأَرْضِ فَأَصْبَحَ هَشِيمًا تَذْرُوهُ ٱلرِّيَٰحُ ۗ وَكَانَ ٱللَّهُ عَلَىٰ كُلِّ شَىْءٍ مُّقْتَدِرًا [SEP] وَاضْرِبْ لَهُمْ مَثَلَ الْحَيَاةِ الدُّنْيَا كَمَاءٍ أَنْزَلْنَاهُ مِنَ السَّمَاءِ فَاخْتَلَطَ بِهِ نَبَاتُ الْأَرْضِ فَأَصْبَحَ هَشِيمًا تَذْرُوهُ الرِّيَاحُ,High,2,واضرب لهم مثل الحيواة الدنيا كمآء انزلناه من السمآء فاختلط بهۦ نبات الارض فاصبح هشيما تذروه الرياح ۗ وكان الله علا كل شاء مقتدرا [SEP] واضرب لهم مثل الحياة الدنيا كماء انزلناه من السماء فاختلط به نبات الارض فاصبح هشيما تذروه الرياح
وَكَذَٰلِكَ جَعَلْنَاكُمْ أُمَّةً وَسَطًا لِّتَكُونُوا۟ شُهَدَآءَ عَلَى ٱلنَّاسِ وَيَكُونَ ٱلرَّسُولُ عَلَيْكُمْ شَهِيدًا ۗ وَمَا جَعَلْنَا ٱلْقِبْلَةَ ٱلَّتِى كُنتَ عَلَيْهَآ إِلَّا لِنَعْلَمَ مَن يَتَّبِعُ ٱلرَّسُولَ مِمَّن يَنقَلِبُ عَلَىٰ عَقِبَيْهِ ۚ وَإِن كَانَتْ لَكَبِيرَةً إِلَّا عَلَى ٱلَّذِينَ هَدَى ٱللَّهُ ۗ وَمَا كَانَ ٱللَّهُ لِيُضِيعَ إِيمَٰنَكُمْ ۚ إِنَّ ٱللَّهَ بِٱلنَّاسِ لَرَءُوفٌ رَّحِيمٌ [SEP] يَنقَلِبُ عَلَىٰ عَقِبَيْهِ,High,2,وكذالك جعلناكم امة وسطا لتكونوا۟ شهدآء علا الناس ويكون الرسول عليكم شهيدا ۗ وما جعلنا القبلة التا كنت عليهآ الا لنعلم من يتبع الرسول ممن ينقلب علا عقبيه ۚ وان كانت لكبيرة الا علا الذين هدا الله ۗ وما كان الله ليضيع ايمانكم ۚ ان الله بالناس لرءوف رحيم [SEP] ينقلب علا عقبيه
وَلَهَدَيْنَٰهُمْ صِرَٰطًا مُّسْتَقِيمًا [SEP] وَلَهَدَيْنَٰهُمْ صِرَٰطًا مُّسْتَقِيمًا,Medium,1,ولهديناهم صراطا مستقيما [SEP] ولهديناهم صراطا مستقيما
وَإِذْ نَجَّيْنَٰكُم مِّنْ ءَالِ فِرْعَوْنَ يَسُومُونَكُمْ سُوٓءَ ٱلْعَذَابِ يُذَبِّحُونَ أَبْنَآءَكُمْ وَيَسْتَحْيُونَ نِسَآءَكُمْ [SEP] يَسُومُونَكُمْ سُوءَ ٱلْعَذَابِ,Medium,1,واذ نجيناكم من ءال فرعون يسومونكم سوٓء العذاب يذبحون ابنآءكم ويستحيون نسآءكم [SEP] يسومونكم سوء العذاب
يَٰٓأَيُّهَا ٱلَّذِينَ ءَامَنُوٓا۟ إِن تُطِيعُوا۟ فَرِيقًا مِّنَ ٱلَّذِينَ أُوتُوا۟ ٱلْكِتَٰبَ يَرُدُّوكُم بَعْدَ إِيمَٰنِكُمْ كَٰفِرِينَ [SEP] يَرُدُّوكُم,Medium,1,يآايها الذين ءامنوٓا۟ ان تطيعوا۟ فريقا من الذين اوتوا۟ الكتاب يردوكم بعد ايمانكم كافرين [SEP] يردوكم
فَإِذَا وَجَبَتْ جُنُوبُهَا فَكُلُوا مِنْهَا وَأَطْعِمُوا الْقَانِعَ وَالْمُعْتَرَّ [SEP] فَإِذَا وَجَبَتْ جُنُوبُهَا,Medium,1,فاذا وجبت جنوبها فكلوا منها واطعموا القانع والمعتر [SEP] فاذا وجبت جنوبها
يَٰٓأَيُّهَا ٱلَّذِينَ ءَامَنُوٓا۟ إِن تُطِيعُوا۟ ٱلَّذِينَ كَفَرُوا۟ يَرُدُّوكُمْ عَلَىٰٓ أَعْقَٰبِكُمْ فَتَنقَلِبُوا۟ خَٰسِرِينَ [SEP] يَرُدُّوكُمْ عَلَىٰٓ أَعْقَٰبِكُمْ,High,2,يآايها الذين ءامنوٓا۟ ان تطيعوا۟ الذين كفروا۟ يردوكم علآ اعقابكم فتنقلبوا۟ خاسرين [SEP] يردوكم علآ اعقابكم
وَلَئِن مَّسَّتْهُمْ نَفْحَةٌ مِّنْ عَذَابِ رَبِّكَ لَيَقُولُنَّ يَا وَيْلَنَا إِنَّا كُنَّا ظَالِمِينَ [SEP] نَفْحَةٌ,Medium,1,ولئن مستهم نفحة من عذاب ربك ليقولن يا ويلنا انا كنا ظالمين [SEP] نفحة
ثُمَّ ٱرْجِعِ ٱلْبَصَرَ كَرَّتَيْنِ يَنقَلِبْ إِلَيْكَ ٱلْبَصَرُ خَاسِئًا وَهُوَ حَسِيرٌ [SEP] يَنقَلِبْ إِلَيْكَ ٱلْبَصَرُ خَاسِئًا وَهُوَ حَسِيرٌ,Medium,1,ثم ارجع البصر كرتين ينقلب اليك البصر خاسئا وهو حسير [SEP] ينقلب اليك البصر خاسئا وهو حسير
هُوَ ٱلَّذِى جَعَلَ لَكُمُ ٱلَّيْلَ لِتَسْكُنُوا۟ فِيهِ وَٱلنَّهَارَ مُبْصِرًا ۚ إِنَّ فِى ذَٰلِكَ لَءَايَٰتٍ لِّقَوْمٍ يَسْمَعُونَ [SEP] وَٱلنَّهَارَ مُبْصِرًا,Medium,1,هو الذا جعل لكم اليل لتسكنوا۟ فيه والنهار مبصرا ۚ ان فا ذالك لءايات لقوم يسمعون [SEP] والنهار مبصرا
يَا أَيُّهَا الَّذِينَ آمَنُوا إِنَّ كَثِيرًا مِّنَ الْأَحْبَارِ وَالرُّهْبَانِ لَيَأْكُلُونَ أَمْوَالَ النَّاسِ بِالْبَاطِلِ وَيَصُدُّونَ عَن سَبِيلِ اللَّهِ [SEP] لَيَأْكُلُونَ أَمْوَالَ النَّاسِ,Medium,1,يا ايها الذين امنوا ان كثيرا من الاحبار والرهبان لياكلون اموال الناس بالباطل ويصدون عن سبيل الله [SEP] لياكلون اموال الناس
وَلَقَدْ آتَيْنَا مُوسَىٰ وَهَارُونَ الْفُرْقَانَ وَضِيَاءً وَذِكْرًا لِّلْمُتَّقِينَ [SEP] وَضِيَاءً,Medium,1,ولقد اتينا موسا وهارون الفرقان وضياء وذكرا للمتقين [SEP] وضياء
إِن يَمْسَسْكُمْ قَرْحٌ فَقَدْ مَسَّ ٱلْقَوْمَ قَرْحٌ مِّثْلُهُۥ ۚ وَتِلْكَ ٱلْأَيَّامُ نُدَاوِلُهَا بَيْنَ ٱلنَّاسِ وَلِيَعْلَمَ ٱللَّهُ ٱلَّذِينَ ءَامَنُوا۟ وَيَتَّخِذَ مِنكُمْ شُهَدَآءَ ۗ وَٱللَّهُ لَا يُحِبُّ ٱلظَّٰلِمِينَ [SEP] وَتِلْكَ ٱلْأَيَّامُ نُدَاوِلُهَا بَيْنَ ٱلنَّاسِ,High,2,ان يمسسكم قرح فقد مس القوم قرح مثلهۥ ۚ وتلك الايام نداولها بين الناس وليعلم الله الذين ءامنوا۟ ويتخذ منكم شهدآء ۗ والله لا يحب الظالمين [SEP] وتلك الايام نداولها بين الناس
وَإِذَا مَآ أُنزِلَتْ سُورَةٌ نَّظَرَ بَعْضُهُمْ إِلَىٰ بَعْضٍ هَلْ يَرَىٰكُم مِّنْ أَحَدٍ ثُمَّ ٱنصَرَفُوا۟ ۚ صَرَفَ ٱللَّهُ قُلُوبَهُم بِأَنَّهُمْ قَوْمٌ لَّا يَفْقَهُونَ [SEP] صَرَفَ ٱللَّهُ قُلُوبَهُم,Medium,1,واذا مآ انزلت سورة نظر بعضهم الا بعض هل يراكم من احد ثم انصرفوا۟ ۚ صرف الله قلوبهم بانهم قوم لا يفقهون [SEP] صرف الله قلوبهم
فَقَٰتِلْ فِى سَبِيلِ ٱللَّهِ لَا تُكَلَّفُ إِلَّا نَفْسَكَ ۚ وَحَرِّضِ ٱلْمُؤْمِنِينَ ۖ عَسَى ٱللَّهُ أَن يَكُفَّ بَأْسَ ٱلَّذِينَ كَفَرُوا۟ ۚ وَٱللَّهُ أَشَدُّ بَأْسًا وَأَشَدُّ تَنكِيلًا [SEP] عَسَى ٱللَّهُ أَن يَكُفَّ بَأْسَ ٱلَّذِينَ كَفَرُوا۟,Medium,1,فقاتل فا سبيل الله لا تكلف الا نفسك ۚ وحرض المؤمنين ۖ عسا الله ان يكف باس الذين كفروا۟ ۚ والله اشد باسا واشد تنكيلا [SEP] عسا الله ان يكف باس الذين كفروا۟
فَكَذَّبُوهُ فَأَنجَيْنَٰهُ وَٱلَّذِينَ مَعَهُۥ فِى ٱلْفُلْكِ وَأَغْرَقْنَا ٱلَّذِينَ كَذَّبُوا۟ بِـَٔايَٰتِنَآ ۚ إِنَّهُمْ كَانُوا۟ قَوْمًا عَمِينَ [SEP] إِنَّهُمْ كَانُوا۟ قَوْمًا عَمِينَ,Medium,1,فكذبوه فانجيناه والذين معهۥ فا الفلك واغرقنا الذين كذبوا۟ بـٔاياتنآ ۚ انهم كانوا۟ قوما عمين [SEP] انهم كانوا۟ قوما عمين
فَأُلْقِيَ السَّحَرَةُ سَاجِدِينَ [SEP] فَأُلْقِيَ السَّحَرَةُ سَاجِدِينَ,Medium,1,فالقي السحرة ساجدين [SEP] فالقي السحرة ساجدين
وَٱلَّذِينَ ءَامَنُوا۟ وَعَمِلُوا۟ ٱلصَّٰلِحَٰتِ فِي رَوْضَاتِ ٱلْجَنَّاتِ ۖ لَهُم مَّا يَشَآءُونَ عِندَ رَبِّهِمْ ۚ ذَٰلِكَ هُوَ ٱلْفَضْلُ ٱلْكَبِيرُ [SEP] فِي رَوْضَاتِ ٱلْجَنَّاتِ,Medium,1,والذين ءامنوا۟ وعملوا۟ الصالحات في روضات الجنات ۖ لهم ما يشآءون عند ربهم ۚ ذالك هو الفضل الكبير [SEP] في روضات الجنات
وَحَسِبُوٓا۟ أَلَّا تَكُونَ فِتْنَةٌ فَعَمُوا۟ وَصَمُّوا۟ ثُمَّ تَابَ ٱللَّهُ عَلَيْهِمْ ثُمَّ عَمُوا۟ وَصَمُّوا۟ كَثِيرٌ مِّنْهُمْ ۚ وَٱللَّهُ بَصِيرٌۢ بِمَا يَعْمَلُونَ [SEP] فَعَمُوا۟ وَصَمُّوا۟ ... ثُمَّ عَمُوا۟ وَصَمُّوا۟,Low,0,وحسبوٓا۟ الا تكون فتنة فعموا۟ وصموا۟ ثم تاب الله عليهم ثم عموا۟ وصموا۟ كثير منهم ۚ والله بصيرۢ بما يعملون [SEP] فعموا۟ وصموا۟ ... ثم عموا۟ وصموا۟
فَفِرُّوٓاْ إِلَى ٱللَّهِ ۖ إِنِّى لَكُم مِّنْهُ نَذِيرٌ مُّبِينٌ [SEP] فَفِرُّوٓاْ إِلَى ٱللَّهِ,High,2,ففروٓا الا الله ۖ انا لكم منه نذير مبين [SEP] ففروٓا الا الله
مُّحَمَّدٌ رَّسُولُ ٱللَّهِ ۚ وَٱلَّذِينَ مَعَهُۥٓ أَشِدَّآءُ عَلَى ٱلْكُفَّارِ رُحَمَآءُ بَيْنَهُمْ ۖ تَرَىٰهُمْ رُكَّعًا سُجَّدًا يَبْتَغُونَ فَضْلًا مِّنَ ٱللَّهِ وَرِضْوَٰنًا ۖ سِيمَاهُمْ فِى وُجُوهِهِم مِّنْ أَثَرِ ٱلسُّجُودِ ۚ ذَٰلِكَ مَثَلُهُمْ فِى ٱلتَّوْرَىٰةِ ۚ وَمَثَلُهُمْ فِى ٱلْإِنجِيلِ كَزَرْعٍ أَخْرَجَ شَطْـَٔهُۥ فَـَٔازَرَهُۥ فَٱسْتَغْلَظَ فَٱسْتَوَىٰ عَلَىٰ سُوقِهِۦ يُعْجِبُ ٱلزُّرَّاعَ لِيَغِيظَ بِهِمُ ٱلْكُفَّارَ ۗ وَعَدَ ٱللَّهُ ٱلَّذِينَ ءَامَنُواْ وَعَمِلُواْ ٱلصَّٰلِحَٰتِ مِنْهُم مَّغْفِرَةً وَأَجْرًا عَظِيمًا [SEP] وَمَثَلُهُمْ فِى ٱلْإِنجِيلِ كَزَرْعٍ أَخْرَجَ شَطْـَٔهُۥ فَـَٔازَرَهُۥ فَٱسْتَغْلَظَ فَٱسْتَوَىٰ عَلَىٰ سُوقِهِۦ,High,2,محمد رسول الله ۚ والذين معهۥٓ اشدآء علا الكفار رحمآء بينهم ۖ تراهم ركعا سجدا يبتغون فضلا من الله ورضوانا ۖ سيماهم فا وجوههم من اثر السجود ۚ ذالك مثلهم فا التوراة ۚ ومثلهم فا الانجيل كزرع اخرج شطـٔهۥ فـٔازرهۥ فاستغلظ فاستوا علا سوقهۦ يعجب الزراع ليغيظ بهم الكفار ۗ وعد الله الذين ءامنوا وعملوا الصالحات منهم مغفرة واجرا عظيما [SEP] ومثلهم فا الانجيل كزرع اخرج شطـٔهۥ فـٔازرهۥ فاستغلظ فاستوا علا سوقهۦ
قَالَ طَائِرُكُمْ عِندَ اللَّهِ بَلْ أَنتُمْ قَوْمٌ تُفْتَنُونَ [SEP] طَائِرُكُمْ عِندَ اللَّهِ,Medium,1,قال طائركم عند الله بل انتم قوم تفتنون [SEP] طائركم عند الله
فَفَهَّمْنَاهَا سُلَيْمَانَ ۚ وَكُلًّا آتَيْنَا حُكْمًا وَعِلْمًا ۚ وَسَخَّرْنَا مَعَ دَاوُودَ الْجِبَالَ يُسَبِّحْنَ وَالطَّيْرَ ۚ وَكُنَّا فَاعِلِينَ [SEP] وَسَخَّرْنَا مَعَ دَاوُودَ الْجِبَالَ يُسَبِّحْنَ,Medium,1,ففهمناها سليمان ۚ وكلا اتينا حكما وعلما ۚ وسخرنا مع داوود الجبال يسبحن والطير ۚ وكنا فاعلين [SEP] وسخرنا مع داوود الجبال يسبحن
وَقُلْ جَآءَ ٱلْحَقُّ وَزَهَقَ ٱلْبَٰطِلُ ۚ إِنَّ ٱلْبَٰطِلَ كَانَ زَهُوقًا [SEP] جَاءَ الْحَقُّ وَزَهَقَ الْبَاطِلُ,Medium,1,وقل جآء الحق وزهق الباطل ۚ ان الباطل كان زهوقا [SEP] جاء الحق وزهق الباطل
وَٱلنَّجْمُ وَٱلشَّجَرُ يَسْجُدَانِ [SEP] وَٱلنَّجْمُ وَٱلشَّجَرُ يَسْجُدَانِ,Medium,1,والنجم والشجر يسجدان [SEP] والنجم والشجر يسجدان
وَءَامِنُوا۟ بِمَآ أَنزَلْتُ مُصَدِّقًا لِّمَا مَعَكُمْ وَلَا تَكُونُوٓا۟ أَوَّلَ كَافِرٍۭ بِهِۦ وَلَا تَشْتَرُوا۟ بِـَٔايَٰتِى ثَمَنًا قَلِيلًا وَإِيَّٰىَ فَٱتَّقُونِ [SEP] وَلَا تَشْتَرُوا۟ بِـَٔايَٰتِى ثَمَنًا قَلِيلًا,Medium,1,وءامنوا۟ بمآ انزلت مصدقا لما معكم ولا تكونوٓا۟ اول كافرۭ بهۦ ولا تشتروا۟ بـٔاياتا ثمنا قليلا وايا فاتقون [SEP] ولا تشتروا۟ بـٔاياتا ثمنا قليلا
فَأُلْقِيَ السَّحَرَةُ سُجَّدًا قَالُوا آمَنَّا بِرَبِّ هَارُونَ وَمُوسَىٰ [SEP] فَأُلْقِيَ السَّحَرَةُ سُجَّدًا,Medium,1,فالقي السحرة سجدا قالوا امنا برب هارون وموسا [SEP] فالقي السحرة سجدا
كَلَّا إِذَا دُكَّتِ الْأَرْضُ دَكًّا دَكًّا [SEP] إِذَا دُكَّتِ الْأَرْضُ دَكًّا دَكًّا,Medium,1,كلا اذا دكت الارض دكا دكا [SEP] اذا دكت الارض دكا دكا
كُلُّ نَفْسٍ ذَآئِقَةُ ٱلْمَوْتِ ۖ ثُمَّ إِلَيْنَا تُرْجَعُونَ [SEP] كُلُّ نَفْسٍ ذَائِقَةُ الْمَوْتِ,Medium,1,كل نفس ذآئقة الموت ۖ ثم الينا ترجعون [SEP] كل نفس ذائقة الموت
يَٰٓأَيُّهَا ٱلَّذِينَ ءَامَنُوا۟ لَا تَقْتُلُوا۟ ٱلصَّيْدَ وَأَنتُمْ حُرُمٌ ۚ ... لِّيَذُوقَ وَبَالَ أَمْرِهِۦ ۗ عَفَا ٱللَّهُ عَمَّا سَلَفَ ۚ ... [SEP] لِّيَذُوقَ,Medium,1,يآايها الذين ءامنوا۟ لا تقتلوا۟ الصيد وانتم حرم ۚ ... ليذوق وبال امرهۦ ۗ عفا الله عما سلف ۚ ... [SEP] ليذوق
إِنَّ ٱلَّذِينَ كَفَرُوا۟ وَصَدُّوا۟ عَن سَبِيلِ ٱللَّهِ وَشَآقُّوا۟ ٱلرَّسُولَ مِنۢ بَعْدِ مَا تَبَيَّنَ لَهُمُ ٱلْهُدَىٰ لَن يَضُرُّوا۟ ٱللَّهَ شَيْـًٔا وَسَيُحْبِطُ أَعْمَٰلَهُمْ [SEP] وَسَيُحْبِطُ أَعْمَٰلَهُمْ,Medium,1,ان الذين كفروا۟ وصدوا۟ عن سبيل الله وشآقوا۟ الرسول منۢ بعد ما تبين لهم الهدا لن يضروا۟ الله شيـٔا وسيحبط اعمالهم [SEP] وسيحبط اعمالهم
وَيُسَبِّحُ ٱلرَّعْدُ بِحَمْدِهِۦ وَٱلْمَلَٰٓئِكَةُ مِنْ خِيفَتِهِۦ وَيُرْسِلُ ٱلصَّوَٰعِقَ فَيُصِيبُ بِهَا مَن يَشَآءُ وَهُمْ يُجَٰدِلُونَ فِي ٱللَّهِ وَهُوَ شَدِيدُ ٱلْمِحَالِ [SEP] وَيُسَبِّحُ ٱلرَّعْدُ بِحَمْدِهِۦ,Medium,1,ويسبح الرعد بحمدهۦ والملآئكة من خيفتهۦ ويرسل الصواعق فيصيب بها من يشآء وهم يجادلون في الله وهو شديد المحال [SEP] ويسبح الرعد بحمدهۦ
أَفَأَنتَ تُسْمِعُ ٱلصُّمَّ أَوْ تَهْدِى ٱلْعُمْىَ وَمَن كَانَ فِى ضَلَٰلٍ مُّبِينٍ [SEP] أَفَأَنتَ تُسْمِعُ ٱلصُّمَّ,Medium,1,افانت تسمع الصم او تهدا العما ومن كان فا ضلال مبين [SEP] افانت تسمع الصم
قُلْ مَن رَّبُّ ٱلسَّمَٰوَٰتِ وَٱلْأَرْضِ قُلِ ٱللَّهُ ۚ قُلْ أَفَٱتَّخَذْتُم مِّن دُونِهِۦٓ أَوْلِيَآءَ لَا يَمْلِكُونَ لِأَنفُسِهِمْ نَفْعًا وَلَا ضَرًّا ۚ قُلْ هَلْ يَسْتَوِى ٱلْأَعْمَىٰ وَٱلْبَصِيرُ أَمْ هَلْ تَسْتَوِى ٱلظُّلُمَٰتُ وَٱلنُّورُ ۗ أَمْ جَعَلُوا۟ لِلَّهِ شُرَكَآءَ خَلَقُوا۟ كَخَلْقِهِۦ فَتَشَٰبَهَ ٱلْخَلْقُ عَلَيْهِمْ ۚ قُلِ ٱللَّهُ خَٰلِقُ كُلِّ شَىْءٍ وَهُوَ ٱلْوَٰحِدُ ٱلْقَهَّٰرُ [SEP] هَلْ يَسْتَوِى ٱلْأَعْمَىٰ وَٱلْبَصِيرُ أَمْ هَلْ تَسْتَوِى ٱلظُّلُمَٰتُ وَٱلنُّورُ,Medium,1,قل من رب السماوات والارض قل الله ۚ قل افاتخذتم من دونهۦٓ اوليآء لا يملكون لانفسهم نفعا ولا ضرا ۚ قل هل يستوا الاعما والبصير ام هل تستوا الظلمات والنور ۗ ام جعلوا۟ لله شركآء خلقوا۟ كخلقهۦ فتشابه الخلق عليهم ۚ قل الله خالق كل شاء وهو الواحد القهار [SEP] هل يستوا الاعما والبصير ام هل تستوا الظلمات والنور
وَقِيلَ يَٰٓأَرْضُ ٱبْلَعِى مَآءَكِ وَيَٰسَمَآءُ أَقْلِعِى وَغِيضَ ٱلْمَآءُ وَقُضِىَ ٱلْأَمْرُ وَٱسْتَوَتْ عَلَى ٱلْجُودِىِّ ۖ وَقِيلَ بُعْدًا لِّلْقَوْمِ ٱلظَّٰلِمِينَ [SEP] يَٰٓأَرْضُ ٱبْلَعِى مَآءَكِ وَيَٰسَمَآءُ أَقْلِعِى,Medium,1,وقيل يآارض ابلعا مآءك وياسمآء اقلعا وغيض المآء وقضا الامر واستوت علا الجودا ۖ وقيل بعدا للقوم الظالمين [SEP] يآارض ابلعا مآءك وياسمآء اقلعا
وَأَنَّا لَمَسْنَا ٱلسَّمَآءَ فَوَجَدْنَٰهَا مُلِئَتْ حَرَسًا شَدِيدًا وَشُهُبًا [SEP] لَمَسْنَا ٱلسَّمَآءَ,Medium,1,وانا لمسنا السمآء فوجدناها ملئت حرسا شديدا وشهبا [SEP] لمسنا السمآء
أَفَأَمِنُواْ مَكۡرَ ٱللَّهِ فَلَا يَأۡمَنُ مَكۡرَ ٱللَّهِ إِلَّا ٱلۡقَوۡمُ ٱلۡخَٰسِرُونَ [SEP] مَكْرَ اللَّهِ,Medium,1,افامنوا مكۡر الله فلا ياۡمن مكۡر الله الا الۡقوۡم الۡخاسرون [SEP] مكر الله
وَإِذَا سَمِعُوا۟ مَآ أُنزِلَ إِلَى ٱلرَّسُولِ تَرَىٰٓ أَعْيُنَهُمْ تَفِيضُ مِنَ ٱلدَّمْعِ مِمَّا عَرَفُوا۟ مِنَ ٱلْحَقِّ ۖ يَقُولُونَ رَبَّنَآ ءَامَنَّا فَٱكْتُبْنَا مَعَ ٱلشَّٰهِدِينَ [SEP] تَرَىٰٓ أَعْيُنَهُمْ تَفِيضُ مِنَ ٱلدَّمْعِ,Low,0,واذا سمعوا۟ مآ انزل الا الرسول ترآ اعينهم تفيض من الدمع مما عرفوا۟ من الحق ۖ يقولون ربنآ ءامنا فاكتبنا مع الشاهدين [SEP] ترآ اعينهم تفيض من الدمع
وَلَا تَشْتَرُوا۟ بِـَٔايَٰتِى ثَمَنًا قَلِيلًا [SEP] وَلَا تَشْتَرُوا۟ بِـَٔايَٰتِى ثَمَنًا قَلِيلًا,Low,0,ولا تشتروا۟ بـٔاياتا ثمنا قليلا [SEP] ولا تشتروا۟ بـٔاياتا ثمنا قليلا
وَجَآءَتْ سَكْرَةُ ٱلْمَوْتِ بِٱلْحَقِّ ۖ ذَٰلِكَ مَا كُنتَ مِنْهُ تَحِيدُ [SEP] وَجَآءَتْ سَكْرَةُ ٱلْمَوْتِ بِٱلْحَقِّ,Medium,1,وجآءت سكرة الموت بالحق ۖ ذالك ما كنت منه تحيد [SEP] وجآءت سكرة الموت بالحق
وَإِذْ يَقُولُ الْمُنَافِقُونَ وَالَّذِينَ فِي قُلُوبِهِم مَّرَضٌ مَّا وَعَدَنَا اللَّهُ وَرَسُولُهُ إِلَّا غُرُورًا [SEP] فِي قُلُوبِهِمْ مَرَضٌ,Medium,1,واذ يقول المنافقون والذين في قلوبهم مرض ما وعدنا الله ورسوله الا غرورا [SEP] في قلوبهم مرض
يَوْمَ تَشْهَدُ عَلَيْهِمْ أَلْسِنَتُهُمْ وَأَيْدِيهِمْ وَأَرْجُلُهُم بِمَا كَانُوا يَعْمَلُونَ [SEP] يَوْمَ تَشْهَدُ عَلَيْهِمْ أَلْسِنَتُهُمْ وَأَيْدِيهِمْ وَأَرْجُلُهُم,Medium,1,يوم تشهد عليهم السنتهم وايديهم وارجلهم بما كانوا يعملون [SEP] يوم تشهد عليهم السنتهم وايديهم وارجلهم
إِنَّ ٱلْعَهْدَ كَانَ مَسْـُٔولًا [SEP] مَسْـُٔولًا,Medium,1,ان العهد كان مسـٔولا [SEP] مسـٔولا
هُوَ ٱلَّذِىٓ أَنزَلَ ٱلسَّكِينَةَ فِى قُلُوبِ ٱلْمُؤْمِنِينَ لِيَزْدَادُوٓا۟ إِيمَٰنًۭا مَّعَ إِيمَٰنِهِمْ ۗ وَلِلَّهِ جُنُودُ ٱلسَّمَٰوَٰتِ وَٱلْأَرْضِ ۚ وَكَانَ ٱللَّهُ عَلِيمًا حَكِيمًا [SEP] أَنْزَلَ السَّكِينَةَ,Medium,1,هو الذآ انزل السكينة فا قلوب المؤمنين ليزدادوٓا۟ ايمانۭا مع ايمانهم ۗ ولله جنود السماوات والارض ۚ وكان الله عليما حكيما [SEP] انزل السكينة
يَوْمَ نَقُولُ لِجَهَنَّمَ هَلِ ٱمْتَلَأْتِ وَتَقُولُ هَلْ مِن مَّزِيدٍ [SEP] وَتَقُولُ هَلْ مِن مَّزِيدٍ,Medium,1,يوم نقول لجهنم هل امتلات وتقول هل من مزيد [SEP] وتقول هل من مزيد
وَٱلْتَفَّتِ ٱلسَّاقُ بِٱلسَّاقِ [SEP] وَالْتَفَّتِ السَّاقُ بِالسَّاقِ,High,2,والتفت الساق بالساق [SEP] والتفت الساق بالساق
قَدْ خَسِرَ ٱلَّذِينَ كَذَّبُوا۟ بِلِقَآءِ ٱللَّهِ ۖ حَتَّىٰٓ إِذَا جَآءَتْهُمُ ٱلسَّاعَةُ بَغْتَةً قَالُوا۟ يَٰحَسْرَتَنَا عَلَىٰ مَا فَرَّطْنَا فِيهَا وَهُمْ يَحْمِلُونَ أَوْزَارَهُمْ عَلَىٰ ظُهُورِهِمْ ۚ أَلَا سَآءَ مَا يَزِرُونَ [SEP] وَهُمْ يَحْمِلُونَ أَوْزَارَهُمْ عَلَىٰ ظُهُورِهِمْ,Low,0,قد خسر الذين كذبوا۟ بلقآء الله ۖ حتآ اذا جآءتهم الساعة بغتة قالوا۟ ياحسرتنا علا ما فرطنا فيها وهم يحملون اوزارهم علا ظهورهم ۚ الا سآء ما يزرون [SEP] وهم يحملون اوزارهم علا ظهورهم
ٱعْلَمُوٓا۟ أَنَّ ٱللَّهَ يُحْىِ ٱلْأَرْضَ بَعْدَ مَوْتِهَا ۚ قَدْ بَيَّنَّا لَكُمُ ٱلْآيَٰتِ لَعَلَّكُمْ تَعْقِلُونَ [SEP] ٱعْلَمُوٓا۟ أَنَّ ٱللَّهَ يُحْىِ ٱلْأَرْضَ بَعْدَ مَوْتِهَا,High,2,اعلموٓا۟ ان الله يحا الارض بعد موتها ۚ قد بينا لكم الايات لعلكم تعقلون [SEP] اعلموٓا۟ ان الله يحا الارض بعد موتها
فَقَالُواْ رَبَّنَا بَٰعِدْ بَيْنَ أَسْفَارِنَا وَظَلَمُوٓاْ أَنفُسَهُمْ فَجَعَلْنَٰهُمْ أَحَادِيثَ وَمَزَّقْنَٰهُمْ كُلَّ مُمَزَّقٍ ۚ إِنَّ فِي ذَٰلِكَ لَأٓيَٰتٖ لِّكُلِّ صَبَّارٖ شَكُورٖ [SEP] فَجَعَلْنَاهُمْ أَحَادِيثَ وَمَزَّقْنَاهُمْ كُلَّ مُمَزَّقٍ,Medium,1,فقالوا ربنا باعد بين اسفارنا وظلموٓا انفسهم فجعلناهم احاديث ومزقناهم كل ممزق ۚ ان في ذالك لآياتٖ لكل صبارٖ شكورٖ [SEP] فجعلناهم احاديث ومزقناهم كل ممزق
وَاتَّخَذُوا مِن دُونِ اللَّهِ آلِهَةً لِّيَكُونُوا لَهُمْ عِزًّا [SEP] لِّيَكُونُوا لَهُمْ عِزًّا,Medium,1,واتخذوا من دون الله الهة ليكونوا لهم عزا [SEP] ليكونوا لهم عزا
ٱعْلَمُوٓا۟ أَنَّمَا ٱلْحَيَوٰةُ ٱلدُّنْيَا لَعِبٌ وَلَهْوٌ وَزِينَةٌ وَتَفَاخُرٌۢ بَيْنَكُمْ وَتَكَاثُرٌ فِى ٱلْأَمْوَٰلِ وَٱلْأَوْلَٰدِ ۖ كَمَثَلِ غَيْثٍ أَعْجَبَ ٱلْكُفَّارَ نَبَاتُهُۥ ثُمَّ يَهِيجُ فَتَرَاهُ مُصْفَرًّا ثُمَّ يَكُونُ حُطَٰمًا ۖ وَفِى ٱلْآخِرَةِ عَذَابٌ شَدِيدٌ وَمَغْفِرَةٌ مِّنَ ٱللَّهِ وَرِضْوَٰنٌ ۚ وَمَا ٱلْحَيَوٰةُ ٱلدُّنْيَآ إِلَّا مَتَٰعُ ٱلْغُرُورِ [SEP] كَمَثَلِ غَيْثٍ أَعْجَبَ الْكُفَّارَ نَبَاتُهُ,High,2,اعلموٓا۟ انما الحيواة الدنيا لعب ولهو وزينة وتفاخرۢ بينكم وتكاثر فا الاموال والاولاد ۖ كمثل غيث اعجب الكفار نباتهۥ ثم يهيج فتراه مصفرا ثم يكون حطاما ۖ وفا الاخرة عذاب شديد ومغفرة من الله ورضوان ۚ وما الحيواة الدنيآ الا متاع الغرور [SEP] كمثل غيث اعجب الكفار نباته
فَإِنَّكَ لَا تُسْمِعُ الْمَوْتَىٰ وَلَا تُسْمِعُ الصُّمَّ الدُّعَاءَ إِذَا وَلَّوْا مُدْبِرِينَ [SEP] فَإِنَّكَ لَا تُسْمِعُ الْمَوْتَىٰ وَلَا تُسْمِعُ الصُّمَّ الدُّعَاءَ إِذَا وَلَّوْا مُدْبِرِينَ,Medium,1,فانك لا تسمع الموتا ولا تسمع الصم الدعاء اذا ولوا مدبرين [SEP] فانك لا تسمع الموتا ولا تسمع الصم الدعاء اذا ولوا مدبرين
فَعَمِيَتْ عَلَيْهِمُ الْأَنبَاءُ يَوْمَئِذٍ فَهُمْ لَا يَتَسَاءَلُونَ [SEP] فَعَمِيَتْ عَلَيْهِمُ الْأَنْبَاءُ,Medium,1,فعميت عليهم الانباء يومئذ فهم لا يتساءلون [SEP] فعميت عليهم الانباء
أَلَمْ أَعْهَدْ إِلَيْكُمْ يَا بَنِي آدَمَ أَن لَّا تَعْبُدُوا الشَّيْطَانَ ۖ إِنَّهُ لَكُمْ عَدُوٌّ مُّبِينٌ [SEP] { أَن لَّا تَعْبُدُوا الشَّيْطَانَ },Medium,1,الم اعهد اليكم يا بني ادم ان لا تعبدوا الشيطان ۖ انه لكم عدو مبين [SEP] { ان لا تعبدوا الشيطان }
إِذْ جَعَلَ ٱلَّذِينَ كَفَرُوا۟ فِى قُلُوبِهِمُ ٱلْحَمِيَّةَ حَمِيَّةَ ٱلْجَٰهِلِيَّةِ فَأَنزَلَ ٱللَّهُ سَكِينَتَهُۥ عَلَىٰ رَسُولِهِۦ وَعَلَى ٱلْمُؤْمِنِينَ وَأَلْزَمَهُمْ كَلِمَةَ ٱلتَّقْوَىٰ وَكَانُوٓا۟ أَحَقَّ بِهَا وَأَهْلَهَا ۚ وَكَانَ ٱللَّهُ بِكُلِّ شَىْءٍ عَلِيمًۢا [SEP] فَأَنزَلَ ٱللَّهُ سَكِينَتَهُۥ عَلَىٰ رَسُولِهِۦ وَعَلَى ٱلْمُؤْمِنِينَ,Medium,1,اذ جعل الذين كفروا۟ فا قلوبهم الحمية حمية الجاهلية فانزل الله سكينتهۥ علا رسولهۦ وعلا المؤمنين والزمهم كلمة التقوا وكانوٓا۟ احق بها واهلها ۚ وكان الله بكل شاء عليمۢا [SEP] فانزل الله سكينتهۥ علا رسولهۦ وعلا المؤمنين
وَنَزَعْنَا مَا فِي صُدُورِهِم مِّنْ غِلٍّ إِخْوَانًا عَلَىٰ سُرُرٍ مُّتَقَابِلِينَ [SEP] وَنَزَعْنَا مَا فِى صُدُورِهِم مِّنْ غِلٍّ,Medium,1,ونزعنا ما في صدورهم من غل اخوانا علا سرر متقابلين [SEP] ونزعنا ما فا صدورهم من غل
إِنَّ لَكَ فِي النَّهَارِ سَبْحًا طَوِيلًا [SEP] إِنَّ لَكَ فِي النَّهَارِ سَبْحًا طَوِيلًا,Medium,1,ان لك في النهار سبحا طويلا [SEP] ان لك في النهار سبحا طويلا
أَن تَضِلَّ إِحْدَىٰهُمَا فَتُذَكِّرَ إِحْدَىٰهُمَا ٱلْأُخْرَىٰ [SEP] أَن تَضِلَّ إِحْدَىٰهُمَا,Medium,1,ان تضل احداهما فتذكر احداهما الاخرا [SEP] ان تضل احداهما
قَالَ ٱلْمَلَأُ ٱلَّذِينَ كَفَرُوا۟ مِن قَوْمِهِۦٓ إِنَّا لَنَرَىٰكَ فِى سَفَاهَةٍ وَإِنَّا لَنَظُنُّكَ مِنَ ٱلْكَٰذِبِينَ [SEP] إِنَّا لَنَرَىٰكَ فِى سَفَاهَةٍ,Medium,1,قال الملا الذين كفروا۟ من قومهۦٓ انا لنراك فا سفاهة وانا لنظنك من الكاذبين [SEP] انا لنراك فا سفاهة
قَالَتْ يَٰوَيْلَتَىٰٓ ءَأَلِدُ وَأَنَا۠ عَجُوزٌ وَهَٰذَا بَعْلِى شَيْخًا ۖ إِنَّ هَٰذَا لَشَىْءٌ عَجِيبٌ [SEP] وَأَنَا۠ عَجُوزٌ,Medium,1,قالت ياويلتآ ءالد وانا۠ عجوز وهاذا بعلا شيخا ۖ ان هاذا لشاء عجيب [SEP] وانا۠ عجوز
فَـَٔامِنُوا۟ بِٱللَّهِ وَرَسُولِهِۦ وَٱلنُّورِ ٱلَّذِىٓ أَنزَلْنَا ۚ وَٱللَّهُ بِمَا تَعْمَلُونَ خَبِيرٌ [SEP] وَٱلنُّورِ ٱلَّذِىٓ أَنزَلْنَا,Medium,1,فـٔامنوا۟ بالله ورسولهۦ والنور الذآ انزلنا ۚ والله بما تعملون خبير [SEP] والنور الذآ انزلنا
وَإِذَا الرُّسُلُ أُقِّتَتْ [SEP] أُقِّتَتْ,Medium,1,واذا الرسل اقتت [SEP] اقتت
فَمَا لَكُمْ فِى ٱلْمُنَٰفِقِينَ فِئَتَيْنِ وَٱللَّهُ أَرْكَسَهُم بِمَا كَسَبُوٓا۟ ۚ أَتُرِيدُونَ أَن تَهْدُوا۟ مَنْ أَضَلَّ ٱللَّهُ ۖ وَمَن يُضْلِلِ ٱللَّهُ فَلَن تَجِدَ لَهُۥ سَبِيلًا [SEP] أَرْكَسَهُم بِمَا كَسَبُوٓا۟,Medium,1,فما لكم فا المنافقين فئتين والله اركسهم بما كسبوٓا۟ ۚ اتريدون ان تهدوا۟ من اضل الله ۖ ومن يضلل الله فلن تجد لهۥ سبيلا [SEP] اركسهم بما كسبوٓا۟
إِنَّ هَٰذَا أَخِي لَهُ تِسْعٌ وَتِسْعُونَ نَعْجَةً وَلِيَ نَعْجَةٌ وَاحِدَةٌ فَقَالَ أَكْفِلْنِيهَا وَعَزَّنِي فِي الْخِطَابِ [SEP] لَهُ تِسْعٌ وَتِسْعُونَ نَعْجَةً وَلِيَ نَعْجَةٌ وَاحِدَةٌ,Medium,1,ان هاذا اخي له تسع وتسعون نعجة ولي نعجة واحدة فقال اكفلنيها وعزني في الخطاب [SEP] له تسع وتسعون نعجة ولي نعجة واحدة
وَقَالَ مُوسَىٰ رَبَّنَا إِنَّكَ آتَيْتَ فِرْعَوْنَ وَمَلَأَهُ زِينَةً وَأَمْوَالًا فِي الْحَيَاةِ الدُّنْيَا رَبَّنَا لِيُضِلُّوا عَن سَبِيلِكَ ۖ رَبَّنَا اطْمِسْ عَلَىٰ أَمْوَالِهِمْ وَاشْدُدْ عَلَىٰ قُلُوبِهِمْ فَلَا يُؤْمِنُوا حَتَّىٰ يَرَوُا الْعَذَابَ الْأَلِيمَ [SEP] رَبَّنَا اطْمِسْ عَلَىٰ أَمْوَالِهِمْ,Medium,1,وقال موسا ربنا انك اتيت فرعون وملاه زينة واموالا في الحياة الدنيا ربنا ليضلوا عن سبيلك ۖ ربنا اطمس علا اموالهم واشدد علا قلوبهم فلا يؤمنوا حتا يروا العذاب الاليم [SEP] ربنا اطمس علا اموالهم
أَلَمْ يَأْنِ لِلَّذِينَ آمَنُوا أَن تَخْشَعَ قُلُوبُهُمْ لِذِكْرِ اللَّهِ وَمَا نَزَلَ مِنَ الْحَقِّ وَلَا يَكُونُوا كَالَّذِينَ أُوتُوا الْكِتَابَ مِن قَبْلُ فَطَالَ عَلَيْهِمُ الْأَمَدُ فَقَسَتْ قُلُوبُهُمْ ۖ وَكَثِيرٌ مِّنْهُمْ فَاسِقُونَ [SEP] {فَقَسَتْ قُلُوبُهُمْ},Medium,1,الم يان للذين امنوا ان تخشع قلوبهم لذكر الله وما نزل من الحق ولا يكونوا كالذين اوتوا الكتاب من قبل فطال عليهم الامد فقست قلوبهم ۖ وكثير منهم فاسقون [SEP] {فقست قلوبهم}
وَمَا كُنتَ تَرْجُوٓا۟ أَن يُلْقَىٰٓ إِلَيْكَ ٱلْكِتَٰبُ إِلَّا رَحْمَةً مِّن رَّبِّكَ ۖ فَلَا تَكُونَنَّ ظَهِيرًا لِّلْكَٰفِرِينَ [SEP] أَن يُلْقَىٰ إِلَيْكَ الْكِتَابُ,Medium,1,وما كنت ترجوٓا۟ ان يلقآ اليك الكتاب الا رحمة من ربك ۖ فلا تكونن ظهيرا للكافرين [SEP] ان يلقا اليك الكتاب
مَا كَانَ لِلنَّبِيِّ وَالَّذِينَ آمَنُوا أَن يَسْتَغْفِرُوا لِلْمُشْرِكِينَ وَلَوْ كَانُوا أُولِي قُرْبَىٰ مِن بَعْدِ مَا تَبَيَّنَ لَهُمْ أَنَّهُمْ أَصْحَابُ الْجَحِيمِ [SEP] أَنَّهُمْ أَصْحَابُ الْجَحِيمِ,Medium,1,ما كان للنبي والذين امنوا ان يستغفروا للمشركين ولو كانوا اولي قربا من بعد ما تبين لهم انهم اصحاب الجحيم [SEP] انهم اصحاب الجحيم
لَهُۥ مَقَالِيدُ ٱلسَّمَٰوَٰتِ وَٱلْأَرْضِ ۖ يَبْسُطُ ٱلرِّزْقَ لِمَن يَشَآءُ وَيَقْدِرُ ۚ إِنَّهُۥ بِكُلِّ شَىْءٍ عَلِيمٌ [SEP] لَهُۥ مَقَالِيدُ ٱلسَّمَٰوَٰتِ وَٱلْأَرْضِ,Medium,1,لهۥ مقاليد السماوات والارض ۖ يبسط الرزق لمن يشآء ويقدر ۚ انهۥ بكل شاء عليم [SEP] لهۥ مقاليد السماوات والارض
وَدَاوُۥدَ وَسُلَيْمَٰنَ إِذْ يَحْكُمَانِ فِي ٱلْحَرْثِ إِذْ نَفَشَتْ فِيهِ غَنَمُ ٱلْقَوْمِ وَكُنَّا لِحُكْمِهِمْ شَٰهِدِينَ [SEP] إِذْ نَفَشَتْ فِيهِ غَنَمُ الْقَوْمِ,Low,0,وداوۥد وسليمان اذ يحكمان في الحرث اذ نفشت فيه غنم القوم وكنا لحكمهم شاهدين [SEP] اذ نفشت فيه غنم القوم
وَٱلَّذِينَ كَذَّبُوا۟ بِـَٔايَٰتِنَا يَمَسُّهُمُ ٱلْعَذَابُ بِمَا كَانُوا۟ يَفْسُقُونَ [SEP] يَمَسُّهُمُ ٱلْعَذَابُ,Medium,1,والذين كذبوا۟ بـٔاياتنا يمسهم العذاب بما كانوا۟ يفسقون [SEP] يمسهم العذاب
أَفَلَا يَتَدَبَّرُونَ ٱلْقُرْءَانَ أَمْ عَلَىٰ قُلُوبٍ أَقْفَالُهَآ [SEP] أَمْ عَلَىٰ قُلُوبٍ أَقْفَالُهَآ,High,2,افلا يتدبرون القرءان ام علا قلوب اقفالهآ [SEP] ام علا قلوب اقفالهآ
وَمَنْ يُرْسِلُ الرِّيَاحَ بُشْرًا بَيْنَ يَدَيْ رَحْمَتِهِ [SEP] بَيْنَ يَدَيْ رَحْمَتِهِ,Medium,1,ومن يرسل الرياح بشرا بين يدي رحمته [SEP] بين يدي رحمته
أَمْ أَنزَلْنَا عَلَيْهِمْ سُلْطَانًا فَهُوَ يَتَكَلَّمُ بِمَا كَانُوا بِهِ يُشْرِكُونَ [SEP] فَهُوَ يَتَكَلَّمُ,Medium,1,ام انزلنا عليهم سلطانا فهو يتكلم بما كانوا به يشركون [SEP] فهو يتكلم
ٱهْدِنَا ٱلصِّرَٰطَ ٱلْمُسْتَقِيمَ [SEP] ٱهْدِنَا ٱلصِّرَٰطَ ٱلْمُسْتَقِيمَ,Medium,1,اهدنا الصراط المستقيم [SEP] اهدنا الصراط المستقيم
وَلَٰكِنَّا أَنشَأْنَا قُرُونًا فَتَطَاوَلَ عَلَيْهِمُ الْعُمُرُ ۚ وَمَا كُنتَ ثَاوِيًا فِي أَهْلِ مَدْيَنَ تَتْلُو عَلَيْهِمْ آيَاتِنَا وَلَٰكِنَّا كُنَّا مُرْسِلِينَ [SEP] فَتَطَاوَلَ عَلَيْهِمُ الْعُمُرُ,Medium,1,ولاكنا انشانا قرونا فتطاول عليهم العمر ۚ وما كنت ثاويا في اهل مدين تتلو عليهم اياتنا ولاكنا كنا مرسلين [SEP] فتطاول عليهم العمر
وَمَا مُحَمَّدٌ إِلَّا رَسُولٌ قَدْ خَلَتْ مِن قَبْلِهِ ٱلرُّسُلُ ۚ أَفَإِي۟ن مَّاتَ أَوْ قُتِلَ ٱنقَلَبْتُمْ عَلَىٰٓ أَعْقَٰبِكُمْ ۚ وَمَن يَنقَلِبْ عَلَىٰ عَقِبَيْهِ فَلَن يَضُرَّ ٱللَّهَ شَيْـًٔا ۗ وَسَيَجْزِى ٱللَّهُ ٱلشَّٰكِرِينَ [SEP] ٱنقَلَبْتُمْ عَلَىٰٓ أَعْقَٰبِكُمْ,High,2,وما محمد الا رسول قد خلت من قبله الرسل ۚ افاي۟ن مات او قتل انقلبتم علآ اعقابكم ۚ ومن ينقلب علا عقبيه فلن يضر الله شيـٔا ۗ وسيجزا الله الشاكرين [SEP] انقلبتم علآ اعقابكم
وَٱللَّهُ يُرِيدُ أَن يَتُوبَ عَلَيْكُمْ وَيُرِيدُ ٱلَّذِينَ يَتَّبِعُونَ ٱلشَّهَوَٰتِ أَن تَمِيلُوا۟ مَيْلًا عَظِيمًا [SEP] أَن تَمِيلُوا۟ مَيْلًا عَظِيمًا,Medium,1,والله يريد ان يتوب عليكم ويريد الذين يتبعون الشهوات ان تميلوا۟ ميلا عظيما [SEP] ان تميلوا۟ ميلا عظيما
تُولِجُ ٱلَّيْلَ فِى ٱلنَّهَارِ وَتُولِجُ ٱلنَّهَارَ فِى ٱلَّيْلِ [SEP] تُولِجُ ٱلَّيْلَ فِى ٱلنَّهَارِ وَتُولِجُ ٱلنَّهَارَ فِى ٱلَّيْلِ,Medium,1,تولج اليل فا النهار وتولج النهار فا اليل [SEP] تولج اليل فا النهار وتولج النهار فا اليل
وَانشَقَّتِ السَّمَاءُ فَهِيَ يَوْمَئِذٍ وَاهِيَةٌ [SEP] فَهِيَ يَوْمَئِذٍ وَاهِيَةٌ,Medium,1,وانشقت السماء فهي يومئذ واهية [SEP] فهي يومئذ واهية
وَمَا كُنتُمْ تَسْتَتِرُونَ أَن يَشْهَدَ عَلَيْكُمْ سَمْعُكُمْ وَلَا أَبْصَارُكُمْ وَلَا جُلُودُكُمْ وَلَكِن ظَنَنتُمْ أَنَّ اللَّهَ لَا يَعْلَمُ كَثِيرًا مِّمَّا تَعْمَلُونَ [SEP] أَن يَشْهَدَ عَلَيْكُمْ سَمْعُكُمْ وَلَا أَبْصَارُكُمْ وَلَا جُلُودُكُمْ,Medium,1,وما كنتم تستترون ان يشهد عليكم سمعكم ولا ابصاركم ولا جلودكم ولكن ظننتم ان الله لا يعلم كثيرا مما تعملون [SEP] ان يشهد عليكم سمعكم ولا ابصاركم ولا جلودكم
لَهُمْ دَارُ ٱلسَّلَٰمِ عِندَ رَبِّهِمْ ۖ وَهُوَ وَلِيُّهُم بِمَا كَانُوا۟ يَعْمَلُونَ [SEP] لَهُمْ دَارُ ٱلسَّلَٰمِ,Medium,1,لهم دار السلام عند ربهم ۖ وهو وليهم بما كانوا۟ يعملون [SEP] لهم دار السلام
لِيَمِيزَ ٱللَّهُ ٱلْخَبِيثَ مِنَ ٱلطَّيِّبِ وَيَجْعَلَ ٱلْخَبِيثَ بَعْضَهُۥ عَلَىٰ بَعْضٍۢ فَيَرْكُمَهُۥ جَمِيعًا فَيَجْعَلَهُۥ فِى جَهَنَّمَ ۚ أُو۟لَٰٓئِكَ هُمُ ٱلْخَٰسِرُونَ [SEP] وَيَجْعَلَ ٱلْخَبِيثَ بَعْضَهُۥ عَلَىٰ بَعْضٍۢ فَيَرْكُمَهُۥ جَمِيعًا فَيَجْعَلَهُۥ فِى جَهَنَّمَ,High,2,ليميز الله الخبيث من الطيب ويجعل الخبيث بعضهۥ علا بعضۢ فيركمهۥ جميعا فيجعلهۥ فا جهنم ۚ او۟لآئك هم الخاسرون [SEP] ويجعل الخبيث بعضهۥ علا بعضۢ فيركمهۥ جميعا فيجعلهۥ فا جهنم
وَإِذَا لَمْ تَأْتِهِم بِـَٔايَةٍ قَالُوا۟ لَوْلَا ٱجْتَبَيْتَهَا ۚ قُلْ إِنَّمَآ أَتَّبِعُ مَا يُوحَىٰٓ إِلَىَّ مِن رَّبِّى ۚ هَٰذَا بَصَآئِرُ مِن رَّبِّكُمْ وَهُدًى وَرَحْمَةٌ لِّقَوْمٍ يُؤْمِنُونَ [SEP] هَٰذَا بَصَآئِرُ مِن رَّبِّكُمْ,Medium,1,واذا لم تاتهم بـٔاية قالوا۟ لولا اجتبيتها ۚ قل انمآ اتبع ما يوحآ الا من ربا ۚ هاذا بصآئر من ربكم وهدا ورحمة لقوم يؤمنون [SEP] هاذا بصآئر من ربكم
إِنَّ ٱلَّذِينَ يَكْفُرُونَ بِـَٔايَٰتِ ٱللَّهِ وَيَقْتُلُونَ ٱلنَّبِيِّۦنَ بِغَيْرِ حَقٍّ وَيَقْتُلُونَ ٱلَّذِينَ يَأْمُرُونَ بِٱلْقِسْطِ مِنَ ٱلنَّاسِ فَبَشِّرْهُم بِعَذَابٍ أَلِيمٍ [SEP] فَبَشِّرْهُم بِعَذَابٍ أَلِيمٍ,Medium,1,ان الذين يكفرون بـٔايات الله ويقتلون النبيۦن بغير حق ويقتلون الذين يامرون بالقسط من الناس فبشرهم بعذاب اليم [SEP] فبشرهم بعذاب اليم
فَسَنُيَسِّرُهُ لِلْيُسْرَىٰ [SEP] فَسَنُيَسِّرُهُ لِلْيُسْرَىٰ,Medium,1,فسنيسره لليسرا [SEP] فسنيسره لليسرا
ثُمَّ إِذَا كَشَفَ ٱلضُّرَّ عَنكُمْ إِذَا فَرِيقٌ مِّنكُم بِرَبِّهِمْ يُشْرِكُونَ [SEP] كَشَفَ ٱلضُّرَّ عَنكُمْ,Medium,1,ثم اذا كشف الضر عنكم اذا فريق منكم بربهم يشركون [SEP] كشف الضر عنكم
قَالَ يَٰقَوْمِ أَرَهْطِىٓ أَعَزُّ عَلَيْكُم مِّنَ ٱللَّهِ وَٱتَّخَذْتُمُوهُ وَرَآءَكُمْ ظِهْرِيًّا ۖ إِنَّ رَبِّى بِمَا تَعْمَلُونَ مُحِيطٌ [SEP] وَٱتَّخَذْتُمُوهُ وَرَآءَكُمْ ظِهْرِيًّا,High,2,قال ياقوم ارهطآ اعز عليكم من الله واتخذتموه ورآءكم ظهريا ۖ ان ربا بما تعملون محيط [SEP] واتخذتموه ورآءكم ظهريا
وَقَالُوا۟ قُلُوبُنَا غُلْفٌۢ ۚ بَل لَّعَنَهُمُ ٱللَّهُ بِكُفْرِهِمْ فَقَلِيلًا مَّا يُؤْمِنُونَ [SEP] قُلُوبُنَا غُلْفٌ,Medium,1,وقالوا۟ قلوبنا غلفۢ ۚ بل لعنهم الله بكفرهم فقليلا ما يؤمنون [SEP] قلوبنا غلف
وَإِن مِّن شَىْءٍ إِلَّا عِندَنَا خَزَآئِنُهُۥ وَمَا نُنَزِّلُهُۥٓ إِلَّا بِقَدَرٍ مَّعْلُومٍ [SEP] عِندَنَا خَزَآئِنُهُۥ,Medium,1,وان من شاء الا عندنا خزآئنهۥ وما ننزلهۥٓ الا بقدر معلوم [SEP] عندنا خزآئنهۥ
وَأَلْقَتْ مَا فِيهَا وَتَخَلَّتْ [SEP] وَأَلْقَتْ مَا فِيهَا وَتَخَلَّتْ,Medium,1,والقت ما فيها وتخلت [SEP] والقت ما فيها وتخلت
وَلَا يَزَالُ الَّذِينَ كَفَرُوا فِي مِرْيَةٍ مِّنْهُ حَتَّىٰ تَأْتِيَهُمُ السَّاعَةُ بَغْتَةً أَوْ يَأْتِيَهُمْ عَذَابُ يَوْمٍ عَقِيمٍ [SEP] عَذَابُ يَوْمٍ عَقِيمٍ,Medium,1,ولا يزال الذين كفروا في مرية منه حتا تاتيهم الساعة بغتة او ياتيهم عذاب يوم عقيم [SEP] عذاب يوم عقيم
أَلَمْ تَرَ أَنَّ اللَّهَ يُزْجِي سَحَابًا ثُمَّ يُؤَلِّفُ بَيْنَهُ ثُمَّ يَجْعَلُهُ رُكَامًا فَتَرَى الْوَدْقَ يَخْرُجُ مِنْ خِلَالِهِ وَيُنَزِّلُ مِنَ السَّمَاءِ مِن جِبَالٍ فِيهَا مِن بَرَدٍ فَيُصِيبُ بِهِ مَن يَشَاءُ وَيَصْرِفُهُ عَن مَّن يَشَاءُ ۖ يَكَادُ سَنَا بَرْقِهِ يَذْهَبُ بِالْأَبْصَارِ [SEP] وَيُنَزِّلُ مِنَ السَّمَاءِ مِن جِبَالٍ,Low,0,الم تر ان الله يزجي سحابا ثم يؤلف بينه ثم يجعله ركاما فترا الودق يخرج من خلاله وينزل من السماء من جبال فيها من برد فيصيب به من يشاء ويصرفه عن من يشاء ۖ يكاد سنا برقه يذهب بالابصار [SEP] وينزل من السماء من جبال
ٱلَّذِينَ كَفَرُواْ وَصَدُّواْ عَن سَبِيلِ ٱللَّهِ أَضَلَّ أَعْمَٰلَهُمْ [SEP] أَضَلَّ أَعْمَٰلَهُمْ,Medium,1,الذين كفروا وصدوا عن سبيل الله اضل اعمالهم [SEP] اضل اعمالهم
وَالَّذِينَ يَسْعَوْنَ فِي آيَاتِنَا مُعَاجِزِينَ أُولَٰئِكَ فِي الْعَذَابِ مُحْضَرُونَ [SEP] وَالَّذِينَ يَسْعَوْنَ فِي آيَاتِنَا مُعَاجِزِينَ,High,2,والذين يسعون في اياتنا معاجزين اولائك في العذاب محضرون [SEP] والذين يسعون في اياتنا معاجزين
وَهَٰذَا كِتَٰبٌ أَنزَلْنَٰهُ مُبَارَكٌ مُّصَدِّقُ ٱلَّذِى بَيْنَ يَدَيْهِ وَلِتُنذِرَ أُمَّ ٱلْقُرَىٰ وَمَنْ حَوْلَهَا ۚ وَٱلَّذِينَ يُؤْمِنُونَ بِٱلْءَاخِرَةِ يُؤْمِنُونَ بِهِۦ ۖ وَهُمْ عَلَىٰ صَلَاتِهِمْ يُحَافِظُونَ [SEP] وَلِتُنذِرَ أُمَّ ٱلْقُرَىٰ وَمَنْ حَوْلَهَا,Medium,1,وهاذا كتاب انزلناه مبارك مصدق الذا بين يديه ولتنذر ام القرا ومن حولها ۚ والذين يؤمنون بالءاخرة يؤمنون بهۦ ۖ وهم علا صلاتهم يحافظون [SEP] ولتنذر ام القرا ومن حولها
وَمِنَ النَّاسِ مَنْ يَعْبُدُ اللَّهَ عَلَىٰ حَرْفٍ ۖ فَإِنْ أَصَابَهُ خَيْرٌ اطْمَأَنَّ بِهِ ۖ وَإِنْ أَصَابَتْهُ فِتْنَةٌ انقَلَبَ عَلَىٰ وَجْهِهِ [SEP] يَعْبُدُ اللَّهَ عَلَىٰ حَرْفٍ,High,2,ومن الناس من يعبد الله علا حرف ۖ فان اصابه خير اطمان به ۖ وان اصابته فتنة انقلب علا وجهه [SEP] يعبد الله علا حرف
يَٰٓأَهْلَ ٱلْكِتَٰبِ لِمَ تَلْبِسُونَ ٱلْحَقَّ بِٱلْبَٰطِلِ وَتَكْتُمُونَ ٱلْحَقَّ وَأَنتُمْ تَعْلَمُونَ [SEP] لِمَ تَلْبِسُونَ ٱلْحَقَّ بِٱلْبَٰطِلِ,Medium,1,يآاهل الكتاب لم تلبسون الحق بالباطل وتكتمون الحق وانتم تعلمون [SEP] لم تلبسون الحق بالباطل
ٱلَّذِينَ هُمْ فِى خَوْضٍ يَلْعَبُونَ [SEP] فِي خَوْضٍ يَلْعَبُونَ,High,2,الذين هم فا خوض يلعبون [SEP] في خوض يلعبون
تِلْكَ ٱلْقُرَىٰ نَقُصُّ عَلَيْكَ مِنْ أَنۢبَآئِهَا ۚ وَلَقَدْ جَآءَتْهُمْ رُسُلُهُم بِٱلْبَيِّنَٰتِ فَمَا كَانُوا۟ لِيُؤْمِنُوا۟ بِمَا كَذَّبُوا۟ مِن قَبْلُ ۚ كَذَٰلِكَ يَطْبَعُ ٱللَّهُ عَلَىٰ قُلُوبِ ٱلْكَٰفِرِينَ [SEP] يَطْبَعُ ٱللَّهُ عَلَىٰ قُلُوبِ ٱلْكَٰفِرِينَ,Medium,1,تلك القرا نقص عليك من انۢبآئها ۚ ولقد جآءتهم رسلهم بالبينات فما كانوا۟ ليؤمنوا۟ بما كذبوا۟ من قبل ۚ كذالك يطبع الله علا قلوب الكافرين [SEP] يطبع الله علا قلوب الكافرين
بَلَىٰ مَنْ أَسْلَمَ وَجْهَهُۥ لِلَّهِ وَهُوَ مُحْسِنٌ فَلَهُۥٓ أَجْرُهُۥ عِندَ رَبِّهِۦ وَلَا خَوْفٌ عَلَيْهِمْ وَلَا هُمْ يَحْزَنُونَ [SEP] أَسْلَمَ وَجْهَهُۥ لِلَّهِ,Medium,1,بلا من اسلم وجههۥ لله وهو محسن فلهۥٓ اجرهۥ عند ربهۦ ولا خوف عليهم ولا هم يحزنون [SEP] اسلم وجههۥ لله
وَكُلَّ إِنسَٰنٍ أَلْزَمْنَٰهُ طَٰٓئِرَهُۥ فِى عُنُقِهِۦ ۖ وَنُخْرِجُ لَهُۥ يَوْمَ ٱلْقِيَٰمَةِ كِتَٰبًا يَلْقَىٰهُ مَنشُورًا [SEP] أَلْزَمْنَٰهُ طَٰٓئِرَهُۥ فِى عُنُقِهِۦ,High,2,وكل انسان الزمناه طآئرهۥ فا عنقهۦ ۖ ونخرج لهۥ يوم القيامة كتابا يلقاه منشورا [SEP] الزمناه طآئرهۥ فا عنقهۦ
وَلَقَدْ أَرْسَلْنَا مُوسَىٰ بِـَٔايَٰتِنَآ أَنْ أَخْرِجْ قَوْمَكَ مِنَ ٱلظُّلُمَٰتِ إِلَى ٱلنُّورِ وَذَكِّرْهُم بِأَيَّىٰمِ ٱللَّهِ ۚ إِنَّ فِى ذَٰلِكَ لَءَايَٰتٍ لِّكُلِّ صَبَّارٍ شَكُورٍ [SEP] أَخْرِجْ قَوْمَكَ مِنَ ٱلظُّلُمَٰتِ إِلَى ٱلنُّورِ,Medium,1,ولقد ارسلنا موسا بـٔاياتنآ ان اخرج قومك من الظلمات الا النور وذكرهم بايام الله ۚ ان فا ذالك لءايات لكل صبار شكور [SEP] اخرج قومك من الظلمات الا النور
بَلْ قُلُوبُهُمْ فِي غَمْرَةٍ مِّنْ هَٰذَا وَلَهُمْ أَعْمَالٌ مِّن دُونِ ذَٰلِكَ هُمْ لَهَا عَامِلُونَ [SEP] بَلْ قُلُوبُهُمْ فِي غَمْرَةٍ,Low,0,بل قلوبهم في غمرة من هاذا ولهم اعمال من دون ذالك هم لها عاملون [SEP] بل قلوبهم في غمرة
يَا أَيُّهَا النَّاسُ قَدْ جَاءَتْكُم مَّوْعِظَةٌ مِّن رَّبِّكُمْ وَشِفَاءٌ لِّمَا فِي الصُّدُورِ وَهُدًى وَرَحْمَةٌ لِّلْمُؤْمِنِينَ [SEP] وَشِفَاءٌ لِّمَا فِي الصُّدُورِ,Medium,1,يا ايها الناس قد جاءتكم موعظة من ربكم وشفاء لما في الصدور وهدا ورحمة للمؤمنين [SEP] وشفاء لما في الصدور
لَا تَمُدَّنَّ عَيْنَيْكَ إِلَىٰ مَا مَتَّعْنَا بِهِۦٓ أَزْوَٰجًا مِّنْهُمْ وَلَا تَحْزَنْ عَلَيْهِمْ وَٱخْفِضْ جَنَاحَكَ لِلْمُؤْمِنِينَ [SEP] وَٱخْفِضْ جَنَاحَكَ لِلْمُؤْمِنِينَ,Medium,1,لا تمدن عينيك الا ما متعنا بهۦٓ ازواجا منهم ولا تحزن عليهم واخفض جناحك للمؤمنين [SEP] واخفض جناحك للمؤمنين
ٱلَّذِينَ يَنقُضُونَ عَهْدَ ٱللَّهِ مِنۢ بَعْدِ مِيثَٰقِهِۦ وَيَقْطَعُونَ مَآ أَمَرَ ٱللَّهُ بِهِۦٓ أَن يُوصَلَ وَيُفْسِدُونَ فِى ٱلْأَرْضِ ۚ أُو۟لَٰٓئِكَ هُمُ ٱلْخَٰسِرُونَ [SEP] يَنقُضُونَ عَهْدَ ٱللَّهِ,Medium,1,الذين ينقضون عهد الله منۢ بعد ميثاقهۦ ويقطعون مآ امر الله بهۦٓ ان يوصل ويفسدون فا الارض ۚ او۟لآئك هم الخاسرون [SEP] ينقضون عهد الله
وَإِن تُطِعْ أَكْثَرَ مَن فِى ٱلْأَرْضِ يُضِلُّوكَ عَن سَبِيلِ ٱللَّهِ ۚ إِن يَتَّبِعُونَ إِلَّا ٱلظَّنَّ وَإِنْ هُمْ إِلَّا يَخْرُصُونَ [SEP] يُضِلُّوكَ عَن سَبِيلِ ٱللَّهِ,Medium,1,وان تطع اكثر من فا الارض يضلوك عن سبيل الله ۚ ان يتبعون الا الظن وان هم الا يخرصون [SEP] يضلوك عن سبيل الله
وَقَالَ ٱلَّذِينَ ٱسْتُضْعِفُوا۟ لِلَّذِينَ ٱسْتَكْبَرُوا۟ بَلْ مَكْرُ ٱلَّيْلِ وَٱلنَّهَارِ إِذْ تَأْمُرُونَنَآ أَن نَّكْفُرَ بِٱللَّهِ وَنَجْعَلَ لَهُۥٓ أَندَادًا [SEP] بَلْ مَكْرُ اللَّيْلِ وَالنَّهَارِ,Medium,1,وقال الذين استضعفوا۟ للذين استكبروا۟ بل مكر اليل والنهار اذ تامروننآ ان نكفر بالله ونجعل لهۥٓ اندادا [SEP] بل مكر الليل والنهار
أَرَأَيْتَ مَنِ ٱتَّخَذَ إِلَٰهَهُۥ هَوَاهُ أَفَأَنتَ تَكُونُ عَلَيْهِ وَكِيلًا [SEP] أَرَأَيْتَ مَنِ اتَّخَذَ إِلَٰهَهُ هَوَاهُ,Medium,1,ارايت من اتخذ الاههۥ هواه افانت تكون عليه وكيلا [SEP] ارايت من اتخذ الاهه هواه
خَلَقَ ٱلسَّمَٰوَٰتِ وَٱلْأَرْضَ بِٱلْحَقِّ ۖ يُكَوِّرُ ٱلَّيْلَ عَلَى ٱلنَّهَارِ وَيُكَوِّرُ ٱلنَّهَارَ عَلَى ٱلَّيْلِ ۖ وَسَخَّرَ ٱلشَّمْسَ وَٱلْقَمَرَ ۖ كُلٌّ يَجْرِى لِأَجَلٍۢ مُّسَمًّى ۗ أَلَا هُوَ ٱلْعَزِيزُ ٱلْغَفَّارُ [SEP] يُكَوِّرُ اللَّيْلَ عَلَى النَّهَارِ وَيُكَوِّرُ النَّهَارَ عَلَى اللَّيْلِ,High,2,خلق السماوات والارض بالحق ۖ يكور اليل علا النهار ويكور النهار علا اليل ۖ وسخر الشمس والقمر ۖ كل يجرا لاجلۢ مسما ۗ الا هو العزيز الغفار [SEP] يكور الليل علا النهار ويكور النهار علا الليل
أَمْ حَسِبَ ٱلَّذِينَ فِى قُلُوبِهِم مَّرَضٌ أَن لَّن يُخْرِجَ ٱللَّهُ أَضْغَٰنَهُمْ [SEP] فِي قُلُوبِهِم مَّرَضٌ,Medium,1,ام حسب الذين فا قلوبهم مرض ان لن يخرج الله اضغانهم [SEP] في قلوبهم مرض
فَذَرْنِي وَمَن يُكَذِّبُ بِهَٰذَا الْحَدِيثِ ۖ سَنَسْتَدْرِجُهُم مِّنْ حَيْثُ لَا يَعْلَمُونَ [SEP] سَنَسْتَدْرِجُهُم مِّنْ حَيْثُ لَا يَعْلَمُونَ,Medium,1,فذرني ومن يكذب بهاذا الحديث ۖ سنستدرجهم من حيث لا يعلمون [SEP] سنستدرجهم من حيث لا يعلمون
سَنَفْرُغُ لَكُمْ أَيُّهَ ٱلثَّقَلَانِ [SEP] سَنَفْرُغُ لَكُمْ,High,2,سنفرغ لكم ايه الثقلان [SEP] سنفرغ لكم
أَيَوَدُّ أَحَدُكُمْ أَن تَكُونَ لَهُۥ جَنَّةٌ مِّن نَّخِيلٍ وَأَعْنَابٍ تَجْرِى مِن تَحْتِهَا ٱلْأَنْهَٰرُ لَهُۥ فِيهَا مِن كُلِّ ٱلثَّمَرَٰتِ وَأَصَابَهُ ٱلْكِبَرُ وَلَهُۥ ذُرِّيَّةٌ ضُعَفَآءُ فَأَصَابَهَآ إِعْصَارٌ فِيهِ نَارٌ فَٱحْتَرَقَتْ ۗ كَذَٰلِكَ يُبَيِّنُ ٱللَّهُ لَكُمُ ٱلْءَايَٰتِ لَعَلَّكُمْ تَتَفَكَّرُونَ [SEP] أَيَوَدُّ أَحَدُكُمْ أَن تَكُونَ لَهُۥ جَنَّةٌ ... فَأَصَابَهَآ إِعْصَارٌ فِيهِ نَارٌ فَٱحْتَرَقَتْ,High,2,ايود احدكم ان تكون لهۥ جنة من نخيل واعناب تجرا من تحتها الانهار لهۥ فيها من كل الثمرات واصابه الكبر ولهۥ ذرية ضعفآء فاصابهآ اعصار فيه نار فاحترقت ۗ كذالك يبين الله لكم الءايات لعلكم تتفكرون [SEP] ايود احدكم ان تكون لهۥ جنة ... فاصابهآ اعصار فيه نار فاحترقت
وَلَقَدْ نَعْلَمُ أَنَّكَ يَضِيقُ صَدْرُكَ بِمَا يَقُولُونَ [SEP] يَضِيقُ صَدْرُكَ,Medium,1,ولقد نعلم انك يضيق صدرك بما يقولون [SEP] يضيق صدرك
وَقَالُوا آمَنَّا بِهِ وَأَنَّىٰ لَهُمُ التَّنَاوُشُ مِن مَّكَانٍ بَعِيدٍ [SEP] وَأَنَّى لَهُمُ التَّنَاوُشُ مِنْ مَكَانٍ بَعِيدٍ,High,2,وقالوا امنا به وانا لهم التناوش من مكان بعيد [SEP] وانا لهم التناوش من مكان بعيد
وَلَقَدِ اسْتُهْزِئَ بِرُسُلٍ مِّن قَبْلِكَ فَحَاقَ بِالَّذِينَ سَخِرُوا مِنْهُم مَّا كَانُوا بِهِ يَسْتَهْزِئُونَ [SEP] مَّا كَانُوا بِهِ يَسْتَهْزِئُونَ,Medium,1,ولقد استهزئ برسل من قبلك فحاق بالذين سخروا منهم ما كانوا به يستهزئون [SEP] ما كانوا به يستهزئون
ٱلَّذِينَ يَأْكُلُونَ ٱلرِّبَوٰا۟ لَا يَقُومُونَ إِلَّا كَمَا يَقُومُ ٱلَّذِى يَتَخَبَّطُهُ ٱلشَّيْطَٰنُ مِنَ ٱلْمَسِّ [SEP] ٱلَّذِينَ يَأْكُلُونَ ٱلرِّبَوٰا۟,Medium,1,الذين ياكلون الربواا۟ لا يقومون الا كما يقوم الذا يتخبطه الشيطان من المس [SEP] الذين ياكلون الربواا۟
وَجَآءَتْ سَيَّارَةٌ فَأَرْسَلُوا۟ وَارِدَهُمْ فَأَدْلَىٰ دَلْوَهُۥ ۖ قَالَ يَٰبُشْرَىٰ هَٰذَا غُلَٰمٌ ۚ وَأَسَرُّوهُ بِضَٰعَةً ۚ وَٱللَّهُ عَلِيمٌۢ بِمَا يَعْمَلُونَ [SEP] يَٰبُشْرَىٰ هَٰذَا غُلَٰمٌ,Medium,1,وجآءت سيارة فارسلوا۟ واردهم فادلا دلوهۥ ۖ قال يابشرا هاذا غلام ۚ واسروه بضاعة ۚ والله عليمۢ بما يعملون [SEP] يابشرا هاذا غلام
اللَّهُ نَزَّلَ أَحْسَنَ الْحَدِيثِ كِتَابًا مُّتَشَابِهًا مَّثَانِيَ تَقْشَعِرُّ مِنْهُ جُلُودُ الَّذِينَ يَخْشَوْنَ رَبَّهُمْ ثُمَّ تَلِينُ جُلُودُهُمْ وَقُلُوبُهُمْ إِلَىٰ ذِكْرِ اللَّهِ ۚ ذَٰلِكَ هُدَى اللَّهِ يَهْدِي بِهِ مَن يَشَاءُ ۚ وَمَن يُضْلِلِ اللَّهُ فَمَا لَهُ مِنْ هَادٍ [SEP] ثُمَّ تَلِينُ جُلُودُهُمْ وَقُلُوبُهُمْ,Medium,1,الله نزل احسن الحديث كتابا متشابها مثاني تقشعر منه جلود الذين يخشون ربهم ثم تلين جلودهم وقلوبهم الا ذكر الله ۚ ذالك هدا الله يهدي به من يشاء ۚ ومن يضلل الله فما له من هاد [SEP] ثم تلين جلودهم وقلوبهم
وَأَنِ اعْبُدُونِي ۚ هَٰذَا صِرَاطٌ مُّسْتَقِيمٌ [SEP] هَٰذَا صِرَاطٌ مُّسْتَقِيمٌ,Medium,1,وان اعبدوني ۚ هاذا صراط مستقيم [SEP] هاذا صراط مستقيم
وَأَمَّا مَنْ خَفَّتْ مَوَازِينُهُۥ [SEP] وَأَمَّا مَنْ خَفَّتْ مَوَازِينُهُ,Medium,1,واما من خفت موازينهۥ [SEP] واما من خفت موازينه
فَلَمَّا تَرَآءَتِ ٱلْفِئَتَانِ نَكَصَ عَلَىٰ عَقِبَيْهِ [SEP] نَكَصَ عَلَىٰ عَقِبَيْهِ,High,2,فلما ترآءت الفئتان نكص علا عقبيه [SEP] نكص علا عقبيه
لَّا تَجِدُ قَوْمًا يُؤْمِنُونَ بِٱللَّهِ وَٱلْيَوْمِ ٱلْءَاخِرِ يُوَآدُّونَ مَنْ حَآدَّ ٱللَّهَ وَرَسُولَهُۥ وَلَوْ كَانُوٓا۟ ءَابَآءَهُمْ أَوْ أَبْنَآءَهُمْ أَوْ إِخْوَٰنَهُمْ أَوْ عَشِيرَتَهُمْ ۚ أُو۟لَٰٓئِكَ كَتَبَ فِى قُلُوبِهِمُ ٱلْإِيمَٰنَ وَأَيَّدَهُم بِرُوحٍ مِّنْهُ ۖ وَيُدْخِلُهُمْ جَنَّٰتٍ تَجْرِى مِن تَحْتِهَا ٱلْأَنْهَٰرُ خَٰلِدِينَ فِيهَا ۚ رَضِىَ ٱللَّهُ عَنْهُمْ وَرَضُوا۟ عَنْهُ ۚ أُو۟لَٰٓئِكَ حِزْبُ ٱللَّهِ ۚ أَلَآ إِنَّ حِزْبَ ٱللَّهِ هُمُ ٱلْمُفْلِحُونَ [SEP] كَتَبَ فِي قُلُوبِهِمُ الْإِيمَانَ,Medium,1,لا تجد قوما يؤمنون بالله واليوم الءاخر يوآدون من حآد الله ورسولهۥ ولو كانوٓا۟ ءابآءهم او ابنآءهم او اخوانهم او عشيرتهم ۚ او۟لآئك كتب فا قلوبهم الايمان وايدهم بروح منه ۖ ويدخلهم جنات تجرا من تحتها الانهار خالدين فيها ۚ رضا الله عنهم ورضوا۟ عنه ۚ او۟لآئك حزب الله ۚ الآ ان حزب الله هم المفلحون [SEP] كتب في قلوبهم الايمان
أَفَرَأَيْتَ مَنِ ٱتَّخَذَ إِلَٰهَهُۥ هَوَىٰهُ [SEP] اتَّخَذَ إِلَٰهَهُ هَوَىٰهُ,High,2,افرايت من اتخذ الاههۥ هواه [SEP] اتخذ الاهه هواه
إِنَّ رَبَّكُمُ ٱللَّهُ ٱلَّذِى خَلَقَ ٱلسَّمَٰوَٰتِ وَٱلْأَرْضَ فِى سِتَّةِ أَيَّامٍ ثُمَّ ٱسْتَوَىٰ عَلَى ٱلْعَرْشِ ۖ يُدَبِّرُ ٱلْأَمْرَ ۖ مَا مِن شَفِيعٍ إِلَّا مِنۢ بَعْدِ إِذْنِهِۦ ۚ ذَٰلِكُمُ ٱللَّهُ رَبُّكُمْ فَٱعْبُدُوهُ ۚ أَفَلَا تَذَكَّرُونَ [SEP] ثُمَّ ٱسْتَوَىٰ عَلَى ٱلْعَرْشِ,High,2,ان ربكم الله الذا خلق السماوات والارض فا ستة ايام ثم استوا علا العرش ۖ يدبر الامر ۖ ما من شفيع الا منۢ بعد اذنهۦ ۚ ذالكم الله ربكم فاعبدوه ۚ افلا تذكرون [SEP] ثم استوا علا العرش
يَهْدِى بِهِ ٱللَّهُ مَنِ ٱتَّبَعَ رِضْوَٰنَهُۥ سُبُلَ ٱلسَّلَٰمِ وَيُخْرِجُهُم مِّنَ ٱلظُّلُمَٰتِ إِلَى ٱلنُّورِ بِإِذْنِهِۦ وَيَهْدِيهِمْ إِلَىٰ صِرَٰطٍ مُّسْتَقِيمٍ [SEP] وَيُخْرِجُهُم مِّنَ ٱلظُّلُمَٰتِ إِلَى ٱلنُّورِ,Low,0,يهدا به الله من اتبع رضوانهۥ سبل السلام ويخرجهم من الظلمات الا النور باذنهۦ ويهديهم الا صراط مستقيم [SEP] ويخرجهم من الظلمات الا النور
مَن ذَا ٱلَّذِى يُقْرِضُ ٱللَّهَ قَرْضًا حَسَنًا فَيُضَٰعِفَهُۥ لَهُۥ وَلَهُۥٓ أَجْرٌ كَرِيمٌ [SEP] مَن ذَا ٱلَّذِى يُقْرِضُ ٱللَّهَ قَرْضًا حَسَنًا,High,2,من ذا الذا يقرض الله قرضا حسنا فيضاعفهۥ لهۥ ولهۥٓ اجر كريم [SEP] من ذا الذا يقرض الله قرضا حسنا
كُلُّ نَفْسٍ ذَائِقَةُ الْمَوْتِ [SEP] كُلُّ نَفْسٍ ذَائِقَةُ الْمَوْتِ,Medium,1,كل نفس ذائقة الموت [SEP] كل نفس ذائقة الموت
يَٰٓأَيُّهَا ٱلرَّسُولُ لَا يَحْزُنكَ ٱلَّذِينَ يُسَٰرِعُونَ فِى ٱلْكُفْرِ مِنَ ٱلَّذِينَ قَالُوٓا۟ ءَامَنَّا بِأَفْوَٰهِهِمْ وَلَمْ تُؤْمِن قُلُوبُهُمْ [SEP] يُسَٰرِعُونَ فِى ٱلْكُفْرِ,Medium,1,يآايها الرسول لا يحزنك الذين يسارعون فا الكفر من الذين قالوٓا۟ ءامنا بافواههم ولم تؤمن قلوبهم [SEP] يسارعون فا الكفر
وَجَعَلْنَا ٱلَّيْلَ وَٱلنَّهَارَ ءَايَتَيْنِ ۖ فَمَحَوْنَآ ءَايَةَ ٱلَّيْلِ وَجَعَلْنَآ ءَايَةَ ٱلنَّهَارِ مُبْصِرَةً لِّتَبْتَغُوا۟ فَضْلًا مِّن رَّبِّكُمْ وَلِتَعْلَمُوا۟ عَدَدَ ٱلسِّنِينَ وَٱلْحِسَابَ ۚ وَكُلَّ شَىْءٍ فَصَّلْنَٰهُ تَفْصِيلًا [SEP] فَمَحَوْنَآ ءَايَةَ ٱلَّيْلِ وَجَعَلْنَآ ءَايَةَ ٱلنَّهَارِ مُبْصِرَةً,Medium,1,وجعلنا اليل والنهار ءايتين ۖ فمحونآ ءاية اليل وجعلنآ ءاية النهار مبصرة لتبتغوا۟ فضلا من ربكم ولتعلموا۟ عدد السنين والحساب ۚ وكل شاء فصلناه تفصيلا [SEP] فمحونآ ءاية اليل وجعلنآ ءاية النهار مبصرة
عَسَىٰ رَبُّكُمْ أَن يَرْحَمَكُمْ ۚ وَإِنْ عُدتُّمْ عُدْنَا ۘ وَجَعَلْنَا جَهَنَّمَ لِلْكَافِرِينَ حَصِيرًا [SEP] وَجَعَلْنَا جَهَنَّمَ لِلْكَٰفِرِينَ حَصِيرًا,Medium,1,عسا ربكم ان يرحمكم ۚ وان عدتم عدنا ۘ وجعلنا جهنم للكافرين حصيرا [SEP] وجعلنا جهنم للكافرين حصيرا
أَوَمَن كَانَ مَيْتًا فَأَحْيَيْنَٰهُ وَجَعَلْنَا لَهُۥ نُورًا يَمْشِى بِهِۦ فِى ٱلنَّاسِ كَمَن مَّثَلُهُۥ فِى ٱلظُّلُمَٰتِ لَيْسَ بِخَارِجٍ مِّنْهَا ۚ كَذَٰلِكَ زُيِّنَ لِلْكَٰفِرِينَ مَا كَانُوا۟ يَعْمَلُونَ [SEP] أَوَمَن كَانَ مَيْتًا فَأَحْيَيْنَٰهُ وَجَعَلْنَا لَهُۥ نُورًا يَمْشِى بِهِۦ فِى ٱلنَّاسِ كَمَن مَّثَلُهُۥ فِى ٱلظُّلُمَٰتِ لَيْسَ بِخَارِجٍ مِّنْهَا,High,2,اومن كان ميتا فاحييناه وجعلنا لهۥ نورا يمشا بهۦ فا الناس كمن مثلهۥ فا الظلمات ليس بخارج منها ۚ كذالك زين للكافرين ما كانوا۟ يعملون [SEP] اومن كان ميتا فاحييناه وجعلنا لهۥ نورا يمشا بهۦ فا الناس كمن مثلهۥ فا الظلمات ليس بخارج منها
وَمَن يَعْشُ عَن ذِكْرِ ٱلرَّحْمَٰنِ نُقَيِّضْ لَهُۥ شَيْطَٰنًا فَهُوَ لَهُۥ قَرِينٌ [SEP] وَمَن يَعْشُ عَن ذِكْرِ الرَّحْمَٰنِ,High,2,ومن يعش عن ذكر الرحمان نقيض لهۥ شيطانا فهو لهۥ قرين [SEP] ومن يعش عن ذكر الرحمان
ثُمَّ قِيلَ لِلَّذِينَ ظَلَمُوا۟ ذُوقُوا۟ عَذَابَ ٱلْخُلْدِ هَلْ تُجْزَوْنَ إِلَّا بِمَا كُنتُمْ تَكْسِبُونَ [SEP] ذُوقُوا۟,Medium,1,ثم قيل للذين ظلموا۟ ذوقوا۟ عذاب الخلد هل تجزون الا بما كنتم تكسبون [SEP] ذوقوا۟
وَأَدْخَلْنَاهُمْ فِي رَحْمَتِنَا ۖ إِنَّهُم مِّنَ الصَّالِحِينَ [SEP] وَأَدْخَلْنَاهُمْ فِي رَحْمَتِنَا,Medium,1,وادخلناهم في رحمتنا ۖ انهم من الصالحين [SEP] وادخلناهم في رحمتنا
وَمَكَرُوا۟ وَمَكَرَ ٱللَّهُ ۖ وَٱللَّهُ خَيْرُ ٱلْمَٰكِرِينَ [SEP] وَمَكَرَ ٱللَّهُ,Medium,1,ومكروا۟ ومكر الله ۖ والله خير الماكرين [SEP] ومكر الله
إِذْ جَاءُوكُم مِّن فَوْقِكُمْ وَمِنْ أَسْفَلَ مِنكُمْ وَإِذْ زَاغَتِ الْأَبْصَارُ وَبَلَغَتِ الْقُلُوبُ الْحَنَاجِرَ وَتَظُنُّونَ بِاللَّهِ الظُّنُونَا [SEP] وَبَلَغَتِ الْقُلُوبُ الْحَنَاجِرَ,High,2,اذ جاءوكم من فوقكم ومن اسفل منكم واذ زاغت الابصار وبلغت القلوب الحناجر وتظنون بالله الظنونا [SEP] وبلغت القلوب الحناجر
إِلَّا كُتِبَ لَهُم بِهِۦ عَمَلٌ صَٰلِحٌ [SEP] إِلَّا كُتِبَ لَهُم بِهِۦ عَمَلٌ صَٰلِحٌ,Medium,1,الا كتب لهم بهۦ عمل صالح [SEP] الا كتب لهم بهۦ عمل صالح
وَلَقَدۡ صَدَّقَ عَلَيۡهِمۡ إِبۡلِيسُ ظَنَّهُۥ فَٱتَّبَعُوهُ إِلَّا فَرِيقٗا مِّنَ ٱلۡمُؤۡمِنِينَ [SEP] وَلَقَدْ صَدَّقَ عَلَيْهِمْ إِبْلِيسُ ظَنَّهُ,High,2,ولقدۡ صدق عليۡهمۡ ابۡليس ظنهۥ فاتبعوه الا فريقٗا من الۡمؤۡمنين [SEP] ولقد صدق عليهم ابليس ظنه
وَإِذَا الْعِشَارُ عُطِّلَتْ [SEP] وَإِذَا الْعِشَارُ عُطِّلَتْ,High,2,واذا العشار عطلت [SEP] واذا العشار عطلت
ثُمَّ لَءَاتِيَنَّهُم مِّنۢ بَيْنِ أَيْدِيهِمْ وَمِنْ خَلْفِهِمْ وَعَنْ أَيْمَٰنِهِمْ وَعَن شَمَآئِلِهِمْ ۖ وَلَا تَجِدُ أَكْثَرَهُمْ شَٰكِرِينَ [SEP] لَءَاتِيَنَّهُم مِّنۢ بَيْنِ أَيْدِيهِمْ وَمِنْ خَلْفِهِمْ وَعَنْ أَيْمَٰنِهِمْ وَعَن شَمَآئِلِهِمْ,High,2,ثم لءاتينهم منۢ بين ايديهم ومن خلفهم وعن ايمانهم وعن شمآئلهم ۖ ولا تجد اكثرهم شاكرين [SEP] لءاتينهم منۢ بين ايديهم ومن خلفهم وعن ايمانهم وعن شمآئلهم
ٱلَّذِينَ هُمْ فِى غَمْرَةٍ سَاهُونَ [SEP] فِى غَمْرَةٍ,Medium,1,الذين هم فا غمرة ساهون [SEP] فا غمرة
حَتَّىٰٓ إِذَا مَا جَآءُوهَا شَهِدَ عَلَيْهِمْ سَمْعُهُمْ وَأَبْصَٰرُهُمْ وَجُلُودُهُم بِمَا كَانُواْ يَعْمَلُونَ [SEP] شَهِدَ عَلَيْهِمْ سَمْعُهُمْ وَأَبْصَارُهُمْ وَجُلُودُهُمْ,Medium,1,حتآ اذا ما جآءوها شهد عليهم سمعهم وابصارهم وجلودهم بما كانوا يعملون [SEP] شهد عليهم سمعهم وابصارهم وجلودهم
يَٰٓأَيُّهَا ٱلَّذِينَ ءَامَنُوا۟ ٱسْتَجِيبُوا۟ لِلَّهِ وَلِلرَّسُولِ إِذَا دَعَاكُمْ لِمَا يُحْيِيكُمْ ۖ وَٱعْلَمُوٓا۟ أَنَّ ٱللَّهَ يَحُولُ بَيْنَ ٱلْمَرْءِ وَقَلْبِهِۦ وَأَنَّهُۥٓ إِلَيْهِ تُحْشَرُونَ [SEP] إِذَا دَعَاكُمْ لِمَا يُحْيِيكُمْ,Medium,1,يآايها الذين ءامنوا۟ استجيبوا۟ لله وللرسول اذا دعاكم لما يحييكم ۖ واعلموٓا۟ ان الله يحول بين المرء وقلبهۦ وانهۥٓ اليه تحشرون [SEP] اذا دعاكم لما يحييكم
وَالَّذِينَ سَعَوْا فِي آيَاتِنَا مُعَاجِزِينَ أُولَٰئِكَ أَصْحَابُ الْجَحِيمِ [SEP] سَعَوْا فِي آيَاتِنَا مُعَاجِزِينَ,Medium,1,والذين سعوا في اياتنا معاجزين اولائك اصحاب الجحيم [SEP] سعوا في اياتنا معاجزين
وَلَمَّا سَكَتَ عَن مُّوسَى ٱلْغَضَبُ أَخَذَ ٱلْأَلْوَاحَ ۖ وَفِى نُسْخَتِهَا هُدًى وَرَحْمَةٌ لِّلَّذِينَ هُمْ لِرَبِّهِمْ يَرْهَبُونَ [SEP] وَلَمَّا سَكَتَ عَن مُّوسَى ٱلْغَضَبُ,Medium,1,ولما سكت عن موسا الغضب اخذ الالواح ۖ وفا نسختها هدا ورحمة للذين هم لربهم يرهبون [SEP] ولما سكت عن موسا الغضب
ٱلَّذِينَ ٱتَّخَذُوا۟ دِينَهُمْ لَهْوًا وَلَعِبًا وَغَرَّتْهُمُ ٱلْحَيَوٰةُ ٱلدُّنْيَا ۚ فَالْيَوْمَ نَنسَاهُمْ كَمَا نَسُوا۟ لِقَآءَ يَوْمِهِمْ هَٰذَا وَمَا كَانُوا۟ بِـَٔايَٰتِنَا يَجْحَدُونَ [SEP] فَالْيَوْمَ نَنسَاهُمْ كَمَا نَسُوا لِقَاءَ يَوْمِهِمْ هَٰذَا,Medium,1,الذين اتخذوا۟ دينهم لهوا ولعبا وغرتهم الحيواة الدنيا ۚ فاليوم ننساهم كما نسوا۟ لقآء يومهم هاذا وما كانوا۟ بـٔاياتنا يجحدون [SEP] فاليوم ننساهم كما نسوا لقاء يومهم هاذا
إِنَّ شَرَّ ٱلدَّوَآبِّ عِندَ ٱللَّهِ ٱلَّذِينَ كَفَرُوا۟ فَهُمْ لَا يُؤْمِنُونَ [SEP] إِنَّ شَرَّ ٱلدَّوَآبِّ... ٱلَّذِينَ كَفَرُوا۟,Medium,1,ان شر الدوآب عند الله الذين كفروا۟ فهم لا يؤمنون [SEP] ان شر الدوآب... الذين كفروا۟
قَدْ جَآءَكُم بَصَآئِرُ مِن رَّبِّكُمْ ۖ فَمَنْ أَبْصَرَ فَلِنَفْسِهِۦ ۖ وَمَنْ عَمِىَ فَعَلَيْهَا ۚ وَمَآ أَنَا۠ عَلَيْكُم بِحَفِيظٍ [SEP] قَدْ جَاءَكُم بَصَائِرُ مِن رَّبِّكُمْ,Medium,1,قد جآءكم بصآئر من ربكم ۖ فمن ابصر فلنفسهۦ ۖ ومن عما فعليها ۚ ومآ انا۠ عليكم بحفيظ [SEP] قد جاءكم بصائر من ربكم
قَالُوا رَبَّنَا غَلَبَتْ عَلَيْنَا شِقْوَتُنَا وَكُنَّا قَوْمًا ضَالِّينَ [SEP] غَلَبَتْ عَلَيْنَا شِقْوَتُنَا,Medium,1,قالوا ربنا غلبت علينا شقوتنا وكنا قوما ضالين [SEP] غلبت علينا شقوتنا
إِنَّمَا يُرِيدُ ٱلشَّيْطَٰنُ أَن يُوقِعَ بَيْنَكُمُ ٱلْعَدَٰوَةَ وَٱلْبَغْضَآءَ فِى ٱلْخَمْرِ وَٱلْمَيْسِرِ وَيَصُدَّكُمْ عَن ذِكْرِ ٱللَّهِ وَعَنِ ٱلصَّلَوٰةِ ۖ فَهَلْ أَنتُم مُّنتَهُونَ [SEP] أَن يُوقِعَ بَيْنَكُمُ ٱلْعَدَٰوَةَ وَٱلْبَغْضَآءَ,Medium,1,انما يريد الشيطان ان يوقع بينكم العداوة والبغضآء فا الخمر والميسر ويصدكم عن ذكر الله وعن الصلواة ۖ فهل انتم منتهون [SEP] ان يوقع بينكم العداوة والبغضآء
فَرِيقًا هَدَىٰ وَفَرِيقًا حَقَّ عَلَيْهِمُ ٱلضَّلَٰلَةُ ۗ إِنَّهُمُ ٱتَّخَذُوا۟ ٱلشَّيَٰطِينَ أَوْلِيَآءَ مِن دُونِ ٱللَّهِ وَيَحْسَبُونَ أَنَّهُم مُّهْتَدُونَ [SEP] إِنَّهُمُ ٱتَّخَذُوا۟ ٱلشَّيَٰطِينَ أَوْلِيَآءَ مِن دُونِ ٱللَّهِ,High,2,فريقا هدا وفريقا حق عليهم الضلالة ۗ انهم اتخذوا۟ الشياطين اوليآء من دون الله ويحسبون انهم مهتدون [SEP] انهم اتخذوا۟ الشياطين اوليآء من دون الله
لَقَدْ مَنَّ ٱللَّهُ عَلَى ٱلْمُؤْمِنِينَ إِذْ بَعَثَ فِيهِمْ رَسُولًا مِّنْ أَنفُسِهِمْ يَتْلُوا۟ عَلَيْهِمْ ءَايَٰتِهِۦ وَيُزَكِّيهِمْ وَيُعَلِّمُهُمُ ٱلْكِتَٰبَ وَٱلْحِكْمَةَ وَإِن كَانُوا۟ مِن قَبْلُ لَفِى ضَلَٰلٍ مُّبِينٍ [SEP] لَفِى ضَلَٰلٍ مُّبِينٍ,Medium,1,لقد من الله علا المؤمنين اذ بعث فيهم رسولا من انفسهم يتلوا۟ عليهم ءاياتهۦ ويزكيهم ويعلمهم الكتاب والحكمة وان كانوا۟ من قبل لفا ضلال مبين [SEP] لفا ضلال مبين
fَٱسْتَمْسِكْ بِٱلَّذِىٓ أُوحِىَ إِلَيْكَ ۖ إِنَّكَ عَلَىٰ صِرَٰطٍۢ مُّسْتَقِيمٍ [SEP] فَاسْتَمْسِكْ بِالَّذِي أُوحِيَ إِلَيْكَ إِنَّكَ عَلَى صِرَاطٍ مُسْتَقِيمٍ,Medium,1,fاستمسك بالذآ اوحا اليك ۖ انك علا صراطۢ مستقيم [SEP] فاستمسك بالذي اوحي اليك انك علا صراط مستقيم
يَتَجَرَّعُهُۥ وَلَا يَكَادُ يُسِيغُهُۥ وَيَأْتِيهِ ٱلْمَوْتُ مِن كُلِّ مَكَانٍ وَمَا هُوَ بِمَيِّتٍ ۖ وَمِن وَرَآئِهِۦ عَذَابٌ غَلِيظٌ [SEP] وَيَأْتِيهِ ٱلْمَوْتُ مِن كُلِّ مَكَانٍ,Medium,1,يتجرعهۥ ولا يكاد يسيغهۥ وياتيه الموت من كل مكان وما هو بميت ۖ ومن ورآئهۦ عذاب غليظ [SEP] وياتيه الموت من كل مكان
فَأَوْحَيْنَا إِلَيْهِ أَنِ اصْنَعِ الْفُلْكَ بِأَعْيُنِنَا وَوَحْيِنَا فَإِذَا جَاءَ أَمْرُنَا وَفَارَ التَّنُّورُ ۙ فَاسْلُكْ فِيهَا مِن كُلٍّ زَوْجَيْنِ اثْنَيْنِ وَأَهْلَكَ إِلَّا مَن سَبَقَ عَلَيْهِ الْقَوْلُ مِنْهُمْ ۖ وَلَا تُخَاطِبْنِي فِي الَّذِينَ ظَلَمُوا ۖ إِنَّهُم مُّغْرَقُونَ [SEP] وَفَارَ التَّنُّورُ,High,2,فاوحينا اليه ان اصنع الفلك باعيننا ووحينا فاذا جاء امرنا وفار التنور ۙ فاسلك فيها من كل زوجين اثنين واهلك الا من سبق عليه القول منهم ۖ ولا تخاطبني في الذين ظلموا ۖ انهم مغرقون [SEP] وفار التنور
بِأَنَّ رَبَّكَ أَوْحَىٰ لَهَا [SEP] {بِأَنَّ رَبَّكَ أَوْحَىٰ لَهَا},Medium,1,بان ربك اوحا لها [SEP] {بان ربك اوحا لها}
يَٰحَسْرَةً عَلَى ٱلْعِبَادِ ۚ مَا يَأْتِيهِم مِّن رَّسُولٍ إِلَّا كَانُوا۟ بِهِۦ يَسْتَهْزِءُونَ [SEP] يَا حَسْرَةً عَلَى الْعِبَادِ,Medium,1,ياحسرة علا العباد ۚ ما ياتيهم من رسول الا كانوا۟ بهۦ يستهزءون [SEP] يا حسرة علا العباد
فَفَتَحْنَآ أَبْوَٰبَ ٱلسَّمَآءِ بِمَآءٍ مُّنْهَمِرٍ [SEP] فَفَتَحْنَآ أَبْوَٰبَ ٱلسَّمَآءِ,Medium,1,ففتحنآ ابواب السمآء بمآء منهمر [SEP] ففتحنآ ابواب السمآء
ٱلۡقَارِعَةُ [SEP] ٱلۡقَارِعَةُ,Medium,1,الۡقارعة [SEP] الۡقارعة
فَإِن زَلَلْتُم مِّنۢ بَعْدِ مَا جَآءَتْكُمُ ٱلْبَيِّنَٰتُ فَٱعْلَمُوٓا۟ أَنَّ ٱللَّهَ عَزِيزٌ حَكِيمٌ [SEP] فَإِن زَلَلْتُم,Medium,1,فان زللتم منۢ بعد ما جآءتكم البينات فاعلموٓا۟ ان الله عزيز حكيم [SEP] فان زللتم
الَّذِينَ كَانَتْ أَعْيُنُهُمْ فِي غِطَاءٍ عَن ذِكْرِي وَكَانُوا لَا يَسْتَطِيعُونَ سَمْعًا [SEP] كَانَتْ أَعْيُنُهُمْ فِي غِطَاءٍ,High,2,الذين كانت اعينهم في غطاء عن ذكري وكانوا لا يستطيعون سمعا [SEP] كانت اعينهم في غطاء
ٱلَّذِينَ ءَامَنُوا۟ وَلَمْ يَلْبِسُوٓا۟ إِيمَٰنَهُم بِظُلْمٍ أُو۟لَٰٓئِكَ لَهُمُ ٱلْأَمْنُ وَهُم مُّهْتَدُونَ [SEP] وَلَمْ يَلْبِسُوٓا۟ إِيمَٰنَهُم بِظُلْمٍ,Medium,1,الذين ءامنوا۟ ولم يلبسوٓا۟ ايمانهم بظلم او۟لآئك لهم الامن وهم مهتدون [SEP] ولم يلبسوٓا۟ ايمانهم بظلم
قُل لِّمَن مَّا فِى ٱلسَّمَٰوَٰتِ وَٱلْأَرْضِ ۖ قُل لِّلَّهِ ۚ كَتَبَ عَلَىٰ نَفْسِهِ ٱلرَّحْمَةَ ۚ لَيَجْمَعَنَّكُمْ إِلَىٰ يَوْمِ ٱلْقِيَٰمَةِ لَا رَيْبَ فِيهِ ۚ ٱلَّذِينَ خَسِرُوٓا۟ أَنفُسَهُمْ فَهُمْ لَا يُؤْمِنُونَ [SEP] ٱلَّذِينَ خَسِرُوٓا۟ أَنفُسَهُمْ,Low,0,قل لمن ما فا السماوات والارض ۖ قل لله ۚ كتب علا نفسه الرحمة ۚ ليجمعنكم الا يوم القيامة لا ريب فيه ۚ الذين خسروٓا۟ انفسهم فهم لا يؤمنون [SEP] الذين خسروٓا۟ انفسهم
قَالَ ٱلْمَلَأُ مِن قَوْمِهِۦٓ إِنَّا لَنَرَىٰكَ فِى ضَلَٰلٍ مُّبِينٍ [SEP] فِى ضَلَٰلٍ مُّبِينٍ,Medium,1,قال الملا من قومهۦٓ انا لنراك فا ضلال مبين [SEP] فا ضلال مبين
وَمَا تَكُونُ فِي شَأْنٍ وَمَا تَتْلُو مِنْهُ مِن قُرْآنٍ وَلَا تَعْمَلُونَ مِنْ عَمَلٍ إِلَّا كُنَّا عَلَيْكُمْ شُهُودًا إِذْ تُفِيضُونَ فِيهِ [SEP] إِذْ تُفِيضُونَ فِيهِ,Medium,1,وما تكون في شان وما تتلو منه من قران ولا تعملون من عمل الا كنا عليكم شهودا اذ تفيضون فيه [SEP] اذ تفيضون فيه
لَهُم مِّن جَهَنَّمَ مِهَادٌ وَمِن فَوْقِهِمْ غَوَاشٍ ۚ وَكَذَٰلِكَ نَجْزِى ٱلظَّٰلِمِينَ [SEP] لَهُم مِّن جَهَنَّمَ مِهَادٌ وَمِن فَوْقِهِمْ غَوَاشٍ,Medium,1,لهم من جهنم مهاد ومن فوقهم غواش ۚ وكذالك نجزا الظالمين [SEP] لهم من جهنم مهاد ومن فوقهم غواش
وَٱخْفِضْ لَهُمَا جَنَاحَ ٱلذُّلِّ مِنَ ٱلرَّحْمَةِ وَقُل رَّبِّ ٱرْحَمْهُمَا كَمَا رَبَّيَانِى صَغِيرًا [SEP] وَٱخْفِضْ لَهُمَا جَنَاحَ ٱلذُّلِّ,Medium,1,واخفض لهما جناح الذل من الرحمة وقل رب ارحمهما كما ربيانا صغيرا [SEP] واخفض لهما جناح الذل
ٱلَّذِينَ يَلْمِزُونَ ٱلْمُطَّوِّعِينَ مِنَ ٱلْمُؤْمِنِينَ فِى ٱلصَّدَقَٰتِ وَٱلَّذِينَ لَا يَجِدُونَ إِلَّا جُهْدَهُمْ فَيَسْخَرُونَ مِنْهُمْ ۙ سَخِرَ ٱللَّهُ مِنْهُمْ وَلَهُمْ عَذَابٌ أَلِيمٌ [SEP] سَخِرَ ٱللَّهُ مِنْهُمْ,Medium,1,الذين يلمزون المطوعين من المؤمنين فا الصدقات والذين لا يجدون الا جهدهم فيسخرون منهم ۙ سخر الله منهم ولهم عذاب اليم [SEP] سخر الله منهم
فَإِذَا بَرِقَ ٱلْبَصَرُ [SEP] بَرِقَ الْبَصَرُ,Medium,1,فاذا برق البصر [SEP] برق البصر
فَبِمَا نَقْضِهِم مِّيثَٰقَهُمْ لَعَنَّٰهُمْ وَجَعَلْنَا قُلُوبَهُمْ قَٰسِيَةً يُحَرِّفُونَ ٱلْكَلِمَ عَن مَّوَاضِعِهِۦ وَنَسُوا۟ حَظًّا مِّمَّا ذُكِّرُوا۟ بِهِۦ وَلَا تَزَالُ تَطَّلِعُ عَلَىٰ خَآئِنَةٍ مِّنْهُمْ إِلَّا قَلِيلًا مِّنْهُمْ فَٱعْفُ عَنْهُمْ وَٱصْفَحْ إِنَّ ٱللَّهَ يُحِبُّ ٱلْمُحْسِنِينَ [SEP] وَجَعَلْنَا قُلُوبَهُمْ قَٰسِيَةً,Medium,1,فبما نقضهم ميثاقهم لعناهم وجعلنا قلوبهم قاسية يحرفون الكلم عن مواضعهۦ ونسوا۟ حظا مما ذكروا۟ بهۦ ولا تزال تطلع علا خآئنة منهم الا قليلا منهم فاعف عنهم واصفح ان الله يحب المحسنين [SEP] وجعلنا قلوبهم قاسية
وَإِذَا ٱلۡجِبَالُ سُيِّرَتۡ [SEP] وَإِذَا الْجِبَالُ سُيِّرَتْ,Medium,1,واذا الۡجبال سيرتۡ [SEP] واذا الجبال سيرت
وَمَا يُغۡنِي عَنۡهُ مَالُهُۥٓ إِذَا تَرَدَّىٰ [SEP] إِذَا تَرَدَّىٰ,Medium,1,وما يغۡني عنۡه مالهۥٓ اذا تردا [SEP] اذا تردا
وَإِن طَلَّقْتُمُوهُنَّ مِن قَبْلِ أَن تَمَسُّوهُنَّ وَقَدْ فَرَضْتُمْ لَهُنَّ فَرِيضَةً فَنِصْفُ مَا فَرَضْتُمْ إِلَّا أَن يَعْفُونَ أَوْ يَعْفُوَا۟ ٱلَّذِى بِيَدِهِۦ عُقْدَةُ ٱلنِّكَاحِ ۚ وَأَن تَعْفُوٓا۟ أَقْرَبُ لِلتَّقْوَىٰ ۚ وَلَا تَنسَوُا۟ ٱلْفَضْلَ بَيْنَكُمْ ۚ إِنَّ ٱللَّهَ بِمَا تَعْمَلُونَ بَصِيرٌ [SEP] عُقْدَةُ ٱلنِّكَاحِ,Medium,1,وان طلقتموهن من قبل ان تمسوهن وقد فرضتم لهن فريضة فنصف ما فرضتم الا ان يعفون او يعفوا۟ الذا بيدهۦ عقدة النكاح ۚ وان تعفوٓا۟ اقرب للتقوا ۚ ولا تنسوا۟ الفضل بينكم ۚ ان الله بما تعملون بصير [SEP] عقدة النكاح
وَلَا تَتَّخِذُوٓا۟ أَيْمَٰنَكُمْ دَخَلًۢا بَيْنَكُمْ فَتَزِلَّ قَدَمٌۢ بَعْدَ ثُبُوتِهَا وَتَذُوقُوا۟ ٱلسُّوٓءَ بِمَا صَدَدتُّمْ عَن سَبِيلِ ٱللَّهِ ۖ وَلَكُمْ عَذَابٌ عَظِيمٌ [SEP] فَتَزِلَّ قَدَمٌ بَعْدَ ثُبُوتِهَا,High,2,ولا تتخذوٓا۟ ايمانكم دخلۢا بينكم فتزل قدمۢ بعد ثبوتها وتذوقوا۟ السوٓء بما صددتم عن سبيل الله ۖ ولكم عذاب عظيم [SEP] فتزل قدم بعد ثبوتها
تَكَادُ تَمَيَّزُ مِنَ ٱلْغَيْظِ ۖ كُلَّمَآ أُلْقِىَ فِيهَا فَوْجٌ سَأَلَهُمْ خَزَنَتُهَآ أَلَمْ يَأْتِكُمْ نَذِيرٌ [SEP] تَكَادُ تَمَيَّزُ مِنَ ٱلْغَيْظِ,Medium,1,تكاد تميز من الغيظ ۖ كلمآ القا فيها فوج سالهم خزنتهآ الم ياتكم نذير [SEP] تكاد تميز من الغيظ
رَبَّنَا ٱغْفِرْ لِى وَلِوَٰلِدَىَّ وَلِلْمُؤْمِنِينَ يَوْمَ يَقُومُ ٱلْحِسَابُ [SEP] يَقُومُ ٱلْحِسَابُ,Medium,1,ربنا اغفر لا ولوالدا وللمؤمنين يوم يقوم الحساب [SEP] يقوم الحساب
يَٰٓأَيُّهَا ٱلَّذِينَ ءَامَنُوا۟ لَا تَتَّخِذُوا۟ بِطَانَةً مِّن دُونِكُمْ لَا يَأْلُونَكُمْ خَبَالًا وَدُّوا۟ مَا عَنِتُّمْ قَدْ بَدَتِ ٱلْبَغْضَآءُ مِنْ أَفْوَٰهِهِمْ وَمَا تُخْفِى صُدُورُهُمْ أَكْبَرُ ۚ قَدْ بَيَّنَّا لَكُمُ ٱلْأَيَٰتِ ۖ إِن كُنتُمْ تَعْقِلُونَ [SEP] لَا تَتَّخِذُوا بِطَانَةً مِّن دُونِكُمْ,Medium,1,يآايها الذين ءامنوا۟ لا تتخذوا۟ بطانة من دونكم لا يالونكم خبالا ودوا۟ ما عنتم قد بدت البغضآء من افواههم وما تخفا صدورهم اكبر ۚ قد بينا لكم الايات ۖ ان كنتم تعقلون [SEP] لا تتخذوا بطانة من دونكم
إِنَّا جَعَلْنَا عَلَىٰ قُلُوبِهِمْ أَكِنَّةً أَن يَفْقَهُوهُ وَفِي آذَانِهِمْ وَقْرًا [SEP] إِنَّا جَعَلْنَا عَلَىٰ قُلُوبِهِمْ أَكِنَّةً أَن يَفْقَهُوهُ وَفِي آذَانِهِمْ وَقْرًا,High,2,انا جعلنا علا قلوبهم اكنة ان يفقهوه وفي اذانهم وقرا [SEP] انا جعلنا علا قلوبهم اكنة ان يفقهوه وفي اذانهم وقرا
يَٰٓأَيُّهَا ٱلَّذِينَ ءَامَنُوا۟ لَا يَحِلُّ لَكُمْ أَن تَرِثُوا۟ ٱلنِّسَآءَ كَرْهًا [SEP] لَا يَحِلُّ لَكُمْ أَن تَرِثُوا۟ ٱلنِّسَآءَ كَرْهًا,Medium,1,يآايها الذين ءامنوا۟ لا يحل لكم ان ترثوا۟ النسآء كرها [SEP] لا يحل لكم ان ترثوا۟ النسآء كرها
خَاشِعَةً أَبْصَارُهُمْ تَرْهَقُهُمْ ذِلَّةٌ ۚ ذَٰلِكَ الْيَوْمُ الَّذِي كَانُوا يُوعَدُونَ [SEP] تَرْهَقُهُمْ ذِلَّةٌ,Medium,1,خاشعة ابصارهم ترهقهم ذلة ۚ ذالك اليوم الذي كانوا يوعدون [SEP] ترهقهم ذلة
وَهُوَ ٱلَّذِى يَتَوَفَّىٰكُم بِٱلَّيْلِ وَيَعْلَمُ مَا جَرَحْتُم بِٱلنَّهَارِ ثُمَّ يَبْعَثُكُمْ فِيهِ لِيُقْضَىٰٓ أَجَلٌ مُّسَمًّى ۖ ثُمَّ إِلَيْهِ مَرْجِعُكُمْ ثُمَّ يُنَبِّئُكُم بِمَا كُنتُمْ تَعْمَلُونَ [SEP] وَيَعْلَمُ مَا جَرَحْتُم بِٱلنَّهَارِ,Low,0,وهو الذا يتوفاكم باليل ويعلم ما جرحتم بالنهار ثم يبعثكم فيه ليقضآ اجل مسما ۖ ثم اليه مرجعكم ثم ينبئكم بما كنتم تعملون [SEP] ويعلم ما جرحتم بالنهار
لِّيُنذِرَ مَن كَانَ حَيّٗا وَيَحِقَّ ٱلۡقَوۡلُ عَلَى ٱلۡكَٰفِرِينَ [SEP] لِّيُنذِرَ مَن كَانَ حَيّٗا,Medium,1,لينذر من كان حيٗا ويحق الۡقوۡل علا الۡكافرين [SEP] لينذر من كان حيٗا
...مِنۢ بَعْدِ أَن نَّزَغَ ٱلشَّيْطَٰنُ بَيْنِى وَبَيْنَ إِخْوَتِىٓ... [SEP] نَّزَغَ ٱلشَّيْطَٰنُ,Medium,1,...منۢ بعد ان نزغ الشيطان بينا وبين اخوتآ... [SEP] نزغ الشيطان
يُوسُفُ أَيُّهَا ٱلصِّدِّيقُ أَفْتِنَا فِى سَبْعِ بَقَرَٰتٍ سِمَانٍ يَأْكُلُهُنَّ سَبْعٌ عِجَافٌ وَسَبْعِ سُنۢبُلَٰتٍ خُضْرٍ وَأُخَرَ يَابِسَٰتٍ لَّعَلِّىٓ أَرْجِعُ إِلَى ٱلنَّاسِ لَعَلَّهُمْ يَعْلَمُونَ [SEP] يَأْكُلُهُنَّ سَبْعٌ عِجَافٌ,High,2,يوسف ايها الصديق افتنا فا سبع بقرات سمان ياكلهن سبع عجاف وسبع سنۢبلات خضر واخر يابسات لعلآ ارجع الا الناس لعلهم يعلمون [SEP] ياكلهن سبع عجاف
قَالُوا۟ بَشَّرْنَٰكَ بِٱلْحَقِّ فَلَا تَكُن مِّنَ ٱلْقَٰنِطِينَ [SEP] بَشَّرْنَٰكَ بِٱلْحَقِّ,Medium,1,قالوا۟ بشرناك بالحق فلا تكن من القانطين [SEP] بشرناك بالحق
وَنَضَعُ الْمَوَازِينَ الْقِسْطَ لِيَوْمِ الْقِيَامَةِ فَلَا تُظْلَمُ نَفْسٌ شَيْئًا ۖ وَإِن كَانَ مِثْقَالَ حَبَّةٍ مِّنْ خَرْدَلٍ أَتَيْنَا بِهَا ۗ وَكَفَىٰ بِنَا حَاسِبِينَ [SEP] وَنَضَعُ الْمَوَازِينَ الْقِسْطَ,Medium,1,ونضع الموازين القسط ليوم القيامة فلا تظلم نفس شيئا ۖ وان كان مثقال حبة من خردل اتينا بها ۗ وكفا بنا حاسبين [SEP] ونضع الموازين القسط
ثُمَّ يَأْتِى مِنۢ بَعْدِ ذَٰلِكَ سَبْعٌ شِدَادٌ يَأْكُلْنَ مَا قَدَّمْتُمْ لَهُنَّ إِلَّا قَلِيلًا مِّمَّا تُحْصِنُونَ [SEP] يَأْكُلْنَ مَا قَدَّمْتُمْ لَهُنَّ,Medium,1,ثم ياتا منۢ بعد ذالك سبع شداد ياكلن ما قدمتم لهن الا قليلا مما تحصنون [SEP] ياكلن ما قدمتم لهن
وَقَفَّيْنَا عَلَىٰٓ ءَاثَٰرِهِم بِعِيسَى ٱبْنِ مَرْيَمَ مُصَدِّقًا لِّمَا بَيْنَ يَدَيْهِ مِنَ ٱلتَّوْرَاةِ ۖ وَءَاتَيْنَٰهُ ٱلْإِنجِيلَ فِيهِ هُدًى وَنُورٌ وَمُصَدِّقًا لِّمَا بَيْنَ يَدَيْهِ مِنَ ٱلتَّوْرَاةِ وَهُدًى وَمَوْعِظَةً لِّلْمُتَّقِينَ [SEP] لِّمَا بَيْنَ يَدَيْهِ,High,2,وقفينا علآ ءاثارهم بعيسا ابن مريم مصدقا لما بين يديه من التوراة ۖ وءاتيناه الانجيل فيه هدا ونور ومصدقا لما بين يديه من التوراة وهدا وموعظة للمتقين [SEP] لما بين يديه
ٱلَّذِى خَلَقَ ٱلْمَوْتَ وَٱلْحَيَوٰةَ لِيَبْلُوَكُمْ أَيُّكُمْ أَحْسَنُ عَمَلًا ۚ وَهُوَ ٱلْعَزِيزُ ٱلْغَفُورُ [SEP] خَلَقَ الْمَوْتَ,Medium,1,الذا خلق الموت والحيواة ليبلوكم ايكم احسن عملا ۚ وهو العزيز الغفور [SEP] خلق الموت
وَجِيءَ يَوْمَئِذٍ بِجَهَنَّمَ [SEP] وَجِيءَ يَوْمَئِذٍ بِجَهَنَّمَ,Medium,1,وجيء يومئذ بجهنم [SEP] وجيء يومئذ بجهنم
أَفَمَنِ ٱتَّبَعَ رِضْوَٰنَ ٱللَّهِ كَمَنۢ بَآءَ بِسَخَطٍ مِّنَ ٱللَّهِ [SEP] أَفَمَنِ ٱتَّبَعَ رِضْوَٰنَ ٱللَّهِ,Medium,1,افمن اتبع رضوان الله كمنۢ بآء بسخط من الله [SEP] افمن اتبع رضوان الله
وَٱلَّذِينَ كَذَّبُوا۟ بِـَٔايَٰتِنَا سَنَسْتَدْرِجُهُم مِّنْ حَيْثُ لَا يَعْلَمُونَ [SEP] سَنَسْتَدْرِجُهُم,Medium,1,والذين كذبوا۟ بـٔاياتنا سنستدرجهم من حيث لا يعلمون [SEP] سنستدرجهم
وَأَمَّا ثَمُودُ فَهَدَيْنَاهُمْ فَاسْتَحَبُّوا الْعَمَىٰ عَلَى الْهُدَىٰ فَأَخَذَتْهُمْ صَاعِقَةُ الْعَذَابِ الْهُونِ بِمَا كَانُوا يَكْسِبُونَ [SEP] فَاسْتَحَبُّوا الْعَمَىٰ عَلَى الْهُدَىٰ,Medium,1,واما ثمود فهديناهم فاستحبوا العما علا الهدا فاخذتهم صاعقة العذاب الهون بما كانوا يكسبون [SEP] فاستحبوا العما علا الهدا
فَأَنجَيْنَاهُ وَمَن مَّعَهُ فِي الْفُلْكِ الْمَشْحُونِ [SEP] الْمَشْحُونِ,Medium,1,فانجيناه ومن معه في الفلك المشحون [SEP] المشحون
الْمُنَافِقُونَ وَالْمُنَافِقَاتُ بَعْضُهُم مِّن بَعْضٍ ۚ يَأْمُرُونَ بِالْمُنكَرِ وَيَنْهَوْنَ عَنِ الْمَعْرُوفِ وَيَقْبِضُونَ أَيْدِيَهُمْ ۚ نَسُوا اللَّهَ فَنَسِيَهُمْ ۗ إِنَّ الْمُنَافِقِينَ هُمُ الْفَاسِقُونَ [SEP] وَيَقْبِضُونَ أَيْدِيَهُمْ,Medium,1,المنافقون والمنافقات بعضهم من بعض ۚ يامرون بالمنكر وينهون عن المعروف ويقبضون ايديهم ۚ نسوا الله فنسيهم ۗ ان المنافقين هم الفاسقون [SEP] ويقبضون ايديهم
يَا نِسَاءَ النَّبِيِّ لَسْتُنَّ كَأَحَدٍ مِّنَ النِّسَاءِ ۚ إِنِ اتَّقَيْتُنَّ فَلَا تَخْضَعْنَ بِالْقَوْلِ فَيَطْمَعَ الَّذِي فِي قَلْبِهِ مَرَضٌ وَقُلْنَ قَوْلًا مَّعْرُوفًا [SEP] فَيَطْمَعَ الَّذِي فِي قَلْبِهِ مَرَضٌ,Medium,1,يا نساء النبي لستن كاحد من النساء ۚ ان اتقيتن فلا تخضعن بالقول فيطمع الذي في قلبه مرض وقلن قولا معروفا [SEP] فيطمع الذي في قلبه مرض
فَلَمَّا جَاءَتْهُمْ آيَاتُنَا مُبْصِرَةً قَالُوا هَٰذَا سِحْرٌ مُّبِينٌ [SEP] مُبْصِرَةً,Medium,1,فلما جاءتهم اياتنا مبصرة قالوا هاذا سحر مبين [SEP] مبصرة
سَيَقُولُونَ لِلَّهِ ۚ قُلْ فَأَنَّىٰ تُسْحَرُونَ [SEP] فَأَنَّىٰ تُسْحَرُونَ,Low,0,سيقولون لله ۚ قل فانا تسحرون [SEP] فانا تسحرون
اشْدُدْ بِهِ أَزْرِي [SEP] اشْدُدْ بِهِ أَزْرِي,Medium,1,اشدد به ازري [SEP] اشدد به ازري
أُولَٰئِكَ يُنَادَوْنَ مِن مَّكَانٍ بَعِيدٍ [SEP] أُولَٰئِكَ يُنَادَوْنَ مِن مَّكَانٍ بَعِيدٍ,High,2,اولائك ينادون من مكان بعيد [SEP] اولائك ينادون من مكان بعيد
۞ فَلْيُقَٰتِلْ فِى سَبِيلِ ٱللَّهِ ٱلَّذِينَ يَشْرُونَ ٱلْحَيَوٰةَ ٱلدُّنْيَا بِٱلْءَاخِرَةِ ۚ وَمَن يُقَٰتِلْ فِى سَبِيلِ ٱللَّهِ فَيُقْتَلْ أَوْ يَغْلِبْ فَسَوْفَ نُؤْتِيهِ أَجْرًا عَظِيمًا [SEP] ٱلَّذِينَ يَشْرُونَ ٱلْحَيَوٰةَ ٱلدُّنْيَا بِٱلْءَاخِرَةِ,Medium,1,۞ فليقاتل فا سبيل الله الذين يشرون الحيواة الدنيا بالءاخرة ۚ ومن يقاتل فا سبيل الله فيقتل او يغلب فسوف نؤتيه اجرا عظيما [SEP] الذين يشرون الحيواة الدنيا بالءاخرة
مَن كَانَ يُرِيدُ الْعِزَّةَ فَلِلَّهِ الْعِزَّةُ جَمِيعًا ۚ إِلَيْهِ يَصْعَدُ الْكَلِمُ الطَّيِّبُ وَالْعَمَلُ الصَّالِحُ يَرْفَعُهُ ۚ وَالَّذِينَ يَمْكُرُونَ السَّيِّئَاتِ لَهُمْ عَذَابٌ شَدِيدٌ ۖ وَمَكْرُ أُولَٰئِكَ هُوَ يَبُورُ [SEP] إِلَيْهِ يَصْعَدُ الْكَلِمُ الطَّيِّبُ وَالْعَمَلُ الصَّالِحُ يَرْفَعُهُ,Medium,1,من كان يريد العزة فلله العزة جميعا ۚ اليه يصعد الكلم الطيب والعمل الصالح يرفعه ۚ والذين يمكرون السيئات لهم عذاب شديد ۖ ومكر اولائك هو يبور [SEP] اليه يصعد الكلم الطيب والعمل الصالح يرفعه
إِنَّا نَحْنُ نَرِثُ الْأَرْضَ وَمَنْ عَلَيْهَا وَإِلَيْنَا يُرْجَعُونَ [SEP] نَرِثُ الْأَرْضَ,Medium,1,انا نحن نرث الارض ومن عليها والينا يرجعون [SEP] نرث الارض
وَمَا أَنتَ بِهَادِ ٱلْعُمْيِ عَن ضَلَٰلَتِهِمْ [SEP] الْعُمْيِ,Medium,1,وما انت بهاد العمي عن ضلالتهم [SEP] العمي
كِلْتَا ٱلْجَنَّتَيْنِ ءَاتَتْ أُكُلَهَا وَلَمْ تَظْلِم مِّنْهُ شَيْـًٔا ۚ وَفَجَّرْنَا خِلَٰلَهُمَا نَهَرًا [SEP] وَفَجَّرْنَا خِلَٰلَهُمَا نَهَرًا,Medium,1,كلتا الجنتين ءاتت اكلها ولم تظلم منه شيـٔا ۚ وفجرنا خلالهما نهرا [SEP] وفجرنا خلالهما نهرا
يَا بُنَيَّ إِنَّهَا إِن تَكُ مِثْقَالَ حَبَّةٍ مِّنْ خَرْدَلٍ فَتَكُن فِي صَخْرَةٍ أَوْ فِي السَّمَاوَاتِ أَوْ فِي الْأَرْضِ يَأْتِ بِهَا اللَّهُ ۚ إِنَّ اللَّهَ لَطِيفٌ خَبِيرٌ [SEP] يَأْتِ بِهَا اللَّهُ,Medium,1,يا بني انها ان تك مثقال حبة من خردل فتكن في صخرة او في السماوات او في الارض يات بها الله ۚ ان الله لطيف خبير [SEP] يات بها الله
وَنَجَّيْنَاهُ مِنَ الْقَرْيَةِ الَّتِي كَانَتْ تَعْمَلُ الْخَبَائِثَ [SEP] تَعْمَلُ الْخَبَائِثَ,Medium,1,ونجيناه من القرية التي كانت تعمل الخبائث [SEP] تعمل الخبائث
وَهُدُوا إِلَى الطَّيِّبِ مِنَ الْقَوْلِ وَهُدُوا إِلَىٰ صِرَاطِ الْحَمِيدِ [SEP] وَهُدُوا إِلَىٰ صِرَاطِ الْحَمِيدِ,Medium,1,وهدوا الا الطيب من القول وهدوا الا صراط الحميد [SEP] وهدوا الا صراط الحميد
فَأَرْسَلْنَا عَلَيْهِمْ رِيحًا صَرْصَرًا فِي أَيَّامٍ نَّحِسَاتٍ لِّنُذِيقَهُمْ عَذَابَ الْخِزْيِ فِي الْحَيَاةِ الدُّنْيَا ۖ وَلَعَذَابُ الْآخِرَةِ أَخْزَىٰ ۖ وَهُمْ لَا يُنصَرُونَ [SEP] لِّنُذِيقَهُمْ عَذَابَ الْخِزْيِ,Medium,1,فارسلنا عليهم ريحا صرصرا في ايام نحسات لنذيقهم عذاب الخزي في الحياة الدنيا ۖ ولعذاب الاخرة اخزا ۖ وهم لا ينصرون [SEP] لنذيقهم عذاب الخزي
ٱللَّهُ ٱلَّذِى جَعَلَ لَكُمُ ٱلَّيْلَ لِتَسْكُنُواْ فِيهِ وَٱلنَّهَارَ مُبْصِرًا ۚ إِنَّ ٱللَّهَ لَذُو فَضْلٍ عَلَى ٱلنَّاسِ وَلَٰكِنَّ أَكْثَرَ ٱلنَّاسِ لَا يَشْكُرُونَ [SEP] وَالنَّهَارَ مُبْصِرًا,Medium,1,الله الذا جعل لكم اليل لتسكنوا فيه والنهار مبصرا ۚ ان الله لذو فضل علا الناس ولاكن اكثر الناس لا يشكرون [SEP] والنهار مبصرا
وَدَاعِيًا إِلَى اللَّهِ بِإِذْنِهِ وَسِرَاجًا مُّنِيرًا [SEP] { وَسِرَاجًا مُّنِيرًا },Medium,1,وداعيا الا الله باذنه وسراجا منيرا [SEP] { وسراجا منيرا }
فَإِذَا النُّجُومُ طُمِسَتْ [SEP] {النُّجُومُ طُمِسَتْ},Medium,1,فاذا النجوم طمست [SEP] {النجوم طمست}
فَاهْدُوهُمْ إِلَىٰ صِرَاطِ الْجَحِيمِ [SEP] { فَاهْدُوهُمْ إِلَىٰ صِرَاطِ الْجَحِيمِ },Medium,1,فاهدوهم الا صراط الجحيم [SEP] { فاهدوهم الا صراط الجحيم }
وَإِذَا الْكَوَاكِبُ انتَثَرَتْ [SEP] وَإِذَا الْكَوَاكِبُ انتَثَرَتْ,Medium,1,واذا الكواكب انتثرت [SEP] واذا الكواكب انتثرت
إِذَا أُلْقُوا فِيهَا سَمِعُوا لَهَا شَهِيقًا وَهِيَ تَفُورُ [SEP] سَمِعُوا لَهَا شَهِيقًا وَهِيَ تَفُورُ,Medium,1,اذا القوا فيها سمعوا لها شهيقا وهي تفور [SEP] سمعوا لها شهيقا وهي تفور
فَأَخَذَتْهُمُ ٱلرَّجْفَةُ فَأَصْبَحُوا۟ فِى دَارِهِمْ جَٰثِمِينَ [SEP] فَأَخَذَتْهُمُ ٱلرَّجْفَةُ,Medium,1,فاخذتهم الرجفة فاصبحوا۟ فا دارهم جاثمين [SEP] فاخذتهم الرجفة
فَلَمَّا ذَهَبَ عَنْ إِبْرَٰهِيمَ ٱلرَّوْعُ وَجَآءَتْهُ ٱلْبُشْرَىٰ يُجَٰدِلُنَا فِى قَوْمِ لُوطٍ [SEP] فَلَمَّا ذَهَبَ عَنْ إِبْرَٰهِيمَ ٱلرَّوْعُ وَجَآءَتْهُ ٱلْبُشْرَىٰ,Medium,1,فلما ذهب عن ابراهيم الروع وجآءته البشرا يجادلنا فا قوم لوط [SEP] فلما ذهب عن ابراهيم الروع وجآءته البشرا
أَوَلَمْ يَرَوْا۟ إِلَىٰ مَا خَلَقَ ٱللَّهُ مِن شَىْءٍ يَتَفَيَّؤُا۟ ظِلَٰلُهُۥ عَنِ ٱلْيَمِينِ وَٱلشَّمَآئِلِ سُجَّدًا لِّلَّهِ وَهُمْ دَٰخِرُونَ [SEP] يَتَفَيَّؤُا۟ ظِلَٰلُهُۥ ... سُجَّدًا,Medium,1,اولم يروا۟ الا ما خلق الله من شاء يتفيؤا۟ ظلالهۥ عن اليمين والشمآئل سجدا لله وهم داخرون [SEP] يتفيؤا۟ ظلالهۥ ... سجدا
وَلَكُمْ فِى ٱلْقِصَاصِ حَيَوٰةٌ يَٰٓأُو۟لِى ٱلْأَلْبَٰبِ لَعَلَّكُمْ تَتَّقُونَ [SEP] وَلَكُمْ فِى ٱلْقِصَاصِ حَيَوٰةٌ,Medium,1,ولكم فا القصاص حيواة يآاو۟لا الالباب لعلكم تتقون [SEP] ولكم فا القصاص حيواة
إِنَّ ٱللَّهَ لَا يَغْفِرُ أَن يُشْرَكَ بِهِۦ وَيَغْفِرُ مَا دُونَ ذَٰلِكَ لِمَن يَشَآءُ ۚ وَمَن يُشْرِكْ بِٱللَّهِ فَقَدْ ضَلَّ ضَلَٰلًۢا بَعِيدًا [SEP] ضَلَّ ضَلَٰلًۢا بَعِيدًا,Medium,1,ان الله لا يغفر ان يشرك بهۦ ويغفر ما دون ذالك لمن يشآء ۚ ومن يشرك بالله فقد ضل ضلالۢا بعيدا [SEP] ضل ضلالۢا بعيدا
وَلَا تَجْعَلُوا۟ ٱللَّهَ عُرْضَةً لِّأَيْمَٰنِكُمْ أَن تَبَرُّوا۟ وَتَتَّقُوا۟ وَتُصْلِحُوا۟ بَيْنَ ٱلنَّاسِ ۗ وَٱللَّهُ سَمِيعٌ عَلِيمٌ [SEP] وَلَا تَجْعَلُوا۟ ٱللَّهَ عُرْضَةً لِّأَيْمَٰنِكُمْ,Medium,1,ولا تجعلوا۟ الله عرضة لايمانكم ان تبروا۟ وتتقوا۟ وتصلحوا۟ بين الناس ۗ والله سميع عليم [SEP] ولا تجعلوا۟ الله عرضة لايمانكم
فَأَقْبَلُواْ إِلَيْهِ يَزِفُّونَ [SEP] يَزِفُّونَ,Medium,1,فاقبلوا اليه يزفون [SEP] يزفون
مَن كَانَ يُرِيدُ حَرْثَ ٱلْءَاخِرَةِ نَزِدْ لَهُۥ فِى حَرْثِهِۦ ۖ وَمَن كَانَ يُرِيدُ حَرْثَ ٱلدُّنْيَا نُؤْتِهِۦ مِنْهَا وَمَا لَهُۥ فِى ٱلْءَاخِرَةِ مِن نَّصِيبٍ [SEP] مَن كَانَ يُرِيدُ حَرْثَ ٱلْءَاخِرَةِ... وَمَن كَانَ يُرِيدُ حَرْثَ ٱلدُّنْيَا,Medium,1,من كان يريد حرث الءاخرة نزد لهۥ فا حرثهۦ ۖ ومن كان يريد حرث الدنيا نؤتهۦ منها وما لهۥ فا الءاخرة من نصيب [SEP] من كان يريد حرث الءاخرة... ومن كان يريد حرث الدنيا
وَأَرْسَلْنَا ٱلرِّيَٰحَ لَوَٰقِحَ فَأَنزَلْنَا مِنَ ٱلسَّمَآءِ مَآءً فَأَسْقَيْنَٰكُمُوهُ وَمَآ أَنتُمْ لَهُۥ بِخَٰزِنِينَ [SEP] وَأَرْسَلْنَا الرِّيَاحَ لَوَاقِحَ,Medium,1,وارسلنا الرياح لواقح فانزلنا من السمآء مآء فاسقيناكموه ومآ انتم لهۥ بخازنين [SEP] وارسلنا الرياح لواقح
وَإِن جَنَحُوا۟ لِلسَّلْمِ فَٱجْنَحْ لَهَا وَتَوَكَّلْ عَلَى ٱللَّهِ ۚ إِنَّهُۥ هُوَ ٱلسَّمِيعُ ٱلْعَلِيمُ [SEP] وَإِن جَنَحُوا۟ لِلسَّلْمِ فَٱجْنَحْ لَهَا,Medium,1,وان جنحوا۟ للسلم فاجنح لها وتوكل علا الله ۚ انهۥ هو السميع العليم [SEP] وان جنحوا۟ للسلم فاجنح لها
وَمَن يَكْسِبْ خَطِيٓـَٔةً أَوْ إِثْمًا ثُمَّ يَرْمِ بِهِۦ بَرِيٓـًٔا فَقَدِ ٱحْتَمَلَ بُهْتَٰنًا وَإِثْمًا مُّبِينًا [SEP] ثُمَّ يَرْمِ بِهِۦ بَرِيٓـًٔا,Medium,1,ومن يكسب خطيٓـٔة او اثما ثم يرم بهۦ بريٓـٔا فقد احتمل بهتانا واثما مبينا [SEP] ثم يرم بهۦ بريٓـٔا
وَإِذَا تُتْلَىٰ عَلَيْهِمْ آيَاتُنَا بَيِّنَاتٍ تَعْرِفُ فِي وُجُوهِ الَّذِينَ كَفَرُوا الْمُنكَرَ ۖ يَكَادُونَ يَسْطُونَ بِالَّذِينَ يَتْلُونَ عَلَيْهِمْ آيَاتِنَا [SEP] يَكَادُونَ يَسْطُونَ بِالَّذِينَ يَتْلُونَ عَلَيْهِمْ آيَاتِنَا,Medium,1,واذا تتلا عليهم اياتنا بينات تعرف في وجوه الذين كفروا المنكر ۖ يكادون يسطون بالذين يتلون عليهم اياتنا [SEP] يكادون يسطون بالذين يتلون عليهم اياتنا
وَإِذَا ٱلنُّجُومُ ٱنكَدَرَتْ [SEP] وَإِذَا النُّجُومُ انكَدَرَتْ,Medium,1,واذا النجوم انكدرت [SEP] واذا النجوم انكدرت
فَذَرْهُمْ فِي غَمْرَتِهِمْ حَتَّىٰ حِينٍ [SEP] فِي غَمْرَتِهِمْ,Low,0,فذرهم في غمرتهم حتا حين [SEP] في غمرتهم
يَٰبَنِىَّ ٱذْهَبُوا۟ فَتَحَسَّسُوا۟ مِن يُوسُفَ وَأَخِيهِ وَلَا تَا۟يْـَٔسُوا۟ مِن رَّوْحِ ٱللَّهِ ۖ إِنَّهُۥ لَا يَا۟يْـَٔسُ مِن رَّوْحِ ٱللَّهِ إِلَّا ٱلْقَوْمُ ٱلْكَٰفِرُونَ [SEP] وَلَا تَا۟يْـَٔسُوا۟ مِن رَّوْحِ ٱللَّهِ,Medium,1,يابنا اذهبوا۟ فتحسسوا۟ من يوسف واخيه ولا تا۟يـٔسوا۟ من روح الله ۖ انهۥ لا يا۟يـٔس من روح الله الا القوم الكافرون [SEP] ولا تا۟يـٔسوا۟ من روح الله
